Minute,Forecast_SM,Cluster_Used
1,0.4354139297403413,2
2,0.4340057148364235,1
3,0.43397516814395226,1
4,0.4335707647257913,1
5,0.43344715039624737,1
6,0.4334049034424343,1
7,0.4333910922433372,1
8,0.43338430164165004,1
9,0.43377262518642856,1
10,0.4338981526221576,1
11,0.43395200202303963,1
12,0.4339627655585065,2
13,0.43395556166948596,2
14,0.43354936190542054,1
15,0.433405429524605,1
16,0.43333834611695715,1
17,0.43333371580076646,1
18,0.4334047518743717,1
19,0.43357998746615684,1
20,0.43380999288232036,1
21,0.43393806525156514,1
22,0.4340852611923792,1
23,0.4342523755558814,2
24,0.4342342891680892,1
25,0.4342533021478453,1
26,0.4342944171878423,2
27,0.4343784911990626,1
28,0.4343060310906369,2
29,0.43439170185377224,1
30,0.43447901298870095,2
31,0.4346687766436466,1
32,0.43477151952224846,1
33,0.4349471904316087,1
34,0.4350575760416448,1
35,0.43507108410461676,1
36,0.43506527517049765,1
37,0.4350612982712745,1
38,0.43507123038542134,1
39,0.43506822546045987,1
40,0.43506121191272723,1
41,0.4350489763165132,1
42,0.43504813388007235,1
43,0.4350455061128479,1
44,0.43504855157345407,1
45,0.43505518443861096,1
46,0.4350546583564403,1
47,0.4350443534906047,1
48,0.4350280061700885,1
49,0.43501239465964353,1
50,0.43500057146955323,1
51,0.434991735580231,1
52,0.4349839218941215,1
53,0.4349787491933814,1
54,0.43497619280414,1
55,0.4349763020741386,1
56,0.4349761593181727,1
57,0.43497593637212717,1
58,0.43497663869623104,1
59,0.4349793008306324,1
60,0.4349836760366247,1
61,0.43499153202079816,1
62,0.4350017425971995,1
63,0.43501300798157116,1
64,0.435024510411343,1
65,0.4350354418172512,1
66,0.4350474835473387,1
67,0.4350591648626728,1
68,0.435068438713199,1
69,0.4349666977699876,1
70,0.4347621055593853,1
71,0.43450413980112074,0
72,0.4342205687335877,0
73,0.4339256419576922,0
74,0.43373289761105094,0
75,0.4336376212219501,0
76,0.43359137049201896,0
77,0.4335682682588071,0
78,0.4335549593492198,0
79,0.4335447042717303,0
80,0.4335367125812683,0
81,0.4335305300142508,0
82,0.4335251484668198,0
83,0.4335205846819589,0
84,0.43351844025823644,0
85,0.43351832217614117,0
86,0.4335192104354846,0
87,0.4335208159994963,0
88,0.43352250792205527,0
89,0.4335235653736546,0
90,0.4335223968896373,0
91,0.4335188905563758,0
92,0.4335160292685899,0
93,0.4335150528882799,0
94,0.4335145893719955,0
95,0.4335140606461958,0
96,0.43351451975643185,0
97,0.4335154124218236,0
98,0.43351737399454043,0
99,0.43352130330844163,0
100,0.4335268293742579,0
101,0.4335314063772637,0
102,0.43353304807087173,0
103,0.433531585262826,0
104,0.43352899979366555,0
105,0.4335273448819126,0
106,0.4335273995169119,0
107,0.43352868520181476,0
108,0.4335295386533764,0
109,0.43352842921040674,0
110,0.4335253674474218,0
111,0.43352326928720675,0
112,0.43352421130033986,0
113,0.43352802032912163,0
114,0.4335330749477665,0
115,0.4335371756569478,0
116,0.4335380524605656,0
117,0.4335354299805992,0
118,0.43353116228218624,0
119,0.43352719948231766,0
120,0.43352490789658094,0
121,0.4335238442765139,0
122,0.4335226934166899,0
123,0.43352085080727815,0
124,0.4335186583576288,0
125,0.4335167113248715,0
126,0.43351616938092685,0
127,0.4335178595410665,0
128,0.4335212539607004,0
129,0.4336304680024854,0
130,0.43383080881705344,0
131,0.43407214086166035,3
132,0.4343375206774509,3
133,0.4346210322633315,3
134,0.4348072296627583,3
135,0.43490009285918846,3
136,0.43494738385713044,3
137,0.43496760233170984,3
138,0.434966474823942,3
139,0.4349372962094775,3
140,0.4349054567824261,3
141,0.43489741133817444,3
142,0.434893049790932,3
143,0.4348592258797125,3
144,0.4348188184510774,3
145,0.43476854059297215,3
146,0.4346910523021916,3
147,0.4346055793706264,3
148,0.4345341018109784,3
149,0.4344666430080128,3
150,0.43439051530495676,3
151,0.4342988144240762,3
152,0.4342011433477077,3
153,0.43411924944920144,3
154,0.4340525973936852,3
155,0.4339948129510391,3
156,0.43394649358141674,3
157,0.4339038492020442,3
158,0.43386520639576553,3
159,0.43383604452428465,3
160,0.43381816125532047,3
161,0.43381018718905173,3
162,0.43380947208740767,3
163,0.43381227080930723,3
164,0.43382513426740843,3
165,0.4338581818329121,3
166,0.43390821515533506,3
167,0.433963460832933,3
168,0.4340144608423597,3
169,0.43405429460350214,3
170,0.43408089523908844,3
171,0.4340968962442058,3
172,0.4341065578269852,3
173,0.4341144816643029,3
174,0.4341220287844884,3
175,0.4341272781504694,3
176,0.43413341004793116,3
177,0.4341446551644805,3
178,0.43415946301170993,3
179,0.43417622670379336,3
180,0.4341933340676466,3
181,0.4342083534051959,3
182,0.4342198536319436,3
183,0.43422727606096134,3
184,0.4342287014175963,3
185,0.43422453461769006,3
186,0.43421577803723777,3
187,0.4342050603246736,3
188,0.4341962094547871,3
189,0.4341907181967527,3
190,0.43418863986375517,3
191,0.4341904749828849,3
192,0.43419535071596754,3
193,0.43420117198702185,3
194,0.4342071981393236,3
195,0.43421217917696137,3
196,0.43421373451202205,3
197,0.43421032467121906,3
198,0.43420261452724535,3
199,0.43419259473273675,3
200,0.4341822651930305,3
201,0.4341727591437572,3
202,0.43416501507321137,3
203,0.4341601129038387,3
204,0.4341581817328554,3
205,0.4341587787524042,3
206,0.4341612597982192,3
207,0.43416430702124464,3
208,0.43416619721597843,3
209,0.434165791859532,3
210,0.4341628054399736,3
211,0.43415777373278003,3
212,0.43415142109229693,3
213,0.43414414450347893,3
214,0.4341366110420433,3
215,0.43413006850087726,3
216,0.4341257166469411,3
217,0.4341241798172834,3
218,0.4341253377267847,3
219,0.4341283003536821,3
220,0.43413182915779014,3
221,0.43413477812593776,3
222,0.43413641629470706,3
223,0.43413659297724516,3
224,0.43413539585391375,3
225,0.43413288572817976,3
226,0.4341293846821763,3
227,0.43412564923440167,3
228,0.4341225539854494,3
229,0.4341207858382543,3
230,0.4341206307453531,3
231,0.4341220296656981,3
232,0.4341249363357817,3
233,0.4341293000860484,3
234,0.43413477239807496,3
235,0.43414076770803844,3
236,0.43414656033977866,3
237,0.434151273049073,3
238,0.43415425197834934,3
239,0.43415546276043065,3
240,0.43415541561571347,3
241,0.4341548569287852,3
242,0.43415442381423425,3
243,0.434154519425483,3
244,0.4341554217841811,3
245,0.43415726615601236,3
246,0.43415994503339733,3
247,0.43416311606638086,3
248,0.4341662641879131,3
249,0.43416883379529947,3
250,0.43417042525995647,3
251,0.434170853968459,3
252,0.4341701820460886,3
253,0.4341687157132042,3
254,0.43416689733705816,3
255,0.43416527018340967,3
256,0.4341646172070471,3
257,0.4341657055009847,3
258,0.4341687778384857,3
259,0.43417350200350574,3
260,0.43417916201319123,3
261,0.4341847673878774,3
262,0.43418936950535875,3
263,0.43419247400701244,3
264,0.43419404784747617,3
265,0.43419429634860196,3
266,0.43419350942837015,3
267,0.434192113592259,3
268,0.4341907278900591,3
269,0.4341899264298677,3
270,0.4341899956048265,3
271,0.4341909671384834,3
272,0.4341926749228163,3
273,0.4341947113983547,3
274,0.43419651964058964,3
275,0.43419762291509156,3
276,0.43419770663000984,3
277,0.43419657075075024,3
278,0.4341941720980391,3
279,0.43419080323348547,3
280,0.43418705324575135,3
281,0.43418352400103855,3
282,0.4341806120436968,3
283,0.43417852181436883,3
284,0.4341772982547474,3
285,0.43417680565854405,3
286,0.434176829451205,3
287,0.4341771453648703,3
288,0.43417751106688174,3
289,0.4341776599913153,3
290,0.4341774031186976,3
291,0.4341766761207231,3
292,0.4341753172954179,3
293,0.43417317022806645,3
294,0.43417040499213416,3
295,0.43416730709955287,3
296,0.4341641453192709,3
297,0.4341614439710394,3
298,0.4341597617417868,3
299,0.43415920173304395,3
300,0.4341595550981201,3
301,0.43416051737907546,3
302,0.4341618026233735,3
303,0.434163123556663,3
304,0.43416414311624674,3
305,0.4341646828571672,3
306,0.4341648225288993,3
307,0.4341646881444252,3
308,0.434164443168138,3
309,0.43416441144459006,3
310,0.43416484984639897,3
311,0.43416580419646733,3
312,0.4341672180973767,3
313,0.43416901884932935,3
314,0.43417113903978605,3
315,0.4341734614678611,3
316,0.4341757349887997,3
317,0.43417768863062944,3
318,0.4341791690628685,3
319,0.43418012076930795,3
320,0.43418060719704366,3
321,0.4341807993007509,3
322,0.434180870238129,3
323,0.4341809447003458,3
324,0.43418109714961806,3
325,0.4341813593094937,3
326,0.4341817558538435,3
327,0.4341822444846033,3
328,0.43418265248467874,3
329,0.43418277541342715,3
330,0.43418250223843063,3
331,0.434181836043923,3
332,0.43418087376296766,3
333,0.43417975947334486,3
334,0.4341786315249722,3
335,0.43417760050966286,3
336,0.4341767356023756,3
337,0.43417608086359366,3
338,0.43417567682896174,3
339,0.4341755142457783,3
340,0.434175496621585,3
341,0.4341754970621899,3
342,0.43417541599090054,3
343,0.43417519612908884,3
344,0.43417483351131125,3
345,0.4341743594205109,3
346,0.43417382188261455,3
347,0.43417328831016166,3
348,0.4341728406556513,3
349,0.4341725560249292,3
350,0.4341724864093655,3
351,0.43417262784351696,3
352,0.43417292084573095,3
353,0.4341732817010892,3
354,0.43417362052620584,3
355,0.43417386858672685,3
356,0.4341739915154753,3
357,0.43417397917853995,3
358,0.43417384347225135,3
359,0.4341736324225363,3
360,0.4341734240164503,3
361,0.4341733006470971,3
362,0.43417332135552417,3
363,0.4341735015629009,3
364,0.43417382056080006,3
365,0.43417423120450443,3
366,0.4341746709281279,3
367,0.4341750754033646,3
368,0.43417539307944925,3
369,0.4341755873861806,3
370,0.43417564554601856,3
371,0.4341755913516241,3
372,0.4341754763537627,3
373,0.4341753670837641,3
374,0.43417532126086145,3
375,0.4341753745740462,3
376,0.43417553759783445,3
377,0.4341758037231536,3
378,0.43417614078585093,3
379,0.4341764972351609,3
380,0.43417681314882617,3
381,0.434177035213662,3
382,0.4341771334685398,3
383,0.4341771087946692,3
384,0.43417699555922706,3
385,0.4341768466347935,3
386,0.4341767144533436,3
387,0.4341766386693123,3
388,0.43417664704080416,3
389,0.4341767479393109,3
390,0.4341769303497118,3
391,0.43417716387027333,3
392,0.43417740399990734,3
393,0.434177602712687,3
394,0.4341777225572016,3
395,0.4341777445874433,3
396,0.4341776696846216,3
397,0.4341775172353494,3
398,0.4341773185225697,3
399,0.43417711099769335,3
400,0.43417693299334076,3
401,0.43417681667366487,3
402,0.4341767783410444,3
403,0.43417681403003583,3
404,0.43417690038858314,3
405,0.4341769999652754,3
406,0.4341770770711212,3
407,0.43417710394801595,3
408,0.434177064293581,3
409,0.4341769559047921,3
410,0.4341767911185845,3
411,0.4341765932870145,3
412,0.43417639325242025,3
413,0.4341762245007692,3
414,0.4341761134683513,3
415,0.434176074695126,3
416,0.4341761055374643,3
417,0.4341761896929874,3
418,0.4341762994035908,3
419,0.4341764033863314,3
420,0.4341764677146371,3
421,0.4341764659522177,3
422,0.4341763870839526,3
423,0.434176238159519,3
424,0.4341760420903683,3
425,0.4341758367685161,3
426,0.4341756605265829,3
427,0.4341755420038828,3
428,0.4341754983840043,3
429,0.43417553010755233,3
430,0.4341756230751721,3
431,0.4341757534942027,3
432,0.4341758887598864,3
433,0.43417599582686084,3
434,0.43417605178367463,3
435,0.4341760451746021,3
436,0.43417598084629655,3
437,0.43417587906658006,3
438,0.434175768474767,3
439,0.434175678591381,3
440,0.43417563629331707,3
441,0.43417565876416353,3
442,0.4341757508505737,3
443,0.4341759019780314,3
444,0.43417608923508544,3
445,0.43417628045758305,3
446,0.43417644524379057,3
447,0.4341765611228617,3
448,0.43417661663907064,3
449,0.4341766135548368,3
450,0.4341765659695148,3
451,0.43417649503213673,3
452,0.43417642365415376,3
453,0.4341763756282269,3
454,0.43417636681613025,3
455,0.4341764051487508,3
456,0.4341764857794352,3
457,0.4341765950494338,3
458,0.4341767140127387,3
459,0.4341768210797132,3
460,0.43417689730434933,3
461,0.4341769294685021,3
462,0.43417691360672817,3
463,0.434176853243866,3
464,0.43417676336048006,3
465,0.43417666202136845,3
466,0.43417657081616795,3
467,0.43417650604725755,3
468,0.4341764769673385,3
469,0.4341764848982255,3
470,0.4341765227902412,3
471,0.4341765756628212,3
472,0.4341766267729818,3
473,0.43417666114015874,3
474,0.4341766655462071,3
475,0.43417663426326397,3
476,0.4341765703755632,3
477,0.43417648357641103,3
478,0.4341763870839526,3
479,0.434176296319357,3
480,0.4341762253819789,3
481,0.43417618352451975,3
482,0.4341761742718182,3
483,0.4341761940990357,3
484,0.43417623331286587,3
485,0.43417627913576856,3
486,0.43417631923080835,3
487,0.43417634214225964,3
488,0.43417634214225964,3
489,0.434176320112018,3
490,0.4341762808981878,3
491,0.43417623331286587,3
492,0.4341761883711729,3
493,0.4341761579694394,3
494,0.43417615047915725,3
495,0.43417616942516507,3
496,0.43417621128262424,3
497,0.4341762694424622,3
498,0.4341763337707678,3
499,0.4341763923712106,3
500,0.4341764368722988,3
501,0.4341764619867743,3
502,0.4341764668334274,3
503,0.4341764536152824,3
504,0.4341764298226214,3
505,0.4341764042675411,3
506,0.4341763857621381,3
507,0.43417638091548494,3
508,0.43417639325242025,3
509,0.4341764210105247,3
510,0.4341764597837501,3
511,0.43417650296302374,3
512,0.4341765426174587,3
513,0.43417657169737767,3
514,0.43417658579673235,3
515,0.43417658315310337,3
516,0.4341765659695148,3
517,0.4341765395332249,3
518,0.4341765104533059,3
519,0.4341764857794352,3
520,0.4341764712394757,3
521,0.4341764690364516,3
522,0.43417647961096756,3
523,0.4341764994381851,3
524,0.4341765241120557,3
525,0.43417654658290217,3
526,0.4341765620040713,3
527,0.43417656641011965,3
528,0.43417655891983753,3
529,0.43417653997382966,3
530,0.43417651397814455,3
531,0.4341764866606449,3
532,0.4341764619867743,3
533,0.43417644480318573,3
534,0.43417643775350845,3
535,0.4341764412783471,3
536,0.43417645273407274,3
537,0.4341764681552419,3
538,0.43417648313580626,3
539,0.4341764941509271,3
540,0.4341764972351609,3
541,0.43417649062608843,3
542,0.43417647652673375,3
543,0.43417645714012104,3
544,0.4341764355504843,3
545,0.4341764161638716,3
546,0.4341764033863314,3
547,0.4341763989802831,3
548,0.4341764025051218,3
549,0.43417641263903295,3
550,0.4341764271789924,3
551,0.4341764412783471,3
552,0.4341764509716534,3
553,0.4341764549370969,3
554,0.4341764522934679,3
555,0.4341764430407664,3
556,0.4341764298226214,3
557,0.4341764157232668,3
558,0.4341764033863314,3
559,0.43417639545544445,3
560,0.43417639325242025,3
561,0.4341763980990735,3
562,0.4341764091141943,3
563,0.4341764227729441,3
564,0.4341764364316939,3
565,0.4341764478874196,3
566,0.43417645405588723,3
567,0.43417645449649206,3
568,0.43417645009044376,3
569,0.4341764426001616,3
570,0.43417643422866975,3
571,0.4341764271789924,3
572,0.4341764232135489,3
573,0.4341764245353634,3
574,0.43417643070383105,3
575,0.43417644039713743,3
576,0.43417645273407274,3
577,0.4341764646304032,3
578,0.4341764743237096,3
579,0.43417647961096756,3
580,0.4341764804921772,3
581,0.43417647652673375,3
582,0.43417647035826606,3
583,0.4341764628679839,3
584,0.43417645669951627,3
585,0.4341764531746776,3
586,0.43417645405588723,3
587,0.43417645846193553,3
588,0.43417646551161293,3
589,0.4341764743237096,3
590,0.43417648357641103,3
591,0.43417649062608843,3
592,0.4341764941509271,3
593,0.4341764937103222,3
594,0.43417648886366905,3
595,0.43417648093278205,3
596,0.43417647168008056,3
597,0.4341764633085887,3
598,0.43417645802133076,3
599,0.43417645669951627,3
600,0.43417645846193553,3
601,0.4341764628679839,3
602,0.4341764690364516,3
603,0.43417647520491925,3
604,0.4341764800515724,3
605,0.43417648181399177,3
606,0.4341764800515724,3
607,0.43417647476431437,3
608,0.4341764668334274,3
609,0.43417645802133076,3
610,0.43417645009044376,3
611,0.43417644436258096,3
612,0.4341764417189519,3
613,0.4341764426001616,3
614,0.43417644568439545,3
615,0.43417645141225825,3
616,0.4341764575807259,3
617,0.4341764628679839,3
618,0.43417646551161293,3
619,0.43417646507100804,3
620,0.4341764615461694,3
621,0.43417645581830655,3
622,0.4341764492092341,3
623,0.4341764430407664,3
624,0.43417643907532294,3
625,0.4341764368722988,3
626,0.4341764381941132,3
627,0.43417644215955675,3
628,0.4341764483280244,3
629,0.43417645449649206,3
630,0.4341764606649597,3
631,0.4341764646304032,3
632,0.4341764659522177,3
633,0.4341764646304032,3
634,0.4341764619867743,3
635,0.4341764575807259,3
636,0.4341764531746776,3
637,0.43417644964983887,3
638,0.4341764478874196,3
639,0.4341764483280244,3
640,0.4341764518528631,3
641,0.43417645714012104,3
642,0.4341764633085887,3
643,0.43417646859584674,3
644,0.4341764730018951,3
645,0.43417647520491925,3
646,0.43417647476431437,3
647,0.4341764725612902,3
648,0.43417646947705635,3
649,0.43417646551161293,3
650,0.4341764615461694,3
651,0.43417645934314525,3
652,0.4341764589025404,3
653,0.4341764602243549,3
654,0.4341764628679839,3
655,0.4341764659522177,3
656,0.43417646947705635,3
657,0.4341764721206854,3
658,0.4341764734424999,3
659,0.4341764730018951,3
660,0.43417647168008056,3
661,0.4341764681552419,3
662,0.43417646418979844,3
663,0.4341764606649597,3
664,0.43417645802133076,3
665,0.43417645669951627,3
666,0.43417645714012104,3
667,0.43417645846193553,3
668,0.4341764602243549,3
669,0.43417646242737906,3
670,0.43417646418979844,3
671,0.43417646551161293,3
672,0.43417646551161293,3
673,0.4341764646304032,3
674,0.43417646242737906,3
675,0.4341764602243549,3
676,0.4341764575807259,3
677,0.43417645581830655,3
678,0.43417645449649206,3
679,0.43417645405588723,3
680,0.43417645449649206,3
681,0.4341764562589114,3
682,0.43417645846193553,3
683,0.43417646110556457,3
684,0.43417646374919355,3
685,0.43417646507100804,3
686,0.4341764646304032,3
687,0.43417646374919355,3
688,0.4341764615461694,3
689,0.4341764597837501,3
690,0.43417645846193553,3
691,0.4341764575807259,3
692,0.43417645669951627,3
693,0.43417645669951627,3
694,0.43417645714012104,3
695,0.43417645802133076,3
696,0.4341764597837501,3
697,0.4341764615461694,3
698,0.4341764633085887,3
699,0.43417646374919355,3
700,0.4341764633085887,3
701,0.4341764619867743,3
702,0.4341764606649597,3
703,0.43417645934314525,3
704,0.43417645846193553,3
705,0.43417645846193553,3
706,0.43417645934314525,3
707,0.4341764602243549,3
708,0.4341764615461694,3
709,0.4341764628679839,3
710,0.4341764633085887,3
711,0.43417646374919355,3
712,0.43417646374919355,3
713,0.4341764633085887,3
714,0.4341764628679839,3
715,0.4341764628679839,3
716,0.4341764619867743,3
717,0.4341764615461694,3
718,0.43417646110556457,3
719,0.43417646110556457,3
720,0.43417646110556457,3
721,0.4341764619867743,3
722,0.4341764628679839,3
723,0.43417646374919355,3
724,0.43417646374919355,3
725,0.43417646374919355,3
726,0.4341764633085887,3
727,0.4341764628679839,3
728,0.43417646242737906,3
729,0.43417646242737906,3
730,0.43417646242737906,3
731,0.43417646242737906,3
732,0.43417646242737906,3
733,0.43417646242737906,3
734,0.43417646242737906,3
735,0.43417646242737906,3
736,0.43417646242737906,3
737,0.43417646242737906,3
738,0.43417646242737906,3
739,0.43417646242737906,3
740,0.43417646242737906,3
741,0.43417646242737906,3
742,0.43417646242737906,3
743,0.43417646242737906,3
744,0.43417646242737906,3
745,0.43417646242737906,3
746,0.43417646242737906,3
747,0.43417646242737906,3
748,0.43417646242737906,3
749,0.43417646242737906,3
750,0.43417646242737906,3
751,0.43417646242737906,3
752,0.43417646242737906,3
753,0.43417646242737906,3
754,0.4341764619867743,3
755,0.4341764619867743,3
756,0.4341764619867743,3
757,0.4341764619867743,3
758,0.4341764619867743,3
759,0.4341764628679839,3
760,0.4341764628679839,3
761,0.4341764628679839,3
762,0.4341764628679839,3
763,0.4341764628679839,3
764,0.43417646242737906,3
765,0.43417646242737906,3
766,0.43417646242737906,3
767,0.43417646242737906,3
768,0.43417646242737906,3
769,0.43417646242737906,3
770,0.43417646242737906,3
771,0.43417646242737906,3
772,0.43417646242737906,3
773,0.43417646242737906,3
774,0.43417646242737906,3
775,0.43417646242737906,3
776,0.43417646242737906,3
777,0.43417646242737906,3
778,0.43417646242737906,3
779,0.43417646242737906,3
780,0.43417646242737906,3
781,0.4341764628679839,3
782,0.4341764628679839,3
783,0.4341764628679839,3
784,0.43417646242737906,3
785,0.4341764619867743,3
786,0.43417646110556457,3
787,0.43417646110556457,3
788,0.43417646110556457,3
789,0.4341764615461694,3
790,0.4341764619867743,3
791,0.4341764619867743,3
792,0.4341764615461694,3
793,0.43417646110556457,3
794,0.43417646110556457,3
795,0.43417646110556457,3
796,0.4341764615461694,3
797,0.4341764619867743,3
798,0.43417646242737906,3
799,0.43417646242737906,3
800,0.43417646242737906,3
801,0.43417646242737906,3
802,0.43417646242737906,3
803,0.43417646242737906,3
804,0.43417646242737906,3
805,0.43417646242737906,3
806,0.43417646242737906,3
807,0.43417646242737906,3
808,0.43417646242737906,3
809,0.43417646242737906,3
810,0.43417646242737906,3
811,0.4341764628679839,3
812,0.4341764633085887,3
813,0.4341764633085887,3
814,0.4341764633085887,3
815,0.4341764633085887,3
816,0.4341764628679839,3
817,0.43417646242737906,3
818,0.43417646242737906,3
819,0.43417646242737906,3
820,0.43417646242737906,3
821,0.43417646242737906,3
822,0.43417646242737906,3
823,0.43417646242737906,3
824,0.43417646242737906,3
825,0.43417646242737906,3
826,0.43417646242737906,3
827,0.43417646242737906,3
828,0.43417646242737906,3
829,0.43417646242737906,3
830,0.43417646242737906,3
831,0.43417646242737906,3
832,0.4341764619867743,3
833,0.4341764615461694,3
834,0.43417646110556457,3
835,0.4341764606649597,3
836,0.4341764602243549,3
837,0.4341764606649597,3
838,0.43417646110556457,3
839,0.4341764615461694,3
840,0.4341764619867743,3
841,0.43417646242737906,3
842,0.43417646242737906,3
843,0.43417646242737906,3
844,0.43417646242737906,3
845,0.43417646242737906,3
846,0.43417646242737906,3
847,0.43417646242737906,3
848,0.43417646242737906,3
849,0.43417646242737906,3
850,0.43417646242737906,3
851,0.43417646242737906,3
852,0.43417646242737906,3
853,0.43417646242737906,3
854,0.43417646242737906,3
855,0.43417646242737906,3
856,0.43417646242737906,3
857,0.4341764619867743,3
858,0.4341764619867743,3
859,0.4341764619867743,3
860,0.4341764615461694,3
861,0.43417646110556457,3
862,0.43417646110556457,3
863,0.4341764606649597,3
864,0.4341764602243549,3
865,0.4341764602243549,3
866,0.4341764602243549,3
867,0.4341764606649597,3
868,0.43417646110556457,3
869,0.4341764615461694,3
870,0.43417646242737906,3
871,0.4341764628679839,3
872,0.4341764628679839,3
873,0.4341764628679839,3
874,0.4341764628679839,3
875,0.43417646242737906,3
876,0.43417646242737906,3
877,0.43417646242737906,3
878,0.43417646242737906,3
879,0.43417646242737906,3
880,0.43417646242737906,3
881,0.4341764628679839,3
882,0.4341764633085887,3
883,0.4341764633085887,3
884,0.4341764633085887,3
885,0.4341764633085887,3
886,0.4341764628679839,3
887,0.43417646242737906,3
888,0.43417646242737906,3
889,0.43417646242737906,3
890,0.43417646242737906,3
891,0.4341764619867743,3
892,0.4341764615461694,3
893,0.43417646110556457,3
894,0.4341764606649597,3
895,0.4341764602243549,3
896,0.4341764602243549,3
897,0.4341764602243549,3
898,0.4341764602243549,3
899,0.4341764602243549,3
900,0.4341764602243549,3
901,0.4341764606649597,3
902,0.43417646110556457,3
903,0.4341764615461694,3
904,0.4341764619867743,3
905,0.43417646242737906,3
906,0.43417646242737906,3
907,0.43417646242737906,3
908,0.43417646242737906,3
909,0.43417646242737906,3
910,0.43417646242737906,3
911,0.43417646242737906,3
912,0.43417646242737906,3
913,0.43417646242737906,3
914,0.43417646242737906,3
915,0.43417646242737906,3
916,0.4341764628679839,3
917,0.4341764628679839,3
918,0.4341764628679839,3
919,0.4341764628679839,3
920,0.4341764628679839,3
921,0.43417646242737906,3
922,0.43417646242737906,3
923,0.43417646242737906,3
924,0.43417646242737906,3
925,0.43417646242737906,3
926,0.43417646242737906,3
927,0.43417646242737906,3
928,0.4341764628679839,3
929,0.4341764633085887,3
930,0.4341764633085887,3
931,0.4341764633085887,3
932,0.4341764633085887,3
933,0.4341764628679839,3
934,0.43417646242737906,3
935,0.43417646242737906,3
936,0.43417646242737906,3
937,0.43417646242737906,3
938,0.43417646242737906,3
939,0.43417646242737906,3
940,0.43417646242737906,3
941,0.43417646242737906,3
942,0.4341764628679839,3
943,0.4341764628679839,3
944,0.4341764628679839,3
945,0.4341764628679839,3
946,0.4341764628679839,3
947,0.43417646242737906,3
948,0.43417646242737906,3
949,0.4341764619867743,3
950,0.4341764615461694,3
951,0.43417646110556457,3
952,0.4341764606649597,3
953,0.4341764602243549,3
954,0.4341764602243549,3
955,0.4341764606649597,3
956,0.43417646110556457,3
957,0.4341764615461694,3
958,0.4341764619867743,3
959,0.43417646242737906,3
960,0.43417646242737906,3
961,0.43417646242737906,3
962,0.43417646242737906,3
963,0.43417646242737906,3
964,0.43417646242737906,3
965,0.43417646242737906,3
966,0.43417646242737906,3
967,0.43417646242737906,3
968,0.43417646242737906,3
969,0.43417646242737906,3
970,0.4341764628679839,3
971,0.4341764628679839,3
972,0.4341764633085887,3
973,0.4341764633085887,3
974,0.4341764633085887,3
975,0.4341764628679839,3
976,0.4341764628679839,3
977,0.43417646242737906,3
978,0.43417646242737906,3
979,0.43417646242737906,3
980,0.43417646242737906,3
981,0.43417646242737906,3
982,0.43417646242737906,3
983,0.43417646242737906,3
984,0.43417646242737906,3
985,0.4341764619867743,3
986,0.4341764619867743,3
987,0.4341764619867743,3
988,0.4341764619867743,3
989,0.4341764619867743,3
990,0.43417646242737906,3
991,0.43417646242737906,3
992,0.43417646242737906,3
993,0.43417646242737906,3
994,0.43417646242737906,3
995,0.43417646242737906,3
996,0.4341764619867743,3
997,0.4341764619867743,3
998,0.4341764619867743,3
999,0.4341764619867743,3
1000,0.4341764619867743,3
1001,0.43417646242737906,3
1002,0.43417646242737906,3
1003,0.43417646242737906,3
1004,0.43417646242737906,3
1005,0.4341764628679839,3
1006,0.4341764628679839,3
1007,0.4341764628679839,3
1008,0.4341764628679839,3
1009,0.4341764628679839,3
1010,0.4341764628679839,3
1011,0.4341764628679839,3
1012,0.4341764628679839,3
1013,0.4341764628679839,3
1014,0.4341764628679839,3
1015,0.43417646242737906,3
1016,0.4341764628679839,3
1017,0.4341764633085887,3
1018,0.4341764633085887,3
1019,0.4341764633085887,3
1020,0.4341764633085887,3
1021,0.4341764628679839,3
1022,0.43417646242737906,3
1023,0.43417646242737906,3
1024,0.43417646242737906,3
1025,0.4341764619867743,3
1026,0.4341764615461694,3
1027,0.4341764615461694,3
1028,0.4341764615461694,3
1029,0.4341764615461694,3
1030,0.4341764619867743,3
1031,0.43417646242737906,3
1032,0.43417646242737906,3
1033,0.43417646242737906,3
1034,0.43417646242737906,3
1035,0.43417646242737906,3
1036,0.43417646242737906,3
1037,0.43417646242737906,3
1038,0.43417646242737906,3
1039,0.43417646242737906,3
1040,0.43417646242737906,3
1041,0.43417646242737906,3
1042,0.43417646242737906,3
1043,0.43417646242737906,3
1044,0.43417646242737906,3
1045,0.43417646242737906,3
1046,0.43417646242737906,3
1047,0.4341764619867743,3
1048,0.4341764619867743,3
1049,0.43417646242737906,3
1050,0.43417646242737906,3
1051,0.43417646242737906,3
1052,0.4341764628679839,3
1053,0.4341764628679839,3
1054,0.4341764628679839,3
1055,0.4341764628679839,3
1056,0.4341764628679839,3
1057,0.4341764628679839,3
1058,0.4341764628679839,3
1059,0.43417646242737906,3
1060,0.4341764619867743,3
1061,0.4341764615461694,3
1062,0.4341764615461694,3
1063,0.4341764615461694,3
1064,0.4341764615461694,3
1065,0.4341764619867743,3
1066,0.4341764628679839,3
1067,0.4341764628679839,3
1068,0.4341764628679839,3
1069,0.4341764628679839,3
1070,0.4341764628679839,3
1071,0.43417646242737906,3
1072,0.43417646242737906,3
1073,0.43417646242737906,3
1074,0.4341764619867743,3
1075,0.4341764619867743,3
1076,0.4341764619867743,3
1077,0.4341764619867743,3
1078,0.4341764619867743,3
1079,0.43417646242737906,3
1080,0.43417646242737906,3
1081,0.43417646242737906,3
1082,0.43417646242737906,3
1083,0.43417646242737906,3
1084,0.4341764628679839,3
1085,0.4341764628679839,3
1086,0.4341764628679839,3
1087,0.4341764628679839,3
1088,0.4341764628679839,3
1089,0.43417646242737906,3
1090,0.43417646242737906,3
1091,0.43417646242737906,3
1092,0.43417646242737906,3
1093,0.43417646242737906,3
1094,0.43417646242737906,3
1095,0.43417646242737906,3
1096,0.43417646242737906,3
1097,0.43417646242737906,3
1098,0.43417646242737906,3
1099,0.4341764619867743,3
1100,0.4341764619867743,3
1101,0.4341764619867743,3
1102,0.4341764619867743,3
1103,0.4341764619867743,3
1104,0.43417646242737906,3
1105,0.43417646242737906,3
1106,0.43417646242737906,3
1107,0.43417646242737906,3
1108,0.4341764619867743,3
1109,0.4341764619867743,3
1110,0.4341764619867743,3
1111,0.4341764615461694,3
1112,0.43417646110556457,3
1113,0.4341764615461694,3
1114,0.43417646110556457,3
1115,0.4341764606649597,3
1116,0.43417646110556457,3
1117,0.4341764615461694,3
1118,0.4341764615461694,3
1119,0.4341764615461694,3
1120,0.4341764615461694,3
1121,0.4341764615461694,3
1122,0.43417646110556457,3
1123,0.4341764606649597,3
1124,0.43417646110556457,3
1125,0.4341764615461694,3
1126,0.4341764615461694,3
1127,0.4341764619867743,3
1128,0.43417646242737906,3
1129,0.43417646242737906,3
1130,0.43417646242737906,3
1131,0.4341764619867743,3
1132,0.4341764619867743,3
1133,0.4341764619867743,3
1134,0.4341764619867743,3
1135,0.4341764619867743,3
1136,0.43417646242737906,3
1137,0.43417646242737906,3
1138,0.43417646242737906,3
1139,0.43417646242737906,3
1140,0.43417646242737906,3
1141,0.43417646242737906,3
1142,0.43417646242737906,3
1143,0.43417646242737906,3
1144,0.43417646242737906,3
1145,0.43417646242737906,3
1146,0.43417646242737906,3
1147,0.43417646242737906,3
1148,0.43417646242737906,3
1149,0.43417646242737906,3
1150,0.43417646242737906,3
1151,0.43417646242737906,3
1152,0.43417646242737906,3
1153,0.43417646242737906,3
1154,0.43417646242737906,3
1155,0.43417646242737906,3
1156,0.43417646242737906,3
1157,0.43417646242737906,3
1158,0.43417646242737906,3
1159,0.43417646242737906,3
1160,0.43417646242737906,3
1161,0.43417646242737906,3
1162,0.43417646242737906,3
1163,0.43417646242737906,3
1164,0.43417646242737906,3
1165,0.43417646242737906,3
1166,0.43417646242737906,3
1167,0.4341764619867743,3
1168,0.4341764619867743,3
1169,0.4341764619867743,3
1170,0.4341764619867743,3
1171,0.4341764619867743,3
1172,0.43417646242737906,3
1173,0.43417646242737906,3
1174,0.43417646242737906,3
1175,0.43417646242737906,3
1176,0.43417646242737906,3
1177,0.43417646242737906,3
1178,0.43417646242737906,3
1179,0.43417646242737906,3
1180,0.43417646242737906,3
1181,0.43417646242737906,3
1182,0.43417646242737906,3
1183,0.43417646242737906,3
1184,0.43417646242737906,3
1185,0.43417646242737906,3
1186,0.43417646242737906,3
1187,0.43417646242737906,3
1188,0.43417646242737906,3
1189,0.43417646242737906,3
1190,0.43417646242737906,3
1191,0.43417646242737906,3
1192,0.43417646242737906,3
1193,0.43417646242737906,3
1194,0.43417646242737906,3
1195,0.43417646242737906,3
1196,0.43417646242737906,3
1197,0.43417646242737906,3
1198,0.43417646242737906,3
1199,0.43417646242737906,3
1200,0.43417646242737906,3
1201,0.4341764619867743,3
1202,0.4341764615461694,3
1203,0.43417646110556457,3
1204,0.43417646110556457,3
1205,0.43417646110556457,3
1206,0.4341764615461694,3
1207,0.4341764619867743,3
1208,0.43417646242737906,3
1209,0.4341764619867743,3
1210,0.4341764619867743,3
1211,0.4341764619867743,3
1212,0.4341764619867743,3
1213,0.4341764619867743,3
1214,0.43417646242737906,3
1215,0.43417646242737906,3
1216,0.43417646242737906,3
1217,0.43417646242737906,3
1218,0.43417646242737906,3
1219,0.4341764628679839,3
1220,0.4341764628679839,3
1221,0.4341764628679839,3
1222,0.4341764633085887,3
1223,0.4341764633085887,3
1224,0.4341764628679839,3
1225,0.4341764628679839,3
1226,0.4341764628679839,3
1227,0.43417646242737906,3
1228,0.43417646242737906,3
1229,0.43417646242737906,3
1230,0.43417646242737906,3
1231,0.43417646242737906,3
1232,0.4341764619867743,3
1233,0.4341764615461694,3
1234,0.43417646110556457,3
1235,0.43417646110556457,3
1236,0.4341764606649597,3
1237,0.43417646110556457,3
1238,0.4341764615461694,3
1239,0.4341764619867743,3
1240,0.4341764615461694,3
1241,0.4341764615461694,3
1242,0.4341764615461694,3
1243,0.4341764615461694,3
1244,0.4341764615461694,3
1245,0.4341764619867743,3
1246,0.43417646242737906,3
1247,0.43417646242737906,3
1248,0.43417646242737906,3
1249,0.43417646242737906,3
1250,0.4341764628679839,3
1251,0.4341764633085887,3
1252,0.4341764633085887,3
1253,0.4341764633085887,3
1254,0.4341764633085887,3
1255,0.4341764628679839,3
1256,0.43417646242737906,3
1257,0.43417646242737906,3
1258,0.43417646242737906,3
1259,0.43417646242737906,3
1260,0.43417646242737906,3
1261,0.43417646242737906,3
1262,0.43417646242737906,3
1263,0.43417646242737906,3
1264,0.43417646242737906,3
1265,0.43417646242737906,3
1266,0.43417646242737906,3
1267,0.43417646242737906,3
1268,0.43417646242737906,3
1269,0.4341764619867743,3
1270,0.4341764619867743,3
1271,0.4341764619867743,3
1272,0.4341764619867743,3
1273,0.4341764619867743,3
1274,0.43417646242737906,3
1275,0.43417646242737906,3
1276,0.43417646242737906,3
1277,0.43417646242737906,3
1278,0.43417646242737906,3
1279,0.43417646242737906,3
1280,0.43417646242737906,3
1281,0.43417646242737906,3
1282,0.43417646242737906,3
1283,0.4341764628679839,3
1284,0.4341764633085887,3
1285,0.43417646374919355,3
1286,0.43417646374919355,3
1287,0.43417646374919355,3
1288,0.4341764633085887,3
1289,0.4341764633085887,3
1290,0.4341764628679839,3
1291,0.4341764628679839,3
1292,0.4341764628679839,3
1293,0.4341764628679839,3
1294,0.43417646242737906,3
1295,0.43417646242737906,3
1296,0.43417646242737906,3
1297,0.43417646242737906,3
1298,0.43417646242737906,3
1299,0.4341764619867743,3
1300,0.4341764615461694,3
1301,0.43417646110556457,3
1302,0.43417646110556457,3
1303,0.4341764606649597,3
1304,0.43417646110556457,3
1305,0.43417646110556457,3
1306,0.4341764615461694,3
1307,0.4341764615461694,3
1308,0.4341764619867743,3
1309,0.4341764619867743,3
1310,0.4341764628679839,3
1311,0.4341764628679839,3
1312,0.4341764628679839,3
1313,0.4341764628679839,3
1314,0.4341764628679839,3
1315,0.43417646242737906,3
1316,0.43417646242737906,3
1317,0.43417646242737906,3
1318,0.43417646242737906,3
1319,0.43417646242737906,3
1320,0.43417646242737906,3
1321,0.43417646242737906,3
1322,0.43417646242737906,3
1323,0.43417646242737906,3
1324,0.43417646242737906,3
1325,0.43417646242737906,3
1326,0.43417646242737906,3
1327,0.43417646242737906,3
1328,0.43417646242737906,3
1329,0.43417646242737906,3
1330,0.43417646242737906,3
1331,0.43417646242737906,3
1332,0.43417646242737906,3
1333,0.43417646242737906,3
1334,0.43417646242737906,3
1335,0.43417646242737906,3
1336,0.43417646242737906,3
1337,0.43417646242737906,3
1338,0.43417646242737906,3
1339,0.43417646242737906,3
1340,0.43417646242737906,3
1341,0.43417646242737906,3
1342,0.43417646242737906,3
1343,0.43417646242737906,3
1344,0.43417646242737906,3
1345,0.43417646242737906,3
1346,0.43417646242737906,3
1347,0.4341764628679839,3
1348,0.4341764628679839,3
1349,0.4341764628679839,3
1350,0.4341764628679839,3
1351,0.43417646242737906,3
1352,0.4341764619867743,3
1353,0.4341764619867743,3
1354,0.4341764619867743,3
1355,0.4341764619867743,3
1356,0.4341764628679839,3
1357,0.4341764628679839,3
1358,0.4341764628679839,3
1359,0.4341764628679839,3
1360,0.4341764628679839,3
1361,0.43417646242737906,3
1362,0.43417646242737906,3
1363,0.43417646242737906,3
1364,0.43417646242737906,3
1365,0.43417646242737906,3
1366,0.4341764619867743,3
1367,0.4341764615461694,3
1368,0.43417646110556457,3
1369,0.4341764606649597,3
1370,0.4341764606649597,3
1371,0.43417646110556457,3
1372,0.4341764615461694,3
1373,0.4341764619867743,3
1374,0.43417646242737906,3
1375,0.43417646242737906,3
1376,0.43417646242737906,3
1377,0.43417646242737906,3
1378,0.43417646242737906,3
1379,0.43417646242737906,3
1380,0.43417646242737906,3
1381,0.43417646242737906,3
1382,0.43417646242737906,3
1383,0.43417646242737906,3
1384,0.43417646242737906,3
1385,0.43417646242737906,3
1386,0.43417646242737906,3
1387,0.43417646242737906,3
1388,0.43417646242737906,3
1389,0.43417646242737906,3
1390,0.43417646242737906,3
1391,0.43417646242737906,3
1392,0.43417646242737906,3
1393,0.43417646242737906,3
1394,0.43417646242737906,3
1395,0.43417646242737906,3
1396,0.43417646242737906,3
1397,0.43417646242737906,3
1398,0.43417646242737906,3
1399,0.43417646242737906,3
1400,0.43417646242737906,3
1401,0.43417646242737906,3
1402,0.43417646242737906,3
1403,0.43417646242737906,3
1404,0.43417646242737906,3
1405,0.43417646242737906,3
1406,0.43417646242737906,3
1407,0.43417646242737906,3
1408,0.43417646242737906,3
1409,0.43417646242737906,3
1410,0.43417646242737906,3
1411,0.43417646242737906,3
1412,0.43417646242737906,3
1413,0.43417646242737906,3
1414,0.43417646242737906,3
1415,0.43417646242737906,3
1416,0.4341764619867743,3
1417,0.4341764615461694,3
1418,0.43417646110556457,3
1419,0.4341764606649597,3
1420,0.4341764602243549,3
1421,0.4341764606649597,3
1422,0.43417646110556457,3
1423,0.4341764615461694,3
1424,0.43417646242737906,3
1425,0.4341764628679839,3
1426,0.4341764628679839,3
1427,0.4341764628679839,3
1428,0.4341764628679839,3
1429,0.43417646242737906,3
1430,0.43417646242737906,3
1431,0.43417646242737906,3
1432,0.43417646242737906,3
1433,0.43417646242737906,3
1434,0.43417646242737906,3
1435,0.43417646242737906,3
1436,0.43417646242737906,3
1437,0.43417646242737906,3
1438,0.43417646242737906,3
1439,0.43417646242737906,3
1440,0.43417646242737906,3
1441,0.43417646242737906,3
1442,0.43417646242737906,3
1443,0.43417646242737906,3
1444,0.43417646242737906,3
1445,0.43417646242737906,3
1446,0.43417646242737906,3
1447,0.43417646242737906,3
1448,0.43417646242737906,3
1449,0.43417646242737906,3
1450,0.43417646242737906,3
1451,0.43417646242737906,3
1452,0.43417646242737906,3
1453,0.43417646242737906,3
1454,0.43417646242737906,3
1455,0.43417646242737906,3
1456,0.43417646242737906,3
1457,0.43417646242737906,3
1458,0.43417646242737906,3
1459,0.43417646242737906,3
1460,0.43417646242737906,3
1461,0.43417646242737906,3
1462,0.43417646242737906,3
1463,0.43417646242737906,3
1464,0.43417646242737906,3
1465,0.43417646242737906,3
1466,0.43417646242737906,3
1467,0.43417646242737906,3
1468,0.43417646242737906,3
1469,0.43417646242737906,3
1470,0.43417646242737906,3
1471,0.43417646242737906,3
1472,0.43417646242737906,3
1473,0.43417646242737906,3
1474,0.43417646242737906,3
1475,0.43417646242737906,3
1476,0.43417646242737906,3
1477,0.4341764619867743,3
1478,0.4341764619867743,3
1479,0.4341764619867743,3
1480,0.4341764619867743,3
1481,0.4341764619867743,3
1482,0.4341764619867743,3
1483,0.4341764619867743,3
1484,0.4341764619867743,3
1485,0.4341764619867743,3
1486,0.43417646242737906,3
1487,0.4341764628679839,3
1488,0.4341764628679839,3
1489,0.4341764628679839,3
1490,0.4341764628679839,3
1491,0.4341764619867743,3
1492,0.4341764619867743,3
1493,0.4341764619867743,3
1494,0.4341764619867743,3
1495,0.4341764619867743,3
1496,0.43417646242737906,3
1497,0.43417646242737906,3
1498,0.43417646242737906,3
1499,0.4341764628679839,3
1500,0.4341764628679839,3
1501,0.4341764628679839,3
1502,0.4341764628679839,3
1503,0.4341764628679839,3
1504,0.43417646242737906,3
1505,0.43417646242737906,3
1506,0.43417646242737906,3
1507,0.43417646242737906,3
1508,0.4341764628679839,3
1509,0.4341764628679839,3
1510,0.4341764628679839,3
1511,0.4341764628679839,3
1512,0.4341764628679839,3
1513,0.4341764628679839,3
1514,0.4341764633085887,3
1515,0.4341764633085887,3
1516,0.4341764633085887,3
1517,0.4341764633085887,3
1518,0.4341764628679839,3
1519,0.4341764628679839,3
1520,0.4341764628679839,3
1521,0.4341764628679839,3
1522,0.4341764628679839,3
1523,0.43417646242737906,3
1524,0.4341764615461694,3
1525,0.4341764615461694,3
1526,0.4341764615461694,3
1527,0.4341764615461694,3
1528,0.4341764619867743,3
1529,0.43417646242737906,3
1530,0.43417646242737906,3
1531,0.43417646242737906,3
1532,0.4341764619867743,3
1533,0.4341764619867743,3
1534,0.4341764619867743,3
1535,0.4341764619867743,3
1536,0.4341764619867743,3
1537,0.4341764619867743,3
1538,0.4341764615461694,3
1539,0.4341764615461694,3
1540,0.43417646110556457,3
1541,0.4341764606649597,3
1542,0.43417646110556457,3
1543,0.4341764615461694,3
1544,0.4341764615461694,3
1545,0.4341764619867743,3
1546,0.43417646242737906,3
1547,0.43417646242737906,3
1548,0.43417646242737906,3
1549,0.43417646242737906,3
1550,0.4341764628679839,3
1551,0.4341764628679839,3
1552,0.4341764628679839,3
1553,0.4341764628679839,3
1554,0.4341764628679839,3
1555,0.43417646242737906,3
1556,0.43417646242737906,3
1557,0.43417646242737906,3
1558,0.43417646242737906,3
1559,0.43417646242737906,3
1560,0.43417646242737906,3
1561,0.43417646242737906,3
1562,0.43417646242737906,3
1563,0.43417646242737906,3
1564,0.4341764628679839,3
1565,0.4341764628679839,3
1566,0.4341764628679839,3
1567,0.4341764628679839,3
1568,0.4341764628679839,3
1569,0.4341764628679839,3
1570,0.4341764628679839,3
1571,0.4341764628679839,3
1572,0.4341764628679839,3
1573,0.4341764628679839,3
1574,0.43417646242737906,3
1575,0.43417646242737906,3
1576,0.43417646242737906,3
1577,0.43417646242737906,3
1578,0.43417646242737906,3
1579,0.43417646242737906,3
1580,0.43417646242737906,3
1581,0.4341764628679839,3
1582,0.4341764628679839,3
1583,0.4341764628679839,3
1584,0.4341764628679839,3
1585,0.4341764633085887,3
1586,0.4341764628679839,3
1587,0.4341764628679839,3
1588,0.4341764628679839,3
1589,0.4341764628679839,3
1590,0.43417646242737906,3
1591,0.43417646242737906,3
1592,0.43417646242737906,3
1593,0.43417646242737906,3
1594,0.43417646242737906,3
1595,0.43417646242737906,3
1596,0.43417646242737906,3
1597,0.43417646242737906,3
1598,0.43417646242737906,3
1599,0.43417646242737906,3
1600,0.43417646242737906,3
1601,0.43417646242737906,3
1602,0.43417646242737906,3
1603,0.43417646242737906,3
1604,0.43417646242737906,3
1605,0.43417646242737906,3
1606,0.43417646242737906,3
1607,0.4341764619867743,3
1608,0.4341764619867743,3
1609,0.4341764619867743,3
1610,0.4341764619867743,3
1611,0.4341764619867743,3
1612,0.43417646242737906,3
1613,0.43417646242737906,3
1614,0.43417646242737906,3
1615,0.43417646242737906,3
1616,0.43417646242737906,3
1617,0.43417646242737906,3
1618,0.43417646242737906,3
1619,0.43417646242737906,3
1620,0.43417646242737906,3
1621,0.43417646242737906,3
1622,0.43417646242737906,3
1623,0.43417646242737906,3
1624,0.4341764619867743,3
1625,0.4341764619867743,3
1626,0.4341764619867743,3
1627,0.4341764619867743,3
1628,0.4341764619867743,3
1629,0.43417646242737906,3
1630,0.4341764628679839,3
1631,0.4341764628679839,3
1632,0.4341764628679839,3
1633,0.4341764628679839,3
1634,0.4341764628679839,3
1635,0.43417646242737906,3
1636,0.43417646242737906,3
1637,0.43417646242737906,3
1638,0.43417646242737906,3
1639,0.43417646242737906,3
1640,0.43417646242737906,3
1641,0.43417646242737906,3
1642,0.43417646242737906,3
1643,0.43417646242737906,3
1644,0.43417646242737906,3
1645,0.43417646242737906,3
1646,0.43417646242737906,3
1647,0.43417646242737906,3
1648,0.43417646242737906,3
1649,0.4341764619867743,3
1650,0.4341764615461694,3
1651,0.4341764615461694,3
1652,0.4341764619867743,3
1653,0.4341764619867743,3
1654,0.43417646242737906,3
1655,0.4341764628679839,3
1656,0.4341764633085887,3
1657,0.4341764633085887,3
1658,0.4341764633085887,3
1659,0.4341764633085887,3
1660,0.4341764633085887,3
1661,0.4341764628679839,3
1662,0.43417646242737906,3
1663,0.43417646242737906,3
1664,0.43417646242737906,3
1665,0.43417646242737906,3
1666,0.4341764619867743,3
1667,0.4341764615461694,3
1668,0.4341764619867743,3
1669,0.4341764619867743,3
1670,0.4341764619867743,3
1671,0.43417646242737906,3
1672,0.4341764628679839,3
1673,0.43417646242737906,3
1674,0.43417646242737906,3
1675,0.4341764619867743,3
1676,0.4341764615461694,3
1677,0.43417646110556457,3
1678,0.4341764606649597,3
1679,0.4341764602243549,3
1680,0.4341764602243549,3
1681,0.4341764602243549,3
1682,0.4341764602243549,3
1683,0.4341764602243549,3
1684,0.4341764602243549,3
1685,0.4341764606649597,3
1686,0.43417646110556457,3
1687,0.4341764615461694,3
1688,0.4341764619867743,3
1689,0.43417646242737906,3
1690,0.4341764619867743,3
1691,0.4341764619867743,3
1692,0.4341764619867743,3
1693,0.4341764619867743,3
1694,0.43417646242737906,3
1695,0.4341764628679839,3
1696,0.43417646242737906,3
1697,0.43417646242737906,3
1698,0.4341764628679839,3
1699,0.43417646242737906,3
1700,0.43417646242737906,3
1701,0.4341764628679839,3
1702,0.4341764628679839,3
1703,0.43417646242737906,3
1704,0.43417646242737906,3
1705,0.43417646242737906,3
1706,0.43417646242737906,3
1707,0.43417646242737906,3
1708,0.43417646242737906,3
1709,0.43417646242737906,3
1710,0.43417646242737906,3
1711,0.43417646242737906,3
1712,0.4341764619867743,3
1713,0.4341764615461694,3
1714,0.4341764606649597,3
1715,0.4341764606649597,3
1716,0.4341764606649597,3
1717,0.4341764606649597,3
1718,0.4341764606649597,3
1719,0.43417646110556457,3
1720,0.4341764606649597,3
1721,0.4341764606649597,3
1722,0.43417646110556457,3
1723,0.4341764619867743,3
1724,0.43417646242737906,3
1725,0.4341764628679839,3
1726,0.4341764628679839,3
1727,0.4341764628679839,3
1728,0.43417646242737906,3
1729,0.43417646242737906,3
1730,0.43417646242737906,3
1731,0.43417646242737906,3
1732,0.43417646242737906,3
1733,0.43417646242737906,3
1734,0.43417646242737906,3
1735,0.43417646242737906,3
1736,0.43417646242737906,3
1737,0.43417646242737906,3
1738,0.4341764619867743,3
1739,0.4341764615461694,3
1740,0.4341764615461694,3
1741,0.4341764615461694,3
1742,0.4341764615461694,3
1743,0.4341764615461694,3
1744,0.4341764619867743,3
1745,0.4341764619867743,3
1746,0.4341764619867743,3
1747,0.4341764619867743,3
1748,0.43417646242737906,3
1749,0.43417646242737906,3
1750,0.43417646242737906,3
1751,0.43417646242737906,3
1752,0.43417646242737906,3
1753,0.43417646242737906,3
1754,0.43417646242737906,3
1755,0.43417646242737906,3
1756,0.43417646242737906,3
1757,0.43417646242737906,3
1758,0.43417646242737906,3
1759,0.43417646242737906,3
1760,0.43417646242737906,3
1761,0.43417646242737906,3
1762,0.43417646242737906,3
1763,0.43417646242737906,3
1764,0.43417646242737906,3
1765,0.43417646242737906,3
1766,0.43417646242737906,3
1767,0.43417646242737906,3
1768,0.43417646242737906,3
1769,0.43417646242737906,3
1770,0.43417646242737906,3
1771,0.4341764619867743,3
1772,0.4341764615461694,3
1773,0.4341764615461694,3
1774,0.4341764615461694,3
1775,0.4341764615461694,3
1776,0.4341764619867743,3
1777,0.43417646242737906,3
1778,0.43417646242737906,3
1779,0.4341764628679839,3
1780,0.4341764628679839,3
1781,0.4341764628679839,3
1782,0.4341764628679839,3
1783,0.4341764628679839,3
1784,0.43417646242737906,3
1785,0.43417646242737906,3
1786,0.43417646242737906,3
1787,0.43417646242737906,3
1788,0.43417646242737906,3
1789,0.43417646242737906,3
1790,0.43417646242737906,3
1791,0.4341764628679839,3
1792,0.4341764628679839,3
1793,0.4341764628679839,3
1794,0.4341764628679839,3
1795,0.4341764628679839,3
1796,0.43417646242737906,3
1797,0.43417646242737906,3
1798,0.43417646242737906,3
1799,0.43417646242737906,3
1800,0.43417646242737906,3
1801,0.43417646242737906,3
1802,0.43417646242737906,3
1803,0.43417646242737906,3
1804,0.43417646242737906,3
1805,0.43417646242737906,3
1806,0.43417646242737906,3
1807,0.43417646242737906,3
1808,0.43417646242737906,3
1809,0.43417646242737906,3
1810,0.43417646242737906,3
1811,0.43417646242737906,3
1812,0.4341764628679839,3
1813,0.4341764628679839,3
1814,0.4341764628679839,3
1815,0.4341764628679839,3
1816,0.4341764628679839,3
1817,0.43417646242737906,3
1818,0.43417646242737906,3
1819,0.43417646242737906,3
1820,0.43417646242737906,3
1821,0.43417646242737906,3
1822,0.4341764619867743,3
1823,0.4341764615461694,3
1824,0.4341764615461694,3
1825,0.4341764615461694,3
1826,0.4341764615461694,3
1827,0.4341764619867743,3
1828,0.43417646242737906,3
1829,0.43417646242737906,3
1830,0.43417646242737906,3
1831,0.43417646242737906,3
1832,0.43417646242737906,3
1833,0.43417646242737906,3
1834,0.43417646242737906,3
1835,0.43417646242737906,3
1836,0.43417646242737906,3
1837,0.43417646242737906,3
1838,0.4341764619867743,3
1839,0.4341764619867743,3
1840,0.4341764619867743,3
1841,0.43417646242737906,3
1842,0.43417646242737906,3
1843,0.4341764628679839,3
1844,0.4341764628679839,3
1845,0.4341764628679839,3
1846,0.43417646242737906,3
1847,0.4341764619867743,3
1848,0.4341764615461694,3
1849,0.43417646110556457,3
1850,0.4341764606649597,3
1851,0.4341764602243549,3
1852,0.4341764602243549,3
1853,0.4341764602243549,3
1854,0.4341764602243549,3
1855,0.4341764606649597,3
1856,0.43417646110556457,3
1857,0.4341764615461694,3
1858,0.4341764619867743,3
1859,0.4341764619867743,3
1860,0.4341764615461694,3
1861,0.4341764615461694,3
1862,0.4341764615461694,3
1863,0.4341764619867743,3
1864,0.43417646242737906,3
1865,0.4341764628679839,3
1866,0.4341764628679839,3
1867,0.4341764628679839,3
1868,0.43417646242737906,3
1869,0.43417646242737906,3
1870,0.43417646242737906,3
1871,0.43417646242737906,3
1872,0.43417646242737906,3
1873,0.4341764619867743,3
1874,0.4341764615461694,3
1875,0.43417646110556457,3
1876,0.4341764606649597,3
1877,0.4341764602243549,3
1878,0.4341764602243549,3
1879,0.4341764606649597,3
1880,0.43417646110556457,3
1881,0.4341764615461694,3
1882,0.4341764619867743,3
1883,0.43417646242737906,3
1884,0.43417646242737906,3
1885,0.43417646242737906,3
1886,0.43417646242737906,3
1887,0.43417646242737906,3
1888,0.43417646242737906,3
1889,0.43417646242737906,3
1890,0.43417646242737906,3
1891,0.43417646242737906,3
1892,0.43417646242737906,3
1893,0.43417646242737906,3
1894,0.43417646242737906,3
1895,0.43417646242737906,3
1896,0.43417646242737906,3
1897,0.43417646242737906,3
1898,0.43417646242737906,3
1899,0.43417646242737906,3
1900,0.43417646242737906,3
1901,0.43417646242737906,3
1902,0.43417646242737906,3
1903,0.43417646242737906,3
1904,0.43417646242737906,3
1905,0.4341764619867743,3
1906,0.4341764619867743,3
1907,0.43417646242737906,3
1908,0.43417646242737906,3
1909,0.43417646242737906,3
1910,0.4341764628679839,3
1911,0.4341764628679839,3
1912,0.4341764628679839,3
1913,0.4341764628679839,3
1914,0.4341764628679839,3
1915,0.4341764628679839,3
1916,0.4341764633085887,3
1917,0.4341764628679839,3
1918,0.4341764628679839,3
1919,0.4341764628679839,3
1920,0.4341764628679839,3
1921,0.43417646242737906,3
1922,0.4341764619867743,3
1923,0.4341764615461694,3
1924,0.4341764615461694,3
1925,0.4341764615461694,3
1926,0.43417646110556457,3
1927,0.43417646110556457,3
1928,0.43417646110556457,3
1929,0.43417646110556457,3
1930,0.43417646110556457,3
1931,0.4341764619867743,3
1932,0.43417646242737906,3
1933,0.4341764628679839,3
1934,0.43417646242737906,3
1935,0.43417646242737906,3
1936,0.4341764619867743,3
1937,0.4341764619867743,3
1938,0.4341764619867743,3
1939,0.43417646242737906,3
1940,0.43417646242737906,3
1941,0.43417646242737906,3
1942,0.43417646242737906,3
1943,0.43417646242737906,3
1944,0.43417646242737906,3
1945,0.43417646242737906,3
1946,0.43417646242737906,3
1947,0.43417646242737906,3
1948,0.43417646242737906,3
1949,0.43417646242737906,3
1950,0.43417646242737906,3
1951,0.43417646242737906,3
1952,0.43417646242737906,3
1953,0.43417646242737906,3
1954,0.4341764628679839,3
1955,0.4341764628679839,3
1956,0.4341764628679839,3
1957,0.4341764628679839,3
1958,0.4341764628679839,3
1959,0.43417646242737906,3
1960,0.43417646242737906,3
1961,0.43417646242737906,3
1962,0.43417646242737906,3
1963,0.43417646242737906,3
1964,0.4341764619867743,3
1965,0.4341764615461694,3
1966,0.43417646110556457,3
1967,0.4341764606649597,3
1968,0.4341764606649597,3
1969,0.43417646110556457,3
1970,0.4341764615461694,3
1971,0.4341764619867743,3
1972,0.43417646242737906,3
1973,0.43417646242737906,3
1974,0.43417646242737906,3
1975,0.43417646242737906,3
1976,0.43417646242737906,3
1977,0.43417646242737906,3
1978,0.43417646242737906,3
1979,0.43417646242737906,3
1980,0.43417646242737906,3
1981,0.43417646242737906,3
1982,0.43417646242737906,3
1983,0.43417646242737906,3
1984,0.4341764628679839,3
1985,0.4341764628679839,3
1986,0.4341764628679839,3
1987,0.4341764628679839,3
1988,0.4341764633085887,3
1989,0.4341764628679839,3
1990,0.43417646242737906,3
1991,0.43417646242737906,3
1992,0.43417646242737906,3
1993,0.4341764619867743,3
1994,0.4341764619867743,3
1995,0.43417646242737906,3
1996,0.43417646242737906,3
1997,0.43417646242737906,3
1998,0.43417646242737906,3
1999,0.43417646242737906,3
2000,0.43417646242737906,3
2001,0.43417646242737906,3
2002,0.43417646242737906,3
2003,0.43417646242737906,3
2004,0.43417646242737906,3
2005,0.43417646242737906,3
2006,0.43417646242737906,3
2007,0.43417646242737906,3
2008,0.43417646242737906,3
2009,0.43417646242737906,3
2010,0.43417646242737906,3
2011,0.43417646242737906,3
2012,0.4341764619867743,3
2013,0.4341764615461694,3
2014,0.4341764615461694,3
2015,0.4341764615461694,3
2016,0.4341764615461694,3
2017,0.4341764619867743,3
2018,0.43417646242737906,3
2019,0.43417646242737906,3
2020,0.43417646242737906,3
2021,0.43417646242737906,3
2022,0.43417646242737906,3
2023,0.43417646242737906,3
2024,0.4341764619867743,3
2025,0.4341764615461694,3
2026,0.43417646110556457,3
2027,0.4341764606649597,3
2028,0.4341764606649597,3
2029,0.43417646110556457,3
2030,0.4341764615461694,3
2031,0.4341764619867743,3
2032,0.43417646242737906,3
2033,0.43417646242737906,3
2034,0.4341764628679839,3
2035,0.4341764628679839,3
2036,0.4341764628679839,3
2037,0.4341764628679839,3
2038,0.4341764628679839,3
2039,0.43417646242737906,3
2040,0.43417646242737906,3
2041,0.4341764628679839,3
2042,0.4341764628679839,3
2043,0.4341764628679839,3
2044,0.43417646242737906,3
2045,0.43417646242737906,3
2046,0.4341764619867743,3
2047,0.4341764615461694,3
2048,0.4341764606649597,3
2049,0.4341764606649597,3
2050,0.4341764602243549,3
2051,0.4341764597837501,3
2052,0.43417645934314525,3
2053,0.4341764597837501,3
2054,0.4341764602243549,3
2055,0.4341764602243549,3
2056,0.4341764602243549,3
2057,0.43417646110556457,3
2058,0.4341764619867743,3
2059,0.43417646242737906,3
2060,0.4341764628679839,3
2061,0.4341764633085887,3
2062,0.4341764633085887,3
2063,0.4341764628679839,3
2064,0.43417646242737906,3
2065,0.43417646242737906,3
2066,0.43417646242737906,3
2067,0.4341764619867743,3
2068,0.4341764615461694,3
2069,0.43417646110556457,3
2070,0.43417646110556457,3
2071,0.43417646110556457,3
2072,0.4341764615461694,3
2073,0.4341764619867743,3
2074,0.43417646242737906,3
2075,0.4341764628679839,3
2076,0.4341764628679839,3
2077,0.4341764628679839,3
2078,0.43417646242737906,3
2079,0.4341764619867743,3
2080,0.43417646110556457,3
2081,0.4341764606649597,3
2082,0.4341764602243549,3
2083,0.4341764606649597,3
2084,0.43417646110556457,3
2085,0.4341764615461694,3
2086,0.4341764619867743,3
2087,0.4341764628679839,3
2088,0.4341764633085887,3
2089,0.4341764633085887,3
2090,0.4341764633085887,3
2091,0.4341764633085887,3
2092,0.4341764628679839,3
2093,0.4341764619867743,3
2094,0.4341764619867743,3
2095,0.4341764619867743,3
2096,0.4341764619867743,3
2097,0.4341764615461694,3
2098,0.4341764619867743,3
2099,0.4341764619867743,3
2100,0.4341764619867743,3
2101,0.4341764619867743,3
2102,0.43417646242737906,3
2103,0.4341764628679839,3
2104,0.4341764633085887,3
2105,0.4341764633085887,3
2106,0.4341764633085887,3
2107,0.4341764633085887,3
2108,0.43417646242737906,3
2109,0.4341764619867743,3
2110,0.4341764615461694,3
2111,0.43417646110556457,3
2112,0.4341764606649597,3
2113,0.4341764606649597,3
2114,0.4341764602243549,3
2115,0.4341764602243549,3
2116,0.4341764602243549,3
2117,0.4341764602243549,3
2118,0.4341764606649597,3
2119,0.43417646110556457,3
2120,0.4341764615461694,3
2121,0.4341764619867743,3
2122,0.43417646242737906,3
2123,0.43417646242737906,3
2124,0.43417646242737906,3
2125,0.43417646242737906,3
2126,0.43417646242737906,3
2127,0.43417646242737906,3
2128,0.43417646242737906,3
2129,0.43417646242737906,3
2130,0.43417646242737906,3
2131,0.43417646242737906,3
2132,0.43417646242737906,3
2133,0.43417646242737906,3
2134,0.43417646242737906,3
2135,0.43417646242737906,3
2136,0.4341764628679839,3
2137,0.4341764628679839,3
2138,0.4341764628679839,3
2139,0.4341764628679839,3
2140,0.4341764628679839,3
2141,0.43417646242737906,3
2142,0.43417646242737906,3
2143,0.43417646242737906,3
2144,0.43417646242737906,3
2145,0.43417646242737906,3
2146,0.43417646242737906,3
2147,0.43417646242737906,3
2148,0.43417646242737906,3
2149,0.43417646242737906,3
2150,0.43417646242737906,3
2151,0.43417646242737906,3
2152,0.4341764628679839,3
2153,0.4341764633085887,3
2154,0.4341764633085887,3
2155,0.4341764633085887,3
2156,0.4341764633085887,3
2157,0.4341764628679839,3
2158,0.43417646242737906,3
2159,0.43417646242737906,3
2160,0.43417646242737906,3
2161,0.43417646242737906,3
2162,0.4341764619867743,3
2163,0.4341764615461694,3
2164,0.43417646110556457,3
2165,0.4341764606649597,3
2166,0.4341764606649597,3
2167,0.4341764615461694,3
2168,0.4341764619867743,3
2169,0.43417646242737906,3
2170,0.4341764628679839,3
2171,0.4341764628679839,3
2172,0.43417646242737906,3
2173,0.43417646242737906,3
2174,0.43417646242737906,3
2175,0.43417646242737906,3
2176,0.43417646242737906,3
2177,0.43417646242737906,3
2178,0.43417646242737906,3
2179,0.43417646242737906,3
2180,0.43417646242737906,3
2181,0.43417646242737906,3
2182,0.43417646242737906,3
2183,0.4341764628679839,3
2184,0.4341764628679839,3
2185,0.4341764628679839,3
2186,0.4341764628679839,3
2187,0.4341764628679839,3
2188,0.43417646242737906,3
2189,0.43417646242737906,3
2190,0.43417646242737906,3
2191,0.43417646242737906,3
2192,0.43417646242737906,3
2193,0.43417646242737906,3
2194,0.43417646242737906,3
2195,0.43417646242737906,3
2196,0.43417646242737906,3
2197,0.43417646242737906,3
2198,0.4341764619867743,3
2199,0.4341764615461694,3
2200,0.4341764615461694,3
2201,0.4341764615461694,3
2202,0.4341764615461694,3
2203,0.4341764619867743,3
2204,0.43417646242737906,3
2205,0.43417646242737906,3
2206,0.4341764619867743,3
2207,0.4341764619867743,3
2208,0.4341764619867743,3
2209,0.4341764619867743,3
2210,0.4341764619867743,3
2211,0.43417646242737906,3
2212,0.4341764619867743,3
2213,0.4341764619867743,3
2214,0.4341764619867743,3
2215,0.4341764619867743,3
2216,0.4341764619867743,3
2217,0.43417646242737906,3
2218,0.43417646242737906,3
2219,0.43417646242737906,3
2220,0.43417646242737906,3
2221,0.43417646242737906,3
2222,0.43417646242737906,3
2223,0.43417646242737906,3
2224,0.43417646242737906,3
2225,0.43417646242737906,3
2226,0.43417646242737906,3
2227,0.43417646242737906,3
2228,0.43417646242737906,3
2229,0.43417646242737906,3
2230,0.4341764619867743,3
2231,0.4341764619867743,3
2232,0.4341764619867743,3
2233,0.4341764619867743,3
2234,0.4341764619867743,3
2235,0.43417646242737906,3
2236,0.43417646242737906,3
2237,0.43417646242737906,3
2238,0.43417646242737906,3
2239,0.43417646242737906,3
2240,0.43417646242737906,3
2241,0.43417646242737906,3
2242,0.43417646242737906,3
2243,0.43417646242737906,3
2244,0.43417646242737906,3
2245,0.43417646242737906,3
2246,0.43417646242737906,3
2247,0.43417646242737906,3
2248,0.43417646242737906,3
2249,0.43417646242737906,3
2250,0.43417646242737906,3
2251,0.43417646242737906,3
2252,0.43417646242737906,3
2253,0.43417646242737906,3
2254,0.43417646242737906,3
2255,0.4341764628679839,3
2256,0.4341764633085887,3
2257,0.43417646374919355,3
2258,0.43417646374919355,3
2259,0.43417646374919355,3
2260,0.4341764633085887,3
2261,0.4341764628679839,3
2262,0.43417646242737906,3
2263,0.43417646242737906,3
2264,0.43417646242737906,3
2265,0.4341764619867743,3
2266,0.4341764615461694,3
2267,0.43417646110556457,3
2268,0.43417646110556457,3
2269,0.43417646110556457,3
2270,0.4341764615461694,3
2271,0.4341764615461694,3
2272,0.4341764619867743,3
2273,0.4341764619867743,3
2274,0.4341764619867743,3
2275,0.4341764619867743,3
2276,0.43417646242737906,3
2277,0.43417646242737906,3
2278,0.43417646242737906,3
2279,0.43417646242737906,3
2280,0.43417646242737906,3
2281,0.43417646242737906,3
2282,0.43417646242737906,3
2283,0.43417646242737906,3
2284,0.43417646242737906,3
2285,0.43417646242737906,3
2286,0.43417646242737906,3
2287,0.43417646242737906,3
2288,0.43417646242737906,3
2289,0.43417646242737906,3
2290,0.43417646242737906,3
2291,0.43417646242737906,3
2292,0.43417646242737906,3
2293,0.43417646242737906,3
2294,0.43417646242737906,3
2295,0.43417646242737906,3
2296,0.43417646242737906,3
2297,0.43417646242737906,3
2298,0.43417646242737906,3
2299,0.43417646242737906,3
2300,0.43417646242737906,3
2301,0.43417646242737906,3
2302,0.43417646242737906,3
2303,0.43417646242737906,3
2304,0.43417646242737906,3
2305,0.43417646242737906,3
2306,0.43417646242737906,3
2307,0.43417646242737906,3
2308,0.43417646242737906,3
2309,0.43417646242737906,3
2310,0.43417646242737906,3
2311,0.43417646242737906,3
2312,0.43417646242737906,3
2313,0.43417646242737906,3
2314,0.43417646242737906,3
2315,0.43417646242737906,3
2316,0.43417646242737906,3
2317,0.43417646242737906,3
2318,0.4341764628679839,3
2319,0.4341764628679839,3
2320,0.4341764628679839,3
2321,0.4341764628679839,3
2322,0.4341764628679839,3
2323,0.43417646242737906,3
2324,0.43417646242737906,3
2325,0.43417646242737906,3
2326,0.43417646242737906,3
2327,0.43417646242737906,3
2328,0.43417646242737906,3
2329,0.43417646242737906,3
2330,0.4341764628679839,3
2331,0.4341764628679839,3
2332,0.4341764628679839,3
2333,0.4341764628679839,3
2334,0.4341764628679839,3
2335,0.43417646242737906,3
2336,0.4341764619867743,3
2337,0.4341764615461694,3
2338,0.4341764615461694,3
2339,0.4341764615461694,3
2340,0.43417646110556457,3
2341,0.43417646110556457,3
2342,0.43417646110556457,3
2343,0.4341764606649597,3
2344,0.4341764606649597,3
2345,0.43417646110556457,3
2346,0.4341764619867743,3
2347,0.4341764628679839,3
2348,0.4341764633085887,3
2349,0.4341764633085887,3
2350,0.4341764633085887,3
2351,0.4341764628679839,3
2352,0.43417646242737906,3
2353,0.43417646242737906,3
2354,0.43417646242737906,3
2355,0.43417646242737906,3
2356,0.4341764619867743,3
2357,0.4341764615461694,3
2358,0.4341764615461694,3
2359,0.4341764615461694,3
2360,0.4341764615461694,3
2361,0.4341764619867743,3
2362,0.43417646242737906,3
2363,0.43417646242737906,3
2364,0.4341764619867743,3
2365,0.4341764615461694,3
2366,0.4341764615461694,3
2367,0.4341764615461694,3
2368,0.4341764615461694,3
2369,0.4341764615461694,3
2370,0.4341764615461694,3
2371,0.4341764615461694,3
2372,0.4341764615461694,3
2373,0.4341764615461694,3
2374,0.4341764619867743,3
2375,0.43417646242737906,3
2376,0.4341764619867743,3
2377,0.4341764615461694,3
2378,0.43417646110556457,3
2379,0.43417646110556457,3
2380,0.43417646110556457,3
2381,0.4341764615461694,3
2382,0.4341764619867743,3
2383,0.43417646242737906,3
2384,0.43417646242737906,3
2385,0.43417646242737906,3
2386,0.43417646242737906,3
2387,0.43417646242737906,3
2388,0.43417646242737906,3
2389,0.43417646242737906,3
2390,0.43417646242737906,3
2391,0.43417646242737906,3
2392,0.43417646242737906,3
2393,0.43417646242737906,3
2394,0.43417646242737906,3
2395,0.43417646242737906,3
2396,0.43417646242737906,3
2397,0.43417646242737906,3
2398,0.43417646242737906,3
2399,0.43417646242737906,3
2400,0.43417646242737906,3
2401,0.4341764619867743,3
2402,0.4341764615461694,3
2403,0.4341764615461694,3
2404,0.4341764615461694,3
2405,0.4341764615461694,3
2406,0.4341764619867743,3
2407,0.43417646242737906,3
2408,0.43417646242737906,3
2409,0.43417646242737906,3
2410,0.43417646242737906,3
2411,0.43417646242737906,3
2412,0.43417646242737906,3
2413,0.43417646242737906,3
2414,0.43417646242737906,3
2415,0.43417646242737906,3
2416,0.43417646242737906,3
2417,0.43417646242737906,3
2418,0.43417646242737906,3
2419,0.43417646242737906,3
2420,0.43417646242737906,3
2421,0.43417646242737906,3
2422,0.43417646242737906,3
2423,0.43417646242737906,3
2424,0.43417646242737906,3
2425,0.43417646242737906,3
2426,0.43417646242737906,3
2427,0.4341764628679839,3
2428,0.4341764628679839,3
2429,0.4341764628679839,3
2430,0.4341764628679839,3
2431,0.4341764628679839,3
2432,0.43417646242737906,3
2433,0.43417646242737906,3
2434,0.43417646242737906,3
2435,0.43417646242737906,3
2436,0.4341764628679839,3
2437,0.43417646242737906,3
2438,0.43417646242737906,3
2439,0.43417646242737906,3
2440,0.43417646242737906,3
2441,0.43417646242737906,3
2442,0.4341764628679839,3
2443,0.4341764628679839,3
2444,0.4341764628679839,3
2445,0.4341764628679839,3
2446,0.43417646242737906,3
2447,0.43417646242737906,3
2448,0.4341764619867743,3
2449,0.4341764615461694,3
2450,0.43417646110556457,3
2451,0.4341764606649597,3
2452,0.4341764606649597,3
2453,0.43417646110556457,3
2454,0.4341764615461694,3
2455,0.4341764619867743,3
2456,0.4341764628679839,3
2457,0.4341764628679839,3
2458,0.4341764628679839,3
2459,0.4341764628679839,3
2460,0.4341764628679839,3
2461,0.43417646242737906,3
2462,0.43417646242737906,3
2463,0.43417646242737906,3
2464,0.43417646242737906,3
2465,0.43417646242737906,3
2466,0.43417646242737906,3
2467,0.43417646242737906,3
2468,0.43417646242737906,3
2469,0.43417646242737906,3
2470,0.43417646242737906,3
2471,0.43417646242737906,3
2472,0.43417646242737906,3
2473,0.43417646242737906,3
2474,0.4341764619867743,3
2475,0.4341764619867743,3
2476,0.4341764619867743,3
2477,0.4341764619867743,3
2478,0.4341764619867743,3
2479,0.43417646242737906,3
2480,0.43417646242737906,3
2481,0.43417646242737906,3
2482,0.43417646242737906,3
2483,0.43417646242737906,3
2484,0.43417646242737906,3
2485,0.43417646242737906,3
2486,0.43417646242737906,3
2487,0.43417646242737906,3
2488,0.4341764619867743,3
2489,0.4341764615461694,3
2490,0.4341764615461694,3
2491,0.4341764615461694,3
2492,0.4341764615461694,3
2493,0.43417646242737906,3
2494,0.4341764628679839,3
2495,0.4341764628679839,3
2496,0.4341764628679839,3
2497,0.4341764628679839,3
2498,0.43417646242737906,3
2499,0.43417646242737906,3
2500,0.43417646242737906,3
2501,0.43417646242737906,3
2502,0.43417646242737906,3
2503,0.43417646242737906,3
2504,0.43417646242737906,3
2505,0.43417646242737906,3
2506,0.43417646242737906,3
2507,0.43417646242737906,3
2508,0.43417646242737906,3
2509,0.43417646242737906,3
2510,0.43417646242737906,3
2511,0.43417646242737906,3
2512,0.43417646242737906,3
2513,0.43417646242737906,3
2514,0.43417646242737906,3
2515,0.43417646242737906,3
2516,0.4341764628679839,3
2517,0.4341764628679839,3
2518,0.4341764628679839,3
2519,0.4341764628679839,3
2520,0.4341764628679839,3
2521,0.4341764628679839,3
2522,0.4341764628679839,3
2523,0.4341764633085887,3
2524,0.4341764633085887,3
2525,0.4341764633085887,3
2526,0.4341764628679839,3
2527,0.43417646242737906,3
2528,0.4341764615461694,3
2529,0.4341764606649597,3
2530,0.4341764606649597,3
2531,0.4341764602243549,3
2532,0.4341764602243549,3
2533,0.4341764602243549,3
2534,0.4341764606649597,3
2535,0.4341764602243549,3
2536,0.4341764602243549,3
2537,0.4341764606649597,3
2538,0.43417646110556457,3
2539,0.4341764615461694,3
2540,0.4341764615461694,3
2541,0.4341764615461694,3
2542,0.43417646110556457,3
2543,0.43417646110556457,3
2544,0.43417646110556457,3
2545,0.4341764615461694,3
2546,0.4341764619867743,3
2547,0.43417646242737906,3
2548,0.43417646242737906,3
2549,0.43417646242737906,3
2550,0.43417646242737906,3
2551,0.43417646242737906,3
2552,0.43417646242737906,3
2553,0.43417646242737906,3
2554,0.43417646242737906,3
2555,0.43417646242737906,3
2556,0.43417646242737906,3
2557,0.4341764619867743,3
2558,0.4341764619867743,3
2559,0.4341764619867743,3
2560,0.4341764619867743,3
2561,0.4341764619867743,3
2562,0.43417646242737906,3
2563,0.43417646242737906,3
2564,0.43417646242737906,3
2565,0.4341764619867743,3
2566,0.4341764615461694,3
2567,0.4341764615461694,3
2568,0.43417646110556457,3
2569,0.43417646110556457,3
2570,0.4341764615461694,3
2571,0.4341764619867743,3
2572,0.4341764619867743,3
2573,0.43417646242737906,3
2574,0.43417646242737906,3
2575,0.43417646242737906,3
2576,0.43417646242737906,3
2577,0.43417646242737906,3
2578,0.43417646242737906,3
2579,0.43417646242737906,3
2580,0.43417646242737906,3
2581,0.43417646242737906,3
2582,0.43417646242737906,3
2583,0.4341764619867743,3
2584,0.4341764619867743,3
2585,0.4341764619867743,3
2586,0.4341764619867743,3
2587,0.4341764619867743,3
2588,0.43417646242737906,3
2589,0.43417646242737906,3
2590,0.43417646242737906,3
2591,0.4341764619867743,3
2592,0.4341764615461694,3
2593,0.43417646110556457,3
2594,0.4341764606649597,3
2595,0.4341764602243549,3
2596,0.4341764602243549,3
2597,0.4341764606649597,3
2598,0.43417646110556457,3
2599,0.4341764615461694,3
2600,0.4341764615461694,3
2601,0.4341764615461694,3
2602,0.4341764615461694,3
2603,0.4341764615461694,3
2604,0.4341764615461694,3
2605,0.4341764619867743,3
2606,0.43417646242737906,3
2607,0.43417646242737906,3
2608,0.43417646242737906,3
2609,0.43417646242737906,3
2610,0.43417646242737906,3
2611,0.43417646242737906,3
2612,0.43417646242737906,3
2613,0.43417646242737906,3
2614,0.43417646242737906,3
2615,0.43417646242737906,3
2616,0.43417646242737906,3
2617,0.43417646242737906,3
2618,0.4341764619867743,3
2619,0.4341764615461694,3
2620,0.4341764615461694,3
2621,0.4341764615461694,3
2622,0.4341764615461694,3
2623,0.4341764619867743,3
2624,0.4341764619867743,3
2625,0.4341764619867743,3
2626,0.4341764619867743,3
2627,0.4341764619867743,3
2628,0.4341764619867743,3
2629,0.43417646242737906,3
2630,0.43417646242737906,3
2631,0.43417646242737906,3
2632,0.43417646242737906,3
2633,0.43417646242737906,3
2634,0.4341764628679839,3
2635,0.4341764633085887,3
2636,0.43417646374919355,3
2637,0.43417646374919355,3
2638,0.43417646374919355,3
2639,0.4341764633085887,3
2640,0.4341764628679839,3
2641,0.43417646242737906,3
2642,0.43417646242737906,3
2643,0.43417646242737906,3
2644,0.43417646242737906,3
2645,0.43417646242737906,3
2646,0.43417646242737906,3
2647,0.43417646242737906,3
2648,0.43417646242737906,3
2649,0.43417646242737906,3
2650,0.43417646242737906,3
2651,0.43417646242737906,3
2652,0.43417646242737906,3
2653,0.43417646242737906,3
2654,0.43417646242737906,3
2655,0.43417646242737906,3
2656,0.43417646242737906,3
2657,0.43417646242737906,3
2658,0.4341764628679839,3
2659,0.4341764628679839,3
2660,0.4341764628679839,3
2661,0.4341764628679839,3
2662,0.4341764628679839,3
2663,0.43417646242737906,3
2664,0.4341764619867743,3
2665,0.4341764615461694,3
2666,0.4341764615461694,3
2667,0.4341764615461694,3
2668,0.4341764615461694,3
2669,0.4341764619867743,3
2670,0.43417646242737906,3
2671,0.43417646242737906,3
2672,0.43417646242737906,3
2673,0.43417646242737906,3
2674,0.43417646242737906,3
2675,0.43417646242737906,3
2676,0.43417646242737906,3
2677,0.43417646242737906,3
2678,0.4341764619867743,3
2679,0.4341764615461694,3
2680,0.43417646110556457,3
2681,0.4341764606649597,3
2682,0.4341764606649597,3
2683,0.43417646110556457,3
2684,0.4341764619867743,3
2685,0.43417646242737906,3
2686,0.4341764628679839,3
2687,0.4341764628679839,3
2688,0.4341764633085887,3
2689,0.4341764628679839,3
2690,0.4341764628679839,3
2691,0.4341764628679839,3
2692,0.4341764628679839,3
2693,0.43417646242737906,3
2694,0.43417646242737906,3
2695,0.43417646242737906,3
2696,0.43417646242737906,3
2697,0.43417646242737906,3
2698,0.4341764628679839,3
2699,0.4341764628679839,3
2700,0.4341764628679839,3
2701,0.4341764628679839,3
2702,0.4341764628679839,3
2703,0.43417646242737906,3
2704,0.43417646242737906,3
2705,0.43417646242737906,3
2706,0.4341764619867743,3
2707,0.4341764615461694,3
2708,0.43417646110556457,3
2709,0.43417646110556457,3
2710,0.43417646110556457,3
2711,0.4341764615461694,3
2712,0.4341764619867743,3
2713,0.43417646242737906,3
2714,0.43417646242737906,3
2715,0.43417646242737906,3
2716,0.43417646242737906,3
2717,0.43417646242737906,3
2718,0.43417646242737906,3
2719,0.43417646242737906,3
2720,0.43417646242737906,3
2721,0.43417646242737906,3
2722,0.43417646242737906,3
2723,0.43417646242737906,3
2724,0.43417646242737906,3
2725,0.43417646242737906,3
2726,0.43417646242737906,3
2727,0.43417646242737906,3
2728,0.43417646242737906,3
2729,0.43417646242737906,3
2730,0.4341764619867743,3
2731,0.4341764615461694,3
2732,0.4341764615461694,3
2733,0.43417646110556457,3
2734,0.4341764606649597,3
2735,0.4341764606649597,3
2736,0.4341764606649597,3
2737,0.4341764602243549,3
2738,0.4341764602243549,3
2739,0.4341764602243549,3
2740,0.4341764606649597,3
2741,0.43417646110556457,3
2742,0.4341764615461694,3
2743,0.4341764619867743,3
2744,0.43417646242737906,3
2745,0.43417646242737906,3
2746,0.4341764619867743,3
2747,0.4341764615461694,3
2748,0.4341764615461694,3
2749,0.4341764615461694,3
2750,0.4341764615461694,3
2751,0.4341764619867743,3
2752,0.43417646242737906,3
2753,0.43417646242737906,3
2754,0.43417646242737906,3
2755,0.4341764628679839,3
2756,0.4341764633085887,3
2757,0.43417646374919355,3
2758,0.43417646374919355,3
2759,0.43417646374919355,3
2760,0.4341764633085887,3
2761,0.4341764628679839,3
2762,0.43417646242737906,3
2763,0.43417646242737906,3
2764,0.43417646242737906,3
2765,0.43417646242737906,3
2766,0.43417646242737906,3
2767,0.43417646242737906,3
2768,0.43417646242737906,3
2769,0.43417646242737906,3
2770,0.4341764628679839,3
2771,0.4341764628679839,3
2772,0.4341764628679839,3
2773,0.4341764628679839,3
2774,0.4341764628679839,3
2775,0.43417646242737906,3
2776,0.43417646242737906,3
2777,0.43417646242737906,3
2778,0.43417646242737906,3
2779,0.43417646242737906,3
2780,0.43417646242737906,3
2781,0.43417646242737906,3
2782,0.4341764628679839,3
2783,0.4341764628679839,3
2784,0.4341764628679839,3
2785,0.4341764628679839,3
2786,0.4341764628679839,3
2787,0.43417646242737906,3
2788,0.43417646242737906,3
2789,0.4341764628679839,3
2790,0.4341764633085887,3
2791,0.4341764633085887,3
2792,0.4341764633085887,3
2793,0.4341764633085887,3
2794,0.4341764628679839,3
2795,0.43417646242737906,3
2796,0.43417646242737906,3
2797,0.43417646242737906,3
2798,0.43417646242737906,3
2799,0.43417646242737906,3
2800,0.43417646242737906,3
2801,0.4341764628679839,3
2802,0.4341764628679839,3
2803,0.4341764628679839,3
2804,0.4341764628679839,3
2805,0.4341764628679839,3
2806,0.43417646242737906,3
2807,0.43417646242737906,3
2808,0.43417646242737906,3
2809,0.4341764619867743,3
2810,0.4341764619867743,3
2811,0.4341764619867743,3
2812,0.4341764615461694,3
2813,0.43417646110556457,3
2814,0.4341764615461694,3
2815,0.4341764615461694,3
2816,0.4341764615461694,3
2817,0.4341764619867743,3
2818,0.43417646242737906,3
2819,0.43417646242737906,3
2820,0.43417646242737906,3
2821,0.4341764628679839,3
2822,0.4341764628679839,3
2823,0.4341764628679839,3
2824,0.4341764628679839,3
2825,0.4341764628679839,3
2826,0.43417646242737906,3
2827,0.43417646242737906,3
2828,0.43417646242737906,3
2829,0.4341764628679839,3
2830,0.43417646242737906,3
2831,0.4341764619867743,3
2832,0.4341764619867743,3
2833,0.4341764619867743,3
2834,0.4341764615461694,3
2835,0.4341764619867743,3
2836,0.43417646242737906,3
2837,0.43417646242737906,3
2838,0.43417646242737906,3
2839,0.4341764619867743,3
2840,0.4341764615461694,3
2841,0.43417646110556457,3
2842,0.4341764606649597,3
2843,0.4341764602243549,3
2844,0.4341764606649597,3
2845,0.43417646110556457,3
2846,0.4341764615461694,3
2847,0.43417646242737906,3
2848,0.4341764628679839,3
2849,0.4341764628679839,3
2850,0.4341764628679839,3
2851,0.4341764628679839,3
2852,0.43417646242737906,3
2853,0.43417646242737906,3
2854,0.43417646242737906,3
2855,0.43417646242737906,3
2856,0.43417646242737906,3
2857,0.43417646242737906,3
2858,0.43417646242737906,3
2859,0.4341764628679839,3
2860,0.4341764628679839,3
2861,0.4341764628679839,3
2862,0.4341764628679839,3
2863,0.4341764628679839,3
2864,0.43417646242737906,3
2865,0.43417646242737906,3
2866,0.43417646242737906,3
2867,0.43417646242737906,3
2868,0.43417646242737906,3
2869,0.43417646242737906,3
2870,0.4341764628679839,3
2871,0.4341764628679839,3
2872,0.4341764628679839,3
2873,0.4341764628679839,3
2874,0.4341764628679839,3
2875,0.43417646242737906,3
2876,0.43417646242737906,3
2877,0.43417646242737906,3
2878,0.43417646242737906,3
2879,0.43417646242737906,3
2880,0.43417646242737906,3
2881,0.43417646242737906,3
2882,0.43417646242737906,3
2883,0.43417646242737906,3
2884,0.43417646242737906,3
2885,0.43417646242737906,3
2886,0.43417646242737906,3
2887,0.43417646242737906,3
2888,0.43417646242737906,3
2889,0.43417646242737906,3
2890,0.4341764619867743,3
2891,0.4341764615461694,3
2892,0.4341764615461694,3
2893,0.4341764615461694,3
2894,0.4341764615461694,3
2895,0.4341764619867743,3
2896,0.4341764619867743,3
2897,0.4341764615461694,3
2898,0.4341764615461694,3
2899,0.43417646110556457,3
2900,0.43417646110556457,3
2901,0.4341764615461694,3
2902,0.4341764615461694,3
2903,0.43417646110556457,3
2904,0.4341764606649597,3
2905,0.4341764602243549,3
2906,0.4341764602243549,3
2907,0.4341764606649597,3
2908,0.4341764606649597,3
2909,0.4341764615461694,3
2910,0.4341764619867743,3
2911,0.4341764619867743,3
2912,0.4341764619867743,3
2913,0.43417646242737906,3
2914,0.43417646242737906,3
2915,0.43417646242737906,3
2916,0.43417646242737906,3
2917,0.43417646242737906,3
2918,0.43417646242737906,3
2919,0.43417646242737906,3
2920,0.4341764628679839,3
2921,0.4341764628679839,3
2922,0.43417646242737906,3
2923,0.43417646242737906,3
2924,0.43417646242737906,3
2925,0.4341764619867743,3
2926,0.4341764619867743,3
2927,0.43417646242737906,3
2928,0.4341764628679839,3
2929,0.4341764628679839,3
2930,0.4341764628679839,3
2931,0.4341764628679839,3
2932,0.4341764628679839,3
2933,0.43417646242737906,3
2934,0.43417646242737906,3
2935,0.43417646242737906,3
2936,0.43417646242737906,3
2937,0.43417646242737906,3
2938,0.43417646242737906,3
2939,0.43417646242737906,3
2940,0.43417646242737906,3
2941,0.43417646242737906,3
2942,0.43417646242737906,3
2943,0.43417646242737906,3
2944,0.43417646242737906,3
2945,0.43417646242737906,3
2946,0.43417646242737906,3
2947,0.43417646242737906,3
2948,0.43417646242737906,3
2949,0.43417646242737906,3
2950,0.43417646242737906,3
2951,0.4341764628679839,3
2952,0.4341764628679839,3
2953,0.4341764628679839,3
2954,0.4341764628679839,3
2955,0.4341764628679839,3
2956,0.43417646242737906,3
2957,0.43417646242737906,3
2958,0.43417646242737906,3
2959,0.43417646242737906,3
2960,0.43417646242737906,3
2961,0.43417646242737906,3
2962,0.43417646242737906,3
2963,0.43417646242737906,3
2964,0.4341764619867743,3
2965,0.4341764619867743,3
2966,0.4341764619867743,3
2967,0.4341764619867743,3
2968,0.4341764619867743,3
2969,0.43417646242737906,3
2970,0.43417646242737906,3
2971,0.4341764619867743,3
2972,0.4341764619867743,3
2973,0.4341764619867743,3
2974,0.4341764619867743,3
2975,0.4341764619867743,3
2976,0.43417646242737906,3
2977,0.43417646242737906,3
2978,0.43417646242737906,3
2979,0.43417646242737906,3
2980,0.43417646242737906,3
2981,0.43417646242737906,3
2982,0.43417646242737906,3
2983,0.43417646242737906,3
2984,0.43417646242737906,3
2985,0.43417646242737906,3
2986,0.43417646242737906,3
2987,0.43417646242737906,3
2988,0.43417646242737906,3
2989,0.43417646242737906,3
2990,0.43417646242737906,3
2991,0.43417646242737906,3
2992,0.43417646242737906,3
2993,0.4341764619867743,3
2994,0.4341764615461694,3
2995,0.43417646110556457,3
2996,0.43417646110556457,3
2997,0.43417646110556457,3
2998,0.43417646110556457,3
2999,0.43417646110556457,3
3000,0.43417646110556457,3
3001,0.43417646110556457,3
3002,0.43417646110556457,3
3003,0.4341764615461694,3
3004,0.4341764619867743,3
3005,0.43417646242737906,3
3006,0.43417646242737906,3
3007,0.43417646242737906,3
3008,0.43417646242737906,3
3009,0.43417646242737906,3
3010,0.43417646242737906,3
3011,0.43417646242737906,3
3012,0.4341764628679839,3
3013,0.4341764628679839,3
3014,0.4341764628679839,3
3015,0.4341764628679839,3
3016,0.4341764628679839,3
3017,0.43417646242737906,3
3018,0.43417646242737906,3
3019,0.4341764628679839,3
3020,0.4341764628679839,3
3021,0.4341764628679839,3
3022,0.4341764628679839,3
3023,0.4341764628679839,3
3024,0.43417646242737906,3
3025,0.43417646242737906,3
3026,0.43417646242737906,3
3027,0.43417646242737906,3
3028,0.43417646242737906,3
3029,0.43417646242737906,3
3030,0.43417646242737906,3
3031,0.43417646242737906,3
3032,0.43417646242737906,3
3033,0.43417646242737906,3
3034,0.43417646242737906,3
3035,0.43417646242737906,3
3036,0.43417646242737906,3
3037,0.43417646242737906,3
3038,0.43417646242737906,3
3039,0.43417646242737906,3
3040,0.43417646242737906,3
3041,0.43417646242737906,3
3042,0.43417646242737906,3
3043,0.43417646242737906,3
3044,0.43417646242737906,3
3045,0.43417646242737906,3
3046,0.43417646242737906,3
3047,0.43417646242737906,3
3048,0.43417646242737906,3
3049,0.43417646242737906,3
3050,0.43417646242737906,3
3051,0.43417646242737906,3
3052,0.43417646242737906,3
3053,0.43417646242737906,3
3054,0.43417646242737906,3
3055,0.43417646242737906,3
3056,0.43417646242737906,3
3057,0.4341764628679839,3
3058,0.4341764628679839,3
3059,0.4341764628679839,3
3060,0.4341764628679839,3
3061,0.4341764628679839,3
3062,0.43417646242737906,3
3063,0.43417646242737906,3
3064,0.4341764619867743,3
3065,0.4341764619867743,3
3066,0.4341764619867743,3
3067,0.4341764619867743,3
3068,0.4341764619867743,3
3069,0.43417646242737906,3
3070,0.43417646242737906,3
3071,0.43417646242737906,3
3072,0.43417646242737906,3
3073,0.43417646242737906,3
3074,0.4341764628679839,3
3075,0.4341764628679839,3
3076,0.4341764628679839,3
3077,0.4341764628679839,3
3078,0.4341764628679839,3
3079,0.43417646242737906,3
3080,0.43417646242737906,3
3081,0.43417646242737906,3
3082,0.43417646242737906,3
3083,0.43417646242737906,3
3084,0.43417646242737906,3
3085,0.43417646242737906,3
3086,0.43417646242737906,3
3087,0.43417646242737906,3
3088,0.43417646242737906,3
3089,0.43417646242737906,3
3090,0.43417646242737906,3
3091,0.43417646242737906,3
3092,0.43417646242737906,3
3093,0.43417646242737906,3
3094,0.43417646242737906,3
3095,0.43417646242737906,3
3096,0.43417646242737906,3
3097,0.43417646242737906,3
3098,0.4341764619867743,3
3099,0.4341764619867743,3
3100,0.4341764619867743,3
3101,0.4341764619867743,3
3102,0.4341764619867743,3
3103,0.43417646242737906,3
3104,0.4341764619867743,3
3105,0.4341764619867743,3
3106,0.4341764619867743,3
3107,0.4341764619867743,3
3108,0.4341764619867743,3
3109,0.43417646242737906,3
3110,0.43417646242737906,3
3111,0.43417646242737906,3
3112,0.43417646242737906,3
3113,0.43417646242737906,3
3114,0.43417646242737906,3
3115,0.43417646242737906,3
3116,0.43417646242737906,3
3117,0.43417646242737906,3
3118,0.43417646242737906,3
3119,0.43417646242737906,3
3120,0.43417646242737906,3
3121,0.4341764628679839,3
3122,0.4341764628679839,3
3123,0.43417646242737906,3
3124,0.43417646242737906,3
3125,0.43417646242737906,3
3126,0.4341764615461694,3
3127,0.4341764615461694,3
3128,0.4341764619867743,3
3129,0.4341764619867743,3
3130,0.4341764619867743,3
3131,0.43417646242737906,3
3132,0.43417646242737906,3
3133,0.43417646242737906,3
3134,0.43417646242737906,3
3135,0.43417646242737906,3
3136,0.4341764628679839,3
3137,0.4341764628679839,3
3138,0.4341764628679839,3
3139,0.4341764628679839,3
3140,0.4341764628679839,3
3141,0.43417646242737906,3
3142,0.43417646242737906,3
3143,0.4341764619867743,3
3144,0.4341764615461694,3
3145,0.4341764615461694,3
3146,0.4341764615461694,3
3147,0.4341764615461694,3
3148,0.4341764615461694,3
3149,0.4341764619867743,3
3150,0.4341764619867743,3
3151,0.4341764619867743,3
3152,0.4341764619867743,3
3153,0.4341764628679839,3
3154,0.4341764628679839,3
3155,0.43417646242737906,3
3156,0.43417646242737906,3
3157,0.43417646242737906,3
3158,0.4341764619867743,3
3159,0.4341764619867743,3
3160,0.43417646242737906,3
3161,0.43417646242737906,3
3162,0.43417646242737906,3
3163,0.43417646242737906,3
3164,0.43417646242737906,3
3165,0.43417646242737906,3
3166,0.43417646242737906,3
3167,0.43417646242737906,3
3168,0.43417646242737906,3
3169,0.43417646242737906,3
3170,0.43417646242737906,3
3171,0.43417646242737906,3
3172,0.43417646242737906,3
3173,0.43417646242737906,3
3174,0.43417646242737906,3
3175,0.43417646242737906,3
3176,0.43417646242737906,3
3177,0.43417646242737906,3
3178,0.43417646242737906,3
3179,0.4341764619867743,3
3180,0.4341764615461694,3
3181,0.43417646110556457,3
3182,0.4341764606649597,3
3183,0.4341764606649597,3
3184,0.4341764615461694,3
3185,0.4341764619867743,3
3186,0.43417646242737906,3
3187,0.4341764628679839,3
3188,0.4341764628679839,3
3189,0.43417646242737906,3
3190,0.43417646242737906,3
3191,0.43417646242737906,3
3192,0.43417646242737906,3
3193,0.43417646242737906,3
3194,0.43417646242737906,3
3195,0.43417646242737906,3
3196,0.43417646242737906,3
3197,0.43417646242737906,3
3198,0.4341764628679839,3
3199,0.4341764628679839,3
3200,0.4341764628679839,3
3201,0.4341764628679839,3
3202,0.4341764628679839,3
3203,0.43417646242737906,3
3204,0.4341764628679839,3
3205,0.4341764628679839,3
3206,0.4341764628679839,3
3207,0.4341764628679839,3
3208,0.4341764628679839,3
3209,0.43417646242737906,3
3210,0.43417646242737906,3
3211,0.43417646242737906,3
3212,0.43417646242737906,3
3213,0.43417646242737906,3
3214,0.43417646242737906,3
3215,0.43417646242737906,3
3216,0.43417646242737906,3
3217,0.43417646242737906,3
3218,0.43417646242737906,3
3219,0.43417646242737906,3
3220,0.43417646242737906,3
3221,0.43417646242737906,3
3222,0.43417646242737906,3
3223,0.43417646242737906,3
3224,0.43417646242737906,3
3225,0.43417646242737906,3
3226,0.4341764628679839,3
3227,0.4341764628679839,3
3228,0.4341764628679839,3
3229,0.4341764628679839,3
3230,0.4341764628679839,3
3231,0.43417646242737906,3
3232,0.43417646242737906,3
3233,0.43417646242737906,3
3234,0.43417646242737906,3
3235,0.43417646242737906,3
3236,0.43417646242737906,3
3237,0.43417646242737906,3
3238,0.43417646242737906,3
3239,0.43417646242737906,3
3240,0.4341764619867743,3
3241,0.4341764619867743,3
3242,0.4341764619867743,3
3243,0.4341764619867743,3
3244,0.4341764619867743,3
3245,0.43417646242737906,3
3246,0.43417646242737906,3
3247,0.43417646242737906,3
3248,0.43417646242737906,3
3249,0.43417646242737906,3
3250,0.43417646242737906,3
3251,0.43417646242737906,3
3252,0.43417646242737906,3
3253,0.43417646242737906,3
3254,0.43417646242737906,3
3255,0.43417646242737906,3
3256,0.43417646242737906,3
3257,0.43417646242737906,3
3258,0.43417646242737906,3
3259,0.43417646242737906,3
3260,0.43417646242737906,3
3261,0.43417646242737906,3
3262,0.43417646242737906,3
3263,0.43417646242737906,3
3264,0.43417646242737906,3
3265,0.43417646242737906,3
3266,0.43417646242737906,3
3267,0.43417646242737906,3
3268,0.43417646242737906,3
3269,0.4341764619867743,3
3270,0.4341764615461694,3
3271,0.43417646110556457,3
3272,0.43417646110556457,3
3273,0.43417646110556457,3
3274,0.4341764615461694,3
3275,0.4341764619867743,3
3276,0.43417646242737906,3
3277,0.43417646242737906,3
3278,0.43417646242737906,3
3279,0.43417646242737906,3
3280,0.43417646242737906,3
3281,0.43417646242737906,3
3282,0.43417646242737906,3
3283,0.4341764619867743,3
3284,0.4341764615461694,3
3285,0.43417646110556457,3
3286,0.43417646110556457,3
3287,0.4341764615461694,3
3288,0.4341764619867743,3
3289,0.43417646242737906,3
3290,0.4341764633085887,3
3291,0.4341764633085887,3
3292,0.4341764628679839,3
3293,0.4341764628679839,3
3294,0.4341764628679839,3
3295,0.43417646242737906,3
3296,0.43417646242737906,3
3297,0.43417646242737906,3
3298,0.4341764619867743,3
3299,0.4341764619867743,3
3300,0.4341764619867743,3
3301,0.4341764619867743,3
3302,0.4341764619867743,3
3303,0.43417646242737906,3
3304,0.43417646242737906,3
3305,0.43417646242737906,3
3306,0.43417646242737906,3
3307,0.43417646242737906,3
3308,0.43417646242737906,3
3309,0.43417646242737906,3
3310,0.43417646242737906,3
3311,0.43417646242737906,3
3312,0.43417646242737906,3
3313,0.4341764619867743,3
3314,0.4341764615461694,3
3315,0.4341764615461694,3
3316,0.4341764615461694,3
3317,0.4341764619867743,3
3318,0.43417646242737906,3
3319,0.4341764628679839,3
3320,0.43417646242737906,3
3321,0.4341764619867743,3
3322,0.43417646110556457,3
3323,0.4341764606649597,3
3324,0.4341764606649597,3
3325,0.43417646110556457,3
3326,0.4341764615461694,3
3327,0.4341764619867743,3
3328,0.43417646242737906,3
3329,0.43417646242737906,3
3330,0.43417646242737906,3
3331,0.43417646242737906,3
3332,0.43417646242737906,3
3333,0.43417646242737906,3
3334,0.4341764619867743,3
3335,0.4341764615461694,3
3336,0.4341764615461694,3
3337,0.4341764615461694,3
3338,0.4341764615461694,3
3339,0.4341764619867743,3
3340,0.43417646242737906,3
3341,0.43417646242737906,3
3342,0.43417646242737906,3
3343,0.43417646242737906,3
3344,0.4341764619867743,3
3345,0.4341764615461694,3
3346,0.43417646110556457,3
3347,0.43417646110556457,3
3348,0.43417646110556457,3
3349,0.43417646110556457,3
3350,0.4341764615461694,3
3351,0.4341764619867743,3
3352,0.4341764619867743,3
3353,0.43417646242737906,3
3354,0.4341764628679839,3
3355,0.4341764628679839,3
3356,0.4341764628679839,3
3357,0.4341764628679839,3
3358,0.43417646242737906,3
3359,0.43417646242737906,3
3360,0.43417646242737906,3
3361,0.43417646242737906,3
3362,0.43417646242737906,3
3363,0.43417646242737906,3
3364,0.43417646242737906,3
3365,0.43417646242737906,3
3366,0.43417646242737906,3
3367,0.43417646242737906,3
3368,0.43417646242737906,3
3369,0.43417646242737906,3
3370,0.43417646242737906,3
3371,0.43417646242737906,3
3372,0.43417646242737906,3
3373,0.43417646242737906,3
3374,0.4341764619867743,3
3375,0.4341764619867743,3
3376,0.4341764619867743,3
3377,0.4341764619867743,3
3378,0.4341764619867743,3
3379,0.43417646242737906,3
3380,0.43417646242737906,3
3381,0.43417646242737906,3
3382,0.43417646242737906,3
3383,0.43417646242737906,3
3384,0.43417646242737906,3
3385,0.43417646242737906,3
3386,0.43417646242737906,3
3387,0.43417646242737906,3
3388,0.4341764619867743,3
3389,0.4341764619867743,3
3390,0.4341764619867743,3
3391,0.4341764619867743,3
3392,0.4341764619867743,3
3393,0.4341764619867743,3
3394,0.4341764619867743,3
3395,0.4341764619867743,3
3396,0.4341764619867743,3
3397,0.4341764615461694,3
3398,0.4341764619867743,3
3399,0.4341764619867743,3
3400,0.4341764619867743,3
3401,0.4341764619867743,3
3402,0.43417646242737906,3
3403,0.43417646242737906,3
3404,0.43417646242737906,3
3405,0.43417646242737906,3
3406,0.43417646242737906,3
3407,0.43417646242737906,3
3408,0.43417646242737906,3
3409,0.43417646242737906,3
3410,0.43417646242737906,3
3411,0.43417646242737906,3
3412,0.43417646242737906,3
3413,0.4341764628679839,3
3414,0.4341764628679839,3
3415,0.43417646242737906,3
3416,0.43417646242737906,3
3417,0.43417646242737906,3
3418,0.4341764619867743,3
3419,0.4341764619867743,3
3420,0.43417646242737906,3
3421,0.43417646242737906,3
3422,0.43417646242737906,3
3423,0.43417646242737906,3
3424,0.43417646242737906,3
3425,0.43417646242737906,3
3426,0.43417646242737906,3
3427,0.43417646242737906,3
3428,0.43417646242737906,3
3429,0.43417646242737906,3
3430,0.43417646242737906,3
3431,0.43417646242737906,3
3432,0.43417646242737906,3
3433,0.4341764628679839,3
3434,0.4341764628679839,3
3435,0.4341764628679839,3
3436,0.4341764628679839,3
3437,0.4341764628679839,3
3438,0.43417646242737906,3
3439,0.43417646242737906,3
3440,0.4341764628679839,3
3441,0.43417646242737906,3
3442,0.43417646242737906,3
3443,0.43417646242737906,3
3444,0.4341764619867743,3
3445,0.43417646110556457,3
3446,0.43417646110556457,3
3447,0.4341764606649597,3
3448,0.4341764606649597,3
3449,0.4341764606649597,3
3450,0.43417646110556457,3
3451,0.4341764615461694,3
3452,0.4341764619867743,3
3453,0.4341764619867743,3
3454,0.43417646242737906,3
3455,0.43417646242737906,3
3456,0.43417646242737906,3
3457,0.43417646242737906,3
3458,0.43417646242737906,3
3459,0.43417646242737906,3
3460,0.4341764619867743,3
3461,0.4341764615461694,3
3462,0.43417646110556457,3
3463,0.4341764606649597,3
3464,0.4341764606649597,3
3465,0.43417646110556457,3
3466,0.4341764615461694,3
3467,0.4341764619867743,3
3468,0.43417646242737906,3
3469,0.43417646242737906,3
3470,0.43417646242737906,3
3471,0.43417646242737906,3
3472,0.43417646242737906,3
3473,0.43417646242737906,3
3474,0.43417646242737906,3
3475,0.43417646242737906,3
3476,0.43417646242737906,3
3477,0.43417646242737906,3
3478,0.43417646242737906,3
3479,0.43417646242737906,3
3480,0.43417646242737906,3
3481,0.43417646242737906,3
3482,0.43417646242737906,3
3483,0.43417646242737906,3
3484,0.43417646242737906,3
3485,0.4341764619867743,3
3486,0.4341764615461694,3
3487,0.43417646110556457,3
3488,0.4341764606649597,3
3489,0.4341764606649597,3
3490,0.43417646110556457,3
3491,0.4341764615461694,3
3492,0.4341764619867743,3
3493,0.43417646242737906,3
3494,0.43417646242737906,3
3495,0.4341764628679839,3
3496,0.4341764633085887,3
3497,0.4341764633085887,3
3498,0.4341764633085887,3
3499,0.4341764633085887,3
3500,0.4341764628679839,3
3501,0.43417646242737906,3
3502,0.43417646242737906,3
3503,0.43417646242737906,3
3504,0.4341764628679839,3
3505,0.4341764628679839,3
3506,0.4341764633085887,3
3507,0.43417646374919355,3
3508,0.43417646374919355,3
3509,0.4341764633085887,3
3510,0.4341764628679839,3
3511,0.43417646242737906,3
3512,0.4341764619867743,3
3513,0.4341764619867743,3
3514,0.4341764615461694,3
3515,0.4341764615461694,3
3516,0.43417646110556457,3
3517,0.4341764606649597,3
3518,0.4341764602243549,3
3519,0.4341764602243549,3
3520,0.4341764606649597,3
3521,0.4341764606649597,3
3522,0.43417646110556457,3
3523,0.4341764615461694,3
3524,0.4341764619867743,3
3525,0.4341764619867743,3
3526,0.43417646242737906,3
3527,0.43417646242737906,3
3528,0.43417646242737906,3
3529,0.4341764628679839,3
3530,0.4341764628679839,3
3531,0.4341764628679839,3
3532,0.4341764628679839,3
3533,0.4341764628679839,3
3534,0.43417646242737906,3
3535,0.43417646242737906,3
3536,0.43417646242737906,3
3537,0.43417646242737906,3
3538,0.43417646242737906,3
3539,0.43417646242737906,3
3540,0.43417646242737906,3
3541,0.43417646242737906,3
3542,0.43417646242737906,3
3543,0.43417646242737906,3
3544,0.43417646242737906,3
3545,0.43417646242737906,3
3546,0.43417646242737906,3
3547,0.43417646242737906,3
3548,0.43417646242737906,3
3549,0.43417646242737906,3
3550,0.43417646242737906,3
3551,0.43417646242737906,3
3552,0.43417646242737906,3
3553,0.4341764619867743,3
3554,0.4341764619867743,3
3555,0.4341764619867743,3
3556,0.43417646242737906,3
3557,0.43417646242737906,3
3558,0.4341764628679839,3
3559,0.4341764628679839,3
3560,0.4341764628679839,3
3561,0.43417646242737906,3
3562,0.43417646242737906,3
3563,0.43417646242737906,3
3564,0.43417646242737906,3
3565,0.43417646242737906,3
3566,0.43417646242737906,3
3567,0.43417646242737906,3
3568,0.43417646242737906,3
3569,0.43417646242737906,3
3570,0.43417646242737906,3
3571,0.43417646242737906,3
3572,0.43417646242737906,3
3573,0.43417646242737906,3
3574,0.43417646242737906,3
3575,0.43417646242737906,3
3576,0.43417646242737906,3
3577,0.43417646242737906,3
3578,0.43417646242737906,3
3579,0.43417646242737906,3
3580,0.43417646242737906,3
3581,0.43417646242737906,3
3582,0.43417646242737906,3
3583,0.4341764619867743,3
3584,0.4341764619867743,3
3585,0.4341764619867743,3
3586,0.4341764619867743,3
3587,0.4341764619867743,3
3588,0.43417646242737906,3
3589,0.43417646242737906,3
3590,0.43417646242737906,3
3591,0.43417646242737906,3
3592,0.43417646242737906,3
3593,0.43417646242737906,3
3594,0.43417646242737906,3
3595,0.43417646242737906,3
3596,0.43417646242737906,3
3597,0.43417646242737906,3
3598,0.43417646242737906,3
3599,0.43417646242737906,3
3600,0.43417646242737906,3
3601,0.43417646242737906,3
3602,0.43417646242737906,3
3603,0.43417646242737906,3
3604,0.43417646242737906,3
3605,0.4341764628679839,3
3606,0.4341764628679839,3
3607,0.4341764628679839,3
3608,0.4341764628679839,3
3609,0.4341764628679839,3
3610,0.43417646242737906,3
3611,0.43417646242737906,3
3612,0.43417646242737906,3
3613,0.43417646242737906,3
3614,0.43417646242737906,3
3615,0.43417646242737906,3
3616,0.43417646242737906,3
3617,0.43417646242737906,3
3618,0.43417646242737906,3
3619,0.43417646242737906,3
3620,0.43417646242737906,3
3621,0.43417646242737906,3
3622,0.43417646242737906,3
3623,0.43417646242737906,3
3624,0.43417646242737906,3
3625,0.43417646242737906,3
3626,0.43417646242737906,3
3627,0.43417646242737906,3
3628,0.43417646242737906,3
3629,0.43417646242737906,3
3630,0.43417646242737906,3
3631,0.43417646242737906,3
3632,0.4341764619867743,3
3633,0.4341764619867743,3
3634,0.4341764619867743,3
3635,0.4341764619867743,3
3636,0.4341764615461694,3
3637,0.4341764615461694,3
3638,0.43417646110556457,3
3639,0.4341764606649597,3
3640,0.4341764602243549,3
3641,0.4341764602243549,3
3642,0.4341764606649597,3
3643,0.43417646110556457,3
3644,0.4341764615461694,3
3645,0.4341764619867743,3
3646,0.4341764628679839,3
3647,0.4341764633085887,3
3648,0.4341764633085887,3
3649,0.4341764633085887,3
3650,0.4341764633085887,3
3651,0.4341764628679839,3
3652,0.43417646242737906,3
3653,0.43417646242737906,3
3654,0.43417646242737906,3
3655,0.43417646242737906,3
3656,0.43417646242737906,3
3657,0.43417646242737906,3
3658,0.43417646242737906,3
3659,0.43417646242737906,3
3660,0.43417646242737906,3
3661,0.43417646242737906,3
3662,0.43417646242737906,3
3663,0.43417646242737906,3
3664,0.43417646242737906,3
3665,0.43417646242737906,3
3666,0.43417646242737906,3
3667,0.43417646242737906,3
3668,0.43417646242737906,3
3669,0.43417646242737906,3
3670,0.43417646242737906,3
3671,0.43417646242737906,3
3672,0.43417646242737906,3
3673,0.43417646242737906,3
3674,0.43417646242737906,3
3675,0.43417646242737906,3
3676,0.43417646242737906,3
3677,0.43417646242737906,3
3678,0.43417646242737906,3
3679,0.43417646242737906,3
3680,0.43417646242737906,3
3681,0.43417646242737906,3
3682,0.4341764628679839,3
3683,0.4341764633085887,3
3684,0.4341764633085887,3
3685,0.4341764633085887,3
3686,0.4341764633085887,3
3687,0.4341764628679839,3
3688,0.43417646242737906,3
3689,0.43417646242737906,3
3690,0.43417646242737906,3
3691,0.4341764619867743,3
3692,0.4341764615461694,3
3693,0.4341764615461694,3
3694,0.4341764615461694,3
3695,0.4341764619867743,3
3696,0.43417646242737906,3
3697,0.4341764633085887,3
3698,0.4341764633085887,3
3699,0.4341764628679839,3
3700,0.4341764619867743,3
3701,0.4341764615461694,3
3702,0.4341764606649597,3
3703,0.4341764606649597,3
3704,0.43417646110556457,3
3705,0.4341764615461694,3
3706,0.4341764619867743,3
3707,0.43417646242737906,3
3708,0.43417646242737906,3
3709,0.4341764628679839,3
3710,0.4341764628679839,3
3711,0.4341764628679839,3
3712,0.4341764628679839,3
3713,0.43417646242737906,3
3714,0.4341764615461694,3
3715,0.4341764615461694,3
3716,0.4341764615461694,3
3717,0.4341764619867743,3
3718,0.4341764628679839,3
3719,0.4341764633085887,3
3720,0.4341764633085887,3
3721,0.4341764633085887,3
3722,0.4341764628679839,3
3723,0.43417646242737906,3
3724,0.4341764619867743,3
3725,0.4341764615461694,3
3726,0.43417646110556457,3
3727,0.4341764606649597,3
3728,0.4341764602243549,3
3729,0.4341764602243549,3
3730,0.4341764602243549,3
3731,0.4341764606649597,3
3732,0.4341764615461694,3
3733,0.4341764619867743,3
3734,0.43417646242737906,3
3735,0.4341764628679839,3
3736,0.4341764628679839,3
3737,0.43417646242737906,3
3738,0.43417646242737906,3
3739,0.43417646242737906,3
3740,0.43417646242737906,3
3741,0.43417646242737906,3
3742,0.4341764619867743,3
3743,0.4341764619867743,3
3744,0.4341764619867743,3
3745,0.4341764619867743,3
3746,0.4341764619867743,3
3747,0.43417646242737906,3
3748,0.43417646242737906,3
3749,0.4341764619867743,3
3750,0.4341764619867743,3
3751,0.4341764615461694,3
3752,0.43417646110556457,3
3753,0.4341764606649597,3
3754,0.43417646110556457,3
3755,0.43417646110556457,3
3756,0.4341764615461694,3
3757,0.4341764615461694,3
3758,0.4341764619867743,3
3759,0.4341764619867743,3
3760,0.4341764615461694,3
3761,0.4341764615461694,3
3762,0.4341764619867743,3
3763,0.4341764615461694,3
3764,0.4341764606649597,3
3765,0.4341764602243549,3
3766,0.4341764597837501,3
3767,0.4341764597837501,3
3768,0.4341764602243549,3
3769,0.43417646110556457,3
3770,0.4341764619867743,3
3771,0.43417646242737906,3
3772,0.43417646242737906,3
3773,0.43417646242737906,3
3774,0.43417646242737906,3
3775,0.43417646242737906,3
3776,0.43417646242737906,3
3777,0.4341764619867743,3
3778,0.4341764615461694,3
3779,0.43417646110556457,3
3780,0.43417646110556457,3
3781,0.43417646110556457,3
3782,0.4341764615461694,3
3783,0.4341764619867743,3
3784,0.43417646242737906,3
3785,0.43417646242737906,3
3786,0.43417646242737906,3
3787,0.43417646242737906,3
3788,0.43417646242737906,3
3789,0.43417646242737906,3
3790,0.43417646242737906,3
3791,0.43417646242737906,3
3792,0.43417646242737906,3
3793,0.43417646242737906,3
3794,0.43417646242737906,3
3795,0.4341764628679839,3
3796,0.4341764628679839,3
3797,0.4341764628679839,3
3798,0.4341764628679839,3
3799,0.4341764628679839,3
3800,0.43417646242737906,3
3801,0.43417646242737906,3
3802,0.43417646242737906,3
3803,0.43417646242737906,3
3804,0.43417646242737906,3
3805,0.43417646242737906,3
3806,0.43417646242737906,3
3807,0.43417646242737906,3
3808,0.43417646242737906,3
3809,0.43417646242737906,3
3810,0.43417646242737906,3
3811,0.43417646242737906,3
3812,0.4341764619867743,3
3813,0.4341764615461694,3
3814,0.4341764615461694,3
3815,0.4341764615461694,3
3816,0.4341764615461694,3
3817,0.4341764619867743,3
3818,0.4341764619867743,3
3819,0.4341764615461694,3
3820,0.4341764615461694,3
3821,0.4341764615461694,3
3822,0.4341764615461694,3
3823,0.4341764619867743,3
3824,0.43417646242737906,3
3825,0.43417646242737906,3
3826,0.43417646242737906,3
3827,0.43417646242737906,3
3828,0.43417646242737906,3
3829,0.43417646242737906,3
3830,0.43417646242737906,3
3831,0.43417646242737906,3
3832,0.43417646242737906,3
3833,0.43417646242737906,3
3834,0.43417646242737906,3
3835,0.43417646242737906,3
3836,0.43417646242737906,3
3837,0.43417646242737906,3
3838,0.43417646242737906,3
3839,0.43417646242737906,3
3840,0.43417646242737906,3
3841,0.43417646242737906,3
3842,0.43417646242737906,3
3843,0.4341764628679839,3
3844,0.4341764628679839,3
3845,0.4341764628679839,3
3846,0.4341764628679839,3
3847,0.4341764628679839,3
3848,0.43417646242737906,3
3849,0.43417646242737906,3
3850,0.43417646242737906,3
3851,0.43417646242737906,3
3852,0.43417646242737906,3
3853,0.43417646242737906,3
3854,0.43417646242737906,3
3855,0.43417646242737906,3
3856,0.43417646242737906,3
3857,0.43417646242737906,3
3858,0.43417646242737906,3
3859,0.43417646242737906,3
3860,0.43417646242737906,3
3861,0.43417646242737906,3
3862,0.43417646242737906,3
3863,0.43417646242737906,3
3864,0.43417646242737906,3
3865,0.43417646242737906,3
3866,0.43417646242737906,3
3867,0.43417646242737906,3
3868,0.43417646242737906,3
3869,0.4341764628679839,3
3870,0.4341764628679839,3
3871,0.4341764633085887,3
3872,0.4341764633085887,3
3873,0.4341764633085887,3
3874,0.4341764628679839,3
3875,0.4341764628679839,3
3876,0.43417646242737906,3
3877,0.43417646242737906,3
3878,0.43417646242737906,3
3879,0.43417646242737906,3
3880,0.43417646242737906,3
3881,0.43417646242737906,3
3882,0.43417646242737906,3
3883,0.43417646242737906,3
3884,0.43417646242737906,3
3885,0.43417646242737906,3
3886,0.43417646242737906,3
3887,0.43417646242737906,3
3888,0.43417646242737906,3
3889,0.43417646242737906,3
3890,0.43417646242737906,3
3891,0.43417646242737906,3
3892,0.43417646242737906,3
3893,0.43417646242737906,3
3894,0.43417646242737906,3
3895,0.43417646242737906,3
3896,0.43417646242737906,3
3897,0.43417646242737906,3
3898,0.43417646242737906,3
3899,0.43417646242737906,3
3900,0.4341764619867743,3
3901,0.4341764619867743,3
3902,0.4341764619867743,3
3903,0.4341764619867743,3
3904,0.4341764619867743,3
3905,0.43417646242737906,3
3906,0.43417646242737906,3
3907,0.43417646242737906,3
3908,0.43417646242737906,3
3909,0.43417646242737906,3
3910,0.43417646242737906,3
3911,0.43417646242737906,3
3912,0.43417646242737906,3
3913,0.43417646242737906,3
3914,0.43417646242737906,3
3915,0.43417646242737906,3
3916,0.43417646242737906,3
3917,0.43417646242737906,3
3918,0.43417646242737906,3
3919,0.43417646242737906,3
3920,0.43417646242737906,3
3921,0.43417646242737906,3
3922,0.43417646242737906,3
3923,0.43417646242737906,3
3924,0.43417646242737906,3
3925,0.43417646242737906,3
3926,0.43417646242737906,3
3927,0.43417646242737906,3
3928,0.43417646242737906,3
3929,0.43417646242737906,3
3930,0.43417646242737906,3
3931,0.4341764619867743,3
3932,0.4341764615461694,3
3933,0.43417646110556457,3
3934,0.43417646110556457,3
3935,0.43417646110556457,3
3936,0.4341764615461694,3
3937,0.4341764619867743,3
3938,0.4341764619867743,3
3939,0.4341764619867743,3
3940,0.4341764619867743,3
3941,0.4341764619867743,3
3942,0.4341764619867743,3
3943,0.43417646242737906,3
3944,0.4341764619867743,3
3945,0.4341764615461694,3
3946,0.43417646110556457,3
3947,0.43417646110556457,3
3948,0.4341764615461694,3
3949,0.4341764619867743,3
3950,0.43417646242737906,3
3951,0.4341764628679839,3
3952,0.4341764628679839,3
3953,0.43417646242737906,3
3954,0.43417646242737906,3
3955,0.43417646242737906,3
3956,0.43417646242737906,3
3957,0.43417646242737906,3
3958,0.43417646242737906,3
3959,0.43417646242737906,3
3960,0.4341764628679839,3
3961,0.4341764628679839,3
3962,0.43417646242737906,3
3963,0.4341764619867743,3
3964,0.4341764615461694,3
3965,0.4341764606649597,3
3966,0.4341764602243549,3
3967,0.4341764602243549,3
3968,0.4341764602243549,3
3969,0.4341764602243549,3
3970,0.4341764602243549,3
3971,0.4341764602243549,3
3972,0.4341764606649597,3
3973,0.43417646110556457,3
3974,0.4341764615461694,3
3975,0.4341764619867743,3
3976,0.43417646242737906,3
3977,0.43417646242737906,3
3978,0.43417646242737906,3
3979,0.43417646242737906,3
3980,0.43417646242737906,3
3981,0.43417646242737906,3
3982,0.43417646242737906,3
3983,0.43417646242737906,3
3984,0.43417646242737906,3
3985,0.43417646242737906,3
3986,0.43417646242737906,3
3987,0.43417646242737906,3
3988,0.43417646242737906,3
3989,0.43417646242737906,3
3990,0.43417646242737906,3
3991,0.43417646242737906,3
3992,0.43417646242737906,3
3993,0.43417646242737906,3
3994,0.43417646242737906,3
3995,0.43417646242737906,3
3996,0.43417646242737906,3
3997,0.43417646242737906,3
3998,0.43417646242737906,3
3999,0.43417646242737906,3
4000,0.43417646242737906,3
4001,0.43417646242737906,3
4002,0.43417646242737906,3
4003,0.43417646242737906,3
4004,0.43417646242737906,3
4005,0.43417646242737906,3
4006,0.43417646242737906,3
4007,0.43417646242737906,3
4008,0.4341764628679839,3
4009,0.4341764628679839,3
4010,0.4341764628679839,3
4011,0.4341764628679839,3
4012,0.4341764628679839,3
4013,0.43417646242737906,3
4014,0.43417646242737906,3
4015,0.43417646242737906,3
4016,0.43417646242737906,3
4017,0.4341764619867743,3
4018,0.4341764615461694,3
4019,0.43417646110556457,3
4020,0.4341764606649597,3
4021,0.4341764606649597,3
4022,0.43417646110556457,3
4023,0.4341764615461694,3
4024,0.4341764619867743,3
4025,0.4341764619867743,3
4026,0.4341764619867743,3
4027,0.4341764619867743,3
4028,0.4341764619867743,3
4029,0.4341764619867743,3
4030,0.43417646242737906,3
4031,0.43417646242737906,3
4032,0.43417646242737906,3
4033,0.43417646242737906,3
4034,0.43417646242737906,3
4035,0.4341764628679839,3
4036,0.4341764628679839,3
4037,0.4341764628679839,3
4038,0.4341764628679839,3
4039,0.4341764628679839,3
4040,0.43417646242737906,3
4041,0.43417646242737906,3
4042,0.43417646242737906,3
4043,0.43417646242737906,3
4044,0.43417646242737906,3
4045,0.43417646242737906,3
4046,0.43417646242737906,3
4047,0.43417646242737906,3
4048,0.43417646242737906,3
4049,0.43417646242737906,3
4050,0.43417646242737906,3
4051,0.43417646242737906,3
4052,0.43417646242737906,3
4053,0.43417646242737906,3
4054,0.43417646242737906,3
4055,0.4341764628679839,3
4056,0.4341764628679839,3
4057,0.4341764628679839,3
4058,0.4341764628679839,3
4059,0.4341764628679839,3
4060,0.43417646242737906,3
4061,0.43417646242737906,3
4062,0.43417646242737906,3
4063,0.43417646242737906,3
4064,0.4341764619867743,3
4065,0.4341764615461694,3
4066,0.43417646110556457,3
4067,0.4341764606649597,3
4068,0.4341764606649597,3
4069,0.43417646110556457,3
4070,0.43417646110556457,3
4071,0.43417646110556457,3
4072,0.43417646110556457,3
4073,0.4341764606649597,3
4074,0.4341764606649597,3
4075,0.43417646110556457,3
4076,0.4341764615461694,3
4077,0.4341764619867743,3
4078,0.43417646242737906,3
4079,0.43417646242737906,3
4080,0.43417646242737906,3
4081,0.43417646242737906,3
4082,0.43417646242737906,3
4083,0.43417646242737906,3
4084,0.4341764628679839,3
4085,0.4341764633085887,3
4086,0.4341764633085887,3
4087,0.4341764633085887,3
4088,0.4341764633085887,3
4089,0.4341764628679839,3
4090,0.43417646242737906,3
4091,0.43417646242737906,3
4092,0.43417646242737906,3
4093,0.43417646242737906,3
4094,0.4341764619867743,3
4095,0.4341764615461694,3
4096,0.43417646110556457,3
4097,0.4341764606649597,3
4098,0.4341764606649597,3
4099,0.43417646110556457,3
4100,0.4341764615461694,3
4101,0.4341764619867743,3
4102,0.43417646242737906,3
4103,0.43417646242737906,3
4104,0.43417646242737906,3
4105,0.43417646242737906,3
4106,0.43417646242737906,3
4107,0.43417646242737906,3
4108,0.43417646242737906,3
4109,0.43417646242737906,3
4110,0.43417646242737906,3
4111,0.4341764619867743,3
4112,0.4341764619867743,3
4113,0.4341764619867743,3
4114,0.4341764619867743,3
4115,0.4341764619867743,3
4116,0.43417646242737906,3
4117,0.43417646242737906,3
4118,0.43417646242737906,3
4119,0.4341764628679839,3
4120,0.4341764633085887,3
4121,0.4341764633085887,3
4122,0.4341764628679839,3
4123,0.43417646242737906,3
4124,0.4341764619867743,3
4125,0.4341764615461694,3
4126,0.4341764615461694,3
4127,0.4341764615461694,3
4128,0.4341764615461694,3
4129,0.43417646110556457,3
4130,0.4341764606649597,3
4131,0.4341764602243549,3
4132,0.4341764606649597,3
4133,0.43417646110556457,3
4134,0.43417646110556457,3
4135,0.4341764615461694,3
4136,0.4341764615461694,3
4137,0.4341764615461694,3
4138,0.4341764615461694,3
4139,0.4341764619867743,3
4140,0.4341764619867743,3
4141,0.43417646242737906,3
4142,0.43417646242737906,3
4143,0.43417646242737906,3
4144,0.43417646242737906,3
4145,0.43417646242737906,3
4146,0.43417646242737906,3
4147,0.43417646242737906,3
4148,0.43417646242737906,3
4149,0.43417646242737906,3
4150,0.43417646242737906,3
4151,0.43417646242737906,3
4152,0.43417646242737906,3
4153,0.43417646242737906,3
4154,0.4341764619867743,3
4155,0.4341764619867743,3
4156,0.4341764619867743,3
4157,0.4341764615461694,3
4158,0.43417646110556457,3
4159,0.4341764615461694,3
4160,0.4341764619867743,3
4161,0.4341764619867743,3
4162,0.43417646242737906,3
4163,0.4341764633085887,3
4164,0.4341764633085887,3
4165,0.4341764628679839,3
4166,0.4341764628679839,3
4167,0.4341764628679839,3
4168,0.43417646242737906,3
4169,0.43417646242737906,3
4170,0.43417646242737906,3
4171,0.43417646242737906,3
4172,0.4341764628679839,3
4173,0.4341764633085887,3
4174,0.4341764633085887,3
4175,0.4341764633085887,3
4176,0.4341764633085887,3
4177,0.4341764628679839,3
4178,0.43417646242737906,3
4179,0.43417646242737906,3
4180,0.43417646242737906,3
4181,0.43417646242737906,3
4182,0.43417646242737906,3
4183,0.43417646242737906,3
4184,0.43417646242737906,3
4185,0.43417646242737906,3
4186,0.43417646242737906,3
4187,0.43417646242737906,3
4188,0.43417646242737906,3
4189,0.43417646242737906,3
4190,0.43417646242737906,3
4191,0.43417646242737906,3
4192,0.43417646242737906,3
4193,0.43417646242737906,3
4194,0.43417646242737906,3
4195,0.43417646242737906,3
4196,0.43417646242737906,3
4197,0.43417646242737906,3
4198,0.43417646242737906,3
4199,0.43417646242737906,3
4200,0.43417646242737906,3
4201,0.43417646242737906,3
4202,0.43417646242737906,3
4203,0.43417646242737906,3
4204,0.43417646242737906,3
4205,0.43417646242737906,3
4206,0.43417646242737906,3
4207,0.4341764619867743,3
4208,0.4341764619867743,3
4209,0.4341764619867743,3
4210,0.4341764619867743,3
4211,0.4341764619867743,3
4212,0.43417646242737906,3
4213,0.43417646242737906,3
4214,0.43417646242737906,3
4215,0.43417646242737906,3
4216,0.43417646242737906,3
4217,0.43417646242737906,3
4218,0.43417646242737906,3
4219,0.43417646242737906,3
4220,0.43417646242737906,3
4221,0.4341764619867743,3
4222,0.4341764615461694,3
4223,0.4341764615461694,3
4224,0.4341764615461694,3
4225,0.43417646110556457,3
4226,0.4341764615461694,3
4227,0.4341764619867743,3
4228,0.4341764619867743,3
4229,0.4341764619867743,3
4230,0.43417646242737906,3
4231,0.4341764628679839,3
4232,0.4341764628679839,3
4233,0.4341764628679839,3
4234,0.43417646242737906,3
4235,0.43417646242737906,3
4236,0.4341764619867743,3
4237,0.4341764619867743,3
4238,0.4341764619867743,3
4239,0.43417646242737906,3
4240,0.43417646242737906,3
4241,0.4341764619867743,3
4242,0.4341764615461694,3
4243,0.4341764615461694,3
4244,0.4341764615461694,3
4245,0.4341764615461694,3
4246,0.4341764615461694,3
4247,0.4341764615461694,3
4248,0.43417646110556457,3
4249,0.43417646110556457,3
4250,0.43417646110556457,3
4251,0.4341764615461694,3
4252,0.4341764619867743,3
4253,0.43417646242737906,3
4254,0.43417646242737906,3
4255,0.43417646242737906,3
4256,0.43417646242737906,3
4257,0.43417646242737906,3
4258,0.43417646242737906,3
4259,0.43417646242737906,3
4260,0.43417646242737906,3
4261,0.43417646242737906,3
4262,0.43417646242737906,3
4263,0.43417646242737906,3
4264,0.4341764619867743,3
4265,0.43417646110556457,3
4266,0.43417646110556457,3
4267,0.43417646110556457,3
4268,0.43417646110556457,3
4269,0.43417646110556457,3
4270,0.4341764615461694,3
4271,0.43417646110556457,3
4272,0.43417646110556457,3
4273,0.43417646110556457,3
4274,0.4341764619867743,3
4275,0.4341764628679839,3
4276,0.4341764633085887,3
4277,0.4341764633085887,3
4278,0.4341764633085887,3
4279,0.4341764628679839,3
4280,0.43417646242737906,3
4281,0.43417646242737906,3
4282,0.43417646242737906,3
4283,0.43417646242737906,3
4284,0.4341764619867743,3
4285,0.4341764615461694,3
4286,0.4341764615461694,3
4287,0.4341764615461694,3
4288,0.4341764615461694,3
4289,0.4341764619867743,3
4290,0.43417646242737906,3
4291,0.43417646242737906,3
4292,0.43417646242737906,3
4293,0.43417646242737906,3
4294,0.43417646242737906,3
4295,0.43417646242737906,3
4296,0.43417646242737906,3
4297,0.43417646242737906,3
4298,0.43417646242737906,3
4299,0.4341764619867743,3
4300,0.4341764619867743,3
4301,0.4341764619867743,3
4302,0.4341764619867743,3
4303,0.43417646242737906,3
4304,0.4341764628679839,3
4305,0.4341764628679839,3
4306,0.4341764628679839,3
4307,0.4341764628679839,3
4308,0.43417646242737906,3
4309,0.43417646242737906,3
4310,0.43417646242737906,3
4311,0.43417646242737906,3
4312,0.43417646242737906,3
4313,0.43417646242737906,3
4314,0.43417646242737906,3
4315,0.43417646242737906,3
4316,0.43417646242737906,3
4317,0.4341764619867743,3
4318,0.4341764615461694,3
4319,0.4341764615461694,3
4320,0.4341764615461694,3
4321,0.4341764615461694,3
4322,0.4341764619867743,3
4323,0.43417646242737906,3
4324,0.43417646242737906,3
4325,0.43417646242737906,3
4326,0.4341764628679839,3
4327,0.4341764628679839,3
4328,0.4341764628679839,3
4329,0.4341764628679839,3
4330,0.4341764628679839,3
4331,0.43417646242737906,3
4332,0.43417646242737906,3
4333,0.43417646242737906,3
4334,0.43417646242737906,3
4335,0.43417646242737906,3
4336,0.43417646242737906,3
4337,0.4341764628679839,3
4338,0.4341764628679839,3
4339,0.4341764628679839,3
4340,0.4341764628679839,3
4341,0.4341764628679839,3
4342,0.43417646242737906,3
4343,0.43417646242737906,3
4344,0.43417646242737906,3
4345,0.4341764619867743,3
4346,0.4341764619867743,3
4347,0.4341764619867743,3
4348,0.4341764619867743,3
4349,0.4341764619867743,3
4350,0.43417646242737906,3
4351,0.43417646242737906,3
4352,0.43417646242737906,3
4353,0.4341764619867743,3
4354,0.4341764619867743,3
4355,0.43417646242737906,3
4356,0.43417646242737906,3
4357,0.43417646242737906,3
4358,0.4341764628679839,3
4359,0.4341764628679839,3
4360,0.43417646242737906,3
4361,0.43417646242737906,3
4362,0.43417646242737906,3
4363,0.43417646242737906,3
4364,0.43417646242737906,3
4365,0.4341764628679839,3
4366,0.4341764628679839,3
4367,0.4341764628679839,3
4368,0.4341764628679839,3
4369,0.4341764628679839,3
4370,0.43417646242737906,3
4371,0.43417646242737906,3
4372,0.43417646242737906,3
4373,0.43417646242737906,3
4374,0.43417646242737906,3
4375,0.4341764619867743,3
4376,0.4341764615461694,3
4377,0.4341764615461694,3
4378,0.4341764615461694,3
4379,0.4341764615461694,3
4380,0.4341764619867743,3
4381,0.43417646242737906,3
4382,0.4341764619867743,3
4383,0.4341764615461694,3
4384,0.4341764615461694,3
4385,0.4341764615461694,3
4386,0.4341764615461694,3
4387,0.4341764619867743,3
4388,0.43417646242737906,3
4389,0.43417646242737906,3
4390,0.43417646242737906,3
4391,0.43417646242737906,3
4392,0.43417646242737906,3
4393,0.43417646242737906,3
4394,0.43417646242737906,3
4395,0.4341764628679839,3
4396,0.4341764628679839,3
4397,0.4341764628679839,3
4398,0.4341764628679839,3
4399,0.4341764628679839,3
4400,0.43417646242737906,3
4401,0.43417646242737906,3
4402,0.43417646242737906,3
4403,0.43417646242737906,3
4404,0.43417646242737906,3
4405,0.43417646242737906,3
4406,0.43417646242737906,3
4407,0.43417646242737906,3
4408,0.43417646242737906,3
4409,0.43417646242737906,3
4410,0.43417646242737906,3
4411,0.43417646242737906,3
4412,0.4341764628679839,3
4413,0.4341764628679839,3
4414,0.43417646242737906,3
4415,0.4341764619867743,3
4416,0.4341764615461694,3
4417,0.4341764606649597,3
4418,0.4341764606649597,3
4419,0.43417646110556457,3
4420,0.4341764615461694,3
4421,0.4341764619867743,3
4422,0.43417646242737906,3
4423,0.43417646242737906,3
4424,0.43417646242737906,3
4425,0.4341764628679839,3
4426,0.4341764628679839,3
4427,0.4341764628679839,3
4428,0.4341764628679839,3
4429,0.4341764628679839,3
4430,0.43417646242737906,3
4431,0.43417646242737906,3
4432,0.43417646242737906,3
4433,0.43417646242737906,3
4434,0.43417646242737906,3
4435,0.43417646242737906,3
4436,0.43417646242737906,3
4437,0.43417646242737906,3
4438,0.43417646242737906,3
4439,0.43417646242737906,3
4440,0.43417646242737906,3
4441,0.43417646242737906,3
4442,0.43417646242737906,3
4443,0.43417646242737906,3
4444,0.43417646242737906,3
4445,0.43417646242737906,3
4446,0.43417646242737906,3
4447,0.43417646242737906,3
4448,0.43417646242737906,3
4449,0.4341764619867743,3
4450,0.4341764619867743,3
4451,0.4341764619867743,3
4452,0.4341764619867743,3
4453,0.4341764619867743,3
4454,0.43417646242737906,3
4455,0.4341764619867743,3
4456,0.4341764615461694,3
4457,0.4341764615461694,3
4458,0.4341764615461694,3
4459,0.4341764615461694,3
4460,0.4341764619867743,3
4461,0.43417646242737906,3
4462,0.4341764628679839,3
4463,0.4341764628679839,3
4464,0.4341764628679839,3
4465,0.4341764633085887,3
4466,0.4341764633085887,3
4467,0.4341764628679839,3
4468,0.4341764628679839,3
4469,0.4341764628679839,3
4470,0.43417646242737906,3
4471,0.43417646242737906,3
4472,0.43417646242737906,3
4473,0.43417646242737906,3
4474,0.43417646242737906,3
4475,0.43417646242737906,3
4476,0.43417646242737906,3
4477,0.43417646242737906,3
4478,0.43417646242737906,3
4479,0.43417646242737906,3
4480,0.43417646242737906,3
4481,0.43417646242737906,3
4482,0.43417646242737906,3
4483,0.43417646242737906,3
4484,0.43417646242737906,3
4485,0.43417646242737906,3
4486,0.43417646242737906,3
4487,0.43417646242737906,3
4488,0.43417646242737906,3
4489,0.43417646242737906,3
4490,0.43417646242737906,3
4491,0.43417646242737906,3
4492,0.43417646242737906,3
4493,0.43417646242737906,3
4494,0.43417646242737906,3
4495,0.43417646242737906,3
4496,0.43417646242737906,3
4497,0.43417646242737906,3
4498,0.43417646242737906,3
4499,0.43417646242737906,3
4500,0.43417646242737906,3
4501,0.43417646242737906,3
4502,0.43417646242737906,3
4503,0.43417646242737906,3
4504,0.43417646242737906,3
4505,0.43417646242737906,3
4506,0.43417646242737906,3
4507,0.43417646242737906,3
4508,0.43417646242737906,3
4509,0.43417646242737906,3
4510,0.43417646242737906,3
4511,0.43417646242737906,3
4512,0.43417646242737906,3
4513,0.43417646242737906,3
4514,0.4341764619867743,3
4515,0.4341764619867743,3
4516,0.4341764619867743,3
4517,0.4341764619867743,3
4518,0.4341764619867743,3
4519,0.43417646242737906,3
4520,0.43417646242737906,3
4521,0.43417646242737906,3
4522,0.4341764628679839,3
4523,0.4341764628679839,3
4524,0.4341764628679839,3
4525,0.4341764628679839,3
4526,0.4341764628679839,3
4527,0.4341764619867743,3
4528,0.4341764619867743,3
4529,0.4341764619867743,3
4530,0.4341764619867743,3
4531,0.4341764619867743,3
4532,0.4341764619867743,3
4533,0.4341764615461694,3
4534,0.43417646110556457,3
4535,0.4341764606649597,3
4536,0.4341764602243549,3
4537,0.4341764606649597,3
4538,0.43417646110556457,3
4539,0.4341764615461694,3
4540,0.4341764619867743,3
4541,0.43417646242737906,3
4542,0.43417646242737906,3
4543,0.43417646242737906,3
4544,0.43417646242737906,3
4545,0.43417646242737906,3
4546,0.43417646242737906,3
4547,0.43417646242737906,3
4548,0.43417646242737906,3
4549,0.43417646242737906,3
4550,0.43417646242737906,3
4551,0.43417646242737906,3
4552,0.43417646242737906,3
4553,0.43417646242737906,3
4554,0.43417646242737906,3
4555,0.43417646242737906,3
4556,0.43417646242737906,3
4557,0.43417646242737906,3
4558,0.43417646242737906,3
4559,0.43417646242737906,3
4560,0.43417646242737906,3
4561,0.43417646242737906,3
4562,0.4341764628679839,3
4563,0.4341764628679839,3
4564,0.4341764628679839,3
4565,0.4341764628679839,3
4566,0.4341764628679839,3
4567,0.43417646242737906,3
4568,0.43417646242737906,3
4569,0.43417646242737906,3
4570,0.43417646242737906,3
4571,0.43417646242737906,3
4572,0.43417646242737906,3
4573,0.43417646242737906,3
4574,0.43417646242737906,3
4575,0.43417646242737906,3
4576,0.43417646242737906,3
4577,0.43417646242737906,3
4578,0.43417646242737906,3
4579,0.43417646242737906,3
4580,0.43417646242737906,3
4581,0.43417646242737906,3
4582,0.43417646242737906,3
4583,0.43417646242737906,3
4584,0.43417646242737906,3
4585,0.43417646242737906,3
4586,0.43417646242737906,3
4587,0.43417646242737906,3
4588,0.43417646242737906,3
4589,0.43417646242737906,3
4590,0.43417646242737906,3
4591,0.43417646242737906,3
4592,0.43417646242737906,3
4593,0.43417646242737906,3
4594,0.43417646242737906,3
4595,0.43417646242737906,3
4596,0.43417646242737906,3
4597,0.43417646242737906,3
4598,0.43417646242737906,3
4599,0.43417646242737906,3
4600,0.43417646242737906,3
4601,0.43417646242737906,3
4602,0.43417646242737906,3
4603,0.43417646242737906,3
4604,0.43417646242737906,3
4605,0.43417646242737906,3
4606,0.43417646242737906,3
4607,0.4341764619867743,3
4608,0.4341764619867743,3
4609,0.4341764619867743,3
4610,0.4341764619867743,3
4611,0.4341764619867743,3
4612,0.43417646242737906,3
4613,0.43417646242737906,3
4614,0.43417646242737906,3
4615,0.43417646242737906,3
4616,0.43417646242737906,3
4617,0.43417646242737906,3
4618,0.43417646242737906,3
4619,0.43417646242737906,3
4620,0.43417646242737906,3
4621,0.43417646242737906,3
4622,0.43417646242737906,3
4623,0.4341764619867743,3
4624,0.4341764619867743,3
4625,0.4341764619867743,3
4626,0.4341764619867743,3
4627,0.4341764619867743,3
4628,0.43417646242737906,3
4629,0.43417646242737906,3
4630,0.43417646242737906,3
4631,0.43417646242737906,3
4632,0.43417646242737906,3
4633,0.43417646242737906,3
4634,0.43417646242737906,3
4635,0.43417646242737906,3
4636,0.43417646242737906,3
4637,0.4341764619867743,3
4638,0.4341764615461694,3
4639,0.4341764615461694,3
4640,0.4341764615461694,3
4641,0.4341764615461694,3
4642,0.4341764619867743,3
4643,0.43417646242737906,3
4644,0.43417646242737906,3
4645,0.43417646242737906,3
4646,0.43417646242737906,3
4647,0.43417646242737906,3
4648,0.43417646242737906,3
4649,0.43417646242737906,3
4650,0.43417646242737906,3
4651,0.43417646242737906,3
4652,0.4341764619867743,3
4653,0.4341764615461694,3
4654,0.43417646110556457,3
4655,0.4341764606649597,3
4656,0.4341764606649597,3
4657,0.43417646110556457,3
4658,0.4341764615461694,3
4659,0.4341764619867743,3
4660,0.43417646242737906,3
4661,0.4341764619867743,3
4662,0.4341764615461694,3
4663,0.4341764615461694,3
4664,0.4341764615461694,3
4665,0.4341764615461694,3
4666,0.4341764619867743,3
4667,0.43417646242737906,3
4668,0.4341764628679839,3
4669,0.4341764628679839,3
4670,0.4341764628679839,3
4671,0.4341764628679839,3
4672,0.4341764633085887,3
4673,0.4341764628679839,3
4674,0.43417646242737906,3
4675,0.4341764619867743,3
4676,0.4341764615461694,3
4677,0.43417646110556457,3
4678,0.43417646110556457,3
4679,0.4341764615461694,3
4680,0.4341764619867743,3
4681,0.4341764628679839,3
4682,0.4341764628679839,3
4683,0.4341764628679839,3
4684,0.4341764633085887,3
4685,0.4341764633085887,3
4686,0.4341764628679839,3
4687,0.4341764628679839,3
4688,0.4341764628679839,3
4689,0.4341764628679839,3
4690,0.4341764628679839,3
4691,0.4341764628679839,3
4692,0.4341764628679839,3
4693,0.4341764633085887,3
4694,0.4341764628679839,3
4695,0.4341764628679839,3
4696,0.4341764628679839,3
4697,0.4341764628679839,3
4698,0.43417646242737906,3
4699,0.4341764628679839,3
4700,0.4341764628679839,3
4701,0.4341764628679839,3
4702,0.4341764628679839,3
4703,0.43417646242737906,3
4704,0.4341764615461694,3
4705,0.43417646110556457,3
4706,0.43417646110556457,3
4707,0.43417646110556457,3
4708,0.4341764615461694,3
4709,0.4341764615461694,3
4710,0.4341764619867743,3
4711,0.43417646242737906,3
4712,0.4341764628679839,3
4713,0.4341764628679839,3
4714,0.4341764633085887,3
4715,0.4341764628679839,3
4716,0.4341764619867743,3
4717,0.43417646110556457,3
4718,0.4341764606649597,3
4719,0.4341764606649597,3
4720,0.43417646110556457,3
4721,0.4341764615461694,3
4722,0.4341764619867743,3
4723,0.43417646242737906,3
4724,0.43417646242737906,3
4725,0.43417646242737906,3
4726,0.43417646242737906,3
4727,0.43417646242737906,3
4728,0.43417646242737906,3
4729,0.43417646242737906,3
4730,0.43417646242737906,3
4731,0.43417646242737906,3
4732,0.43417646242737906,3
4733,0.4341764619867743,3
4734,0.4341764615461694,3
4735,0.4341764615461694,3
4736,0.4341764615461694,3
4737,0.4341764615461694,3
4738,0.43417646242737906,3
4739,0.4341764628679839,3
4740,0.4341764628679839,3
4741,0.4341764633085887,3
4742,0.4341764633085887,3
4743,0.4341764628679839,3
4744,0.4341764628679839,3
4745,0.4341764628679839,3
4746,0.43417646242737906,3
4747,0.43417646242737906,3
4748,0.4341764619867743,3
4749,0.4341764615461694,3
4750,0.43417646110556457,3
4751,0.4341764606649597,3
4752,0.4341764602243549,3
4753,0.4341764602243549,3
4754,0.4341764602243549,3
4755,0.4341764602243549,3
4756,0.4341764602243549,3
4757,0.4341764606649597,3
4758,0.43417646110556457,3
4759,0.43417646110556457,3
4760,0.4341764615461694,3
4761,0.4341764619867743,3
4762,0.4341764619867743,3
4763,0.4341764619867743,3
4764,0.43417646242737906,3
4765,0.43417646242737906,3
4766,0.43417646242737906,3
4767,0.43417646242737906,3
4768,0.43417646242737906,3
4769,0.43417646242737906,3
4770,0.43417646242737906,3
4771,0.4341764628679839,3
4772,0.4341764628679839,3
4773,0.4341764633085887,3
4774,0.43417646374919355,3
4775,0.43417646374919355,3
4776,0.4341764633085887,3
4777,0.4341764633085887,3
4778,0.4341764628679839,3
4779,0.43417646242737906,3
4780,0.43417646242737906,3
4781,0.43417646242737906,3
4782,0.43417646242737906,3
4783,0.4341764619867743,3
4784,0.4341764615461694,3
4785,0.43417646110556457,3
4786,0.4341764606649597,3
4787,0.4341764606649597,3
4788,0.43417646110556457,3
4789,0.4341764615461694,3
4790,0.4341764619867743,3
4791,0.4341764628679839,3
4792,0.4341764628679839,3
4793,0.4341764628679839,3
4794,0.4341764628679839,3
4795,0.4341764628679839,3
4796,0.43417646242737906,3
4797,0.43417646242737906,3
4798,0.43417646242737906,3
4799,0.43417646242737906,3
4800,0.43417646242737906,3
4801,0.43417646242737906,3
4802,0.43417646242737906,3
4803,0.43417646242737906,3
4804,0.43417646242737906,3
4805,0.4341764628679839,3
4806,0.4341764628679839,3
4807,0.4341764628679839,3
4808,0.4341764628679839,3
4809,0.4341764633085887,3
4810,0.4341764628679839,3
4811,0.4341764628679839,3
4812,0.4341764628679839,3
4813,0.4341764628679839,3
4814,0.4341764619867743,3
4815,0.4341764615461694,3
4816,0.43417646110556457,3
4817,0.43417646110556457,3
4818,0.43417646110556457,3
4819,0.4341764615461694,3
4820,0.4341764619867743,3
4821,0.43417646242737906,3
4822,0.43417646242737906,3
4823,0.43417646242737906,3
4824,0.43417646242737906,3
4825,0.43417646242737906,3
4826,0.43417646242737906,3
4827,0.43417646242737906,3
4828,0.43417646242737906,3
4829,0.43417646242737906,3
4830,0.43417646242737906,3
4831,0.43417646242737906,3
4832,0.43417646242737906,3
4833,0.43417646242737906,3
4834,0.43417646242737906,3
4835,0.43417646242737906,3
4836,0.43417646242737906,3
4837,0.43417646242737906,3
4838,0.43417646242737906,3
4839,0.43417646242737906,3
4840,0.43417646242737906,3
4841,0.43417646242737906,3
4842,0.43417646242737906,3
4843,0.43417646242737906,3
4844,0.43417646242737906,3
4845,0.43417646242737906,3
4846,0.43417646242737906,3
4847,0.43417646242737906,3
4848,0.43417646242737906,3
4849,0.43417646242737906,3
4850,0.43417646242737906,3
4851,0.43417646242737906,3
4852,0.43417646242737906,3
4853,0.43417646242737906,3
4854,0.43417646242737906,3
4855,0.43417646242737906,3
4856,0.43417646242737906,3
4857,0.43417646242737906,3
4858,0.43417646242737906,3
4859,0.43417646242737906,3
4860,0.43417646242737906,3
4861,0.43417646242737906,3
4862,0.43417646242737906,3
4863,0.43417646242737906,3
4864,0.4341764619867743,3
4865,0.4341764619867743,3
4866,0.4341764619867743,3
4867,0.4341764619867743,3
4868,0.4341764619867743,3
4869,0.43417646242737906,3
4870,0.43417646242737906,3
4871,0.43417646242737906,3
4872,0.43417646242737906,3
4873,0.43417646242737906,3
4874,0.4341764628679839,3
4875,0.4341764628679839,3
4876,0.4341764628679839,3
4877,0.4341764628679839,3
4878,0.4341764628679839,3
4879,0.43417646242737906,3
4880,0.43417646242737906,3
4881,0.43417646242737906,3
4882,0.43417646242737906,3
4883,0.43417646242737906,3
4884,0.43417646242737906,3
4885,0.43417646242737906,3
4886,0.4341764628679839,3
4887,0.4341764628679839,3
4888,0.4341764628679839,3
4889,0.4341764628679839,3
4890,0.4341764628679839,3
4891,0.43417646242737906,3
4892,0.43417646242737906,3
4893,0.43417646242737906,3
4894,0.43417646242737906,3
4895,0.43417646242737906,3
4896,0.4341764619867743,3
4897,0.4341764615461694,3
4898,0.4341764615461694,3
4899,0.4341764615461694,3
4900,0.4341764615461694,3
4901,0.4341764619867743,3
4902,0.43417646242737906,3
4903,0.43417646242737906,3
4904,0.43417646242737906,3
4905,0.43417646242737906,3
4906,0.43417646242737906,3
4907,0.43417646242737906,3
4908,0.43417646242737906,3
4909,0.43417646242737906,3
4910,0.43417646242737906,3
4911,0.43417646242737906,3
4912,0.43417646242737906,3
4913,0.43417646242737906,3
4914,0.43417646242737906,3
4915,0.43417646242737906,3
4916,0.43417646242737906,3
4917,0.43417646242737906,3
4918,0.43417646242737906,3
4919,0.43417646242737906,3
4920,0.43417646242737906,3
4921,0.43417646242737906,3
4922,0.43417646242737906,3
4923,0.43417646242737906,3
4924,0.43417646242737906,3
4925,0.43417646242737906,3
4926,0.43417646242737906,3
4927,0.4341764619867743,3
4928,0.4341764619867743,3
4929,0.4341764619867743,3
4930,0.4341764619867743,3
4931,0.4341764619867743,3
4932,0.43417646242737906,3
4933,0.43417646242737906,3
4934,0.43417646242737906,3
4935,0.43417646242737906,3
4936,0.43417646242737906,3
4937,0.43417646242737906,3
4938,0.4341764619867743,3
4939,0.4341764615461694,3
4940,0.4341764615461694,3
4941,0.4341764615461694,3
4942,0.4341764615461694,3
4943,0.4341764619867743,3
4944,0.43417646242737906,3
4945,0.43417646242737906,3
4946,0.43417646242737906,3
4947,0.43417646242737906,3
4948,0.43417646242737906,3
4949,0.43417646242737906,3
4950,0.43417646242737906,3
4951,0.4341764619867743,3
4952,0.4341764619867743,3
4953,0.4341764619867743,3
4954,0.4341764619867743,3
4955,0.43417646242737906,3
4956,0.4341764628679839,3
4957,0.4341764628679839,3
4958,0.43417646242737906,3
4959,0.4341764619867743,3
4960,0.4341764615461694,3
4961,0.4341764615461694,3
4962,0.43417646110556457,3
4963,0.43417646110556457,3
4964,0.4341764615461694,3
4965,0.43417646110556457,3
4966,0.4341764606649597,3
4967,0.43417646110556457,3
4968,0.4341764615461694,3
4969,0.4341764615461694,3
4970,0.4341764619867743,3
4971,0.43417646242737906,3
4972,0.43417646242737906,3
4973,0.43417646242737906,3
4974,0.43417646242737906,3
4975,0.43417646242737906,3
4976,0.43417646242737906,3
4977,0.43417646242737906,3
4978,0.43417646242737906,3
4979,0.43417646242737906,3
4980,0.43417646242737906,3
4981,0.43417646242737906,3
4982,0.43417646242737906,3
4983,0.43417646242737906,3
4984,0.43417646242737906,3
4985,0.43417646242737906,3
4986,0.43417646242737906,3
4987,0.43417646242737906,3
4988,0.43417646242737906,3
4989,0.43417646242737906,3
4990,0.43417646242737906,3
4991,0.43417646242737906,3
4992,0.43417646242737906,3
4993,0.43417646242737906,3
4994,0.43417646242737906,3
4995,0.43417646242737906,3
4996,0.43417646242737906,3
4997,0.43417646242737906,3
4998,0.4341764619867743,3
4999,0.4341764619867743,3
5000,0.4341764619867743,3
5001,0.4341764619867743,3
5002,0.4341764619867743,3
5003,0.43417646242737906,3
5004,0.43417646242737906,3
5005,0.43417646242737906,3
5006,0.43417646242737906,3
5007,0.43417646242737906,3
5008,0.43417646242737906,3
5009,0.43417646242737906,3
5010,0.43417646242737906,3
5011,0.43417646242737906,3
5012,0.43417646242737906,3
5013,0.43417646242737906,3
5014,0.43417646242737906,3
5015,0.43417646242737906,3
5016,0.43417646242737906,3
5017,0.43417646242737906,3
5018,0.43417646242737906,3
5019,0.43417646242737906,3
5020,0.43417646242737906,3
5021,0.43417646242737906,3
5022,0.43417646242737906,3
5023,0.4341764619867743,3
5024,0.4341764615461694,3
5025,0.4341764615461694,3
5026,0.4341764615461694,3
5027,0.4341764615461694,3
5028,0.4341764619867743,3
5029,0.43417646242737906,3
5030,0.43417646242737906,3
5031,0.43417646242737906,3
5032,0.43417646242737906,3
5033,0.43417646242737906,3
5034,0.43417646242737906,3
5035,0.43417646242737906,3
5036,0.4341764619867743,3
5037,0.4341764619867743,3
5038,0.4341764619867743,3
5039,0.4341764619867743,3
5040,0.4341764619867743,3
5041,0.43417646242737906,3
5042,0.43417646242737906,3
5043,0.43417646242737906,3
5044,0.43417646242737906,3
5045,0.43417646242737906,3
5046,0.43417646242737906,3
5047,0.43417646242737906,3
5048,0.43417646242737906,3
5049,0.43417646242737906,3
5050,0.43417646242737906,3
5051,0.43417646242737906,3
5052,0.43417646242737906,3
5053,0.43417646242737906,3
5054,0.43417646242737906,3
5055,0.43417646242737906,3
5056,0.43417646242737906,3
5057,0.43417646242737906,3
5058,0.43417646242737906,3
5059,0.43417646242737906,3
5060,0.43417646242737906,3
5061,0.43417646242737906,3
5062,0.43417646242737906,3
5063,0.43417646242737906,3
5064,0.43417646242737906,3
5065,0.43417646242737906,3
5066,0.43417646242737906,3
5067,0.43417646242737906,3
5068,0.43417646242737906,3
5069,0.43417646242737906,3
5070,0.43417646242737906,3
5071,0.43417646242737906,3
5072,0.43417646242737906,3
5073,0.43417646242737906,3
5074,0.43417646242737906,3
5075,0.4341764628679839,3
5076,0.4341764628679839,3
5077,0.4341764628679839,3
5078,0.4341764628679839,3
5079,0.4341764628679839,3
5080,0.43417646242737906,3
5081,0.43417646242737906,3
5082,0.43417646242737906,3
5083,0.4341764628679839,3
5084,0.4341764628679839,3
5085,0.4341764628679839,3
5086,0.4341764628679839,3
5087,0.4341764628679839,3
5088,0.43417646242737906,3
5089,0.4341764619867743,3
5090,0.4341764619867743,3
5091,0.4341764619867743,3
5092,0.4341764619867743,3
5093,0.4341764619867743,3
5094,0.43417646242737906,3
5095,0.4341764619867743,3
5096,0.4341764615461694,3
5097,0.43417646110556457,3
5098,0.4341764606649597,3
5099,0.4341764606649597,3
5100,0.43417646110556457,3
5101,0.4341764615461694,3
5102,0.4341764615461694,3
5103,0.4341764619867743,3
5104,0.4341764619867743,3
5105,0.43417646242737906,3
5106,0.4341764628679839,3
5107,0.4341764633085887,3
5108,0.4341764633085887,3
5109,0.4341764633085887,3
5110,0.4341764628679839,3
5111,0.43417646242737906,3
5112,0.43417646242737906,3
5113,0.4341764619867743,3
5114,0.4341764615461694,3
5115,0.43417646110556457,3
5116,0.4341764602243549,3
5117,0.4341764602243549,3
5118,0.43417646110556457,3
5119,0.4341764615461694,3
5120,0.4341764619867743,3
5121,0.4341764628679839,3
5122,0.4341764628679839,3
5123,0.43417646242737906,3
5124,0.43417646242737906,3
5125,0.43417646242737906,3
5126,0.43417646242737906,3
5127,0.43417646242737906,3
5128,0.43417646242737906,3
5129,0.43417646242737906,3
5130,0.43417646242737906,3
5131,0.43417646242737906,3
5132,0.43417646242737906,3
5133,0.43417646242737906,3
5134,0.43417646242737906,3
5135,0.43417646242737906,3
5136,0.43417646242737906,3
5137,0.43417646242737906,3
5138,0.43417646242737906,3
5139,0.43417646242737906,3
5140,0.43417646242737906,3
5141,0.43417646242737906,3
5142,0.4341764628679839,3
5143,0.4341764628679839,3
5144,0.4341764628679839,3
5145,0.4341764633085887,3
5146,0.4341764633085887,3
5147,0.4341764633085887,3
5148,0.4341764633085887,3
5149,0.43417646374919355,3
5150,0.4341764633085887,3
5151,0.43417646374919355,3
5152,0.43417646374919355,3
5153,0.43417646418979844,3
5154,0.43417646418979844,3
5155,0.4341764646304032,3
5156,0.43417646418979844,3
5157,0.43417646374919355,3
5158,0.4341764633085887,3
5159,0.4341764628679839,3
5160,0.43417646242737906,3
5161,0.4341764619867743,3
5162,0.4341764619867743,3
5163,0.4341764619867743,3
5164,0.4341764615461694,3
5165,0.4341764615461694,3
5166,0.4341764619867743,3
5167,0.4341764619867743,3
5168,0.4341764619867743,3
5169,0.43417646242737906,3
5170,0.43417646242737906,3
5171,0.43417646242737906,3
5172,0.43417646242737906,3
5173,0.43417646242737906,3
5174,0.43417646242737906,3
5175,0.4341764619867743,3
5176,0.4341764619867743,3
5177,0.4341764619867743,3
5178,0.4341764619867743,3
5179,0.4341764619867743,3
5180,0.43417646242737906,3
5181,0.43417646242737906,3
5182,0.43417646242737906,3
5183,0.43417646242737906,3
5184,0.4341764619867743,3
5185,0.4341764619867743,3
5186,0.4341764619867743,3
5187,0.4341764619867743,3
5188,0.4341764619867743,3
5189,0.43417646242737906,3
5190,0.43417646242737906,3
5191,0.43417646242737906,3
5192,0.43417646242737906,3
5193,0.43417646242737906,3
5194,0.43417646242737906,3
5195,0.43417646242737906,3
5196,0.43417646242737906,3
5197,0.43417646242737906,3
5198,0.43417646242737906,3
5199,0.43417646242737906,3
5200,0.4341764619867743,3
5201,0.4341764615461694,3
5202,0.43417646110556457,3
5203,0.43417646110556457,3
5204,0.43417646110556457,3
5205,0.4341764615461694,3
5206,0.4341764619867743,3
5207,0.43417646242737906,3
5208,0.43417646242737906,3
5209,0.43417646242737906,3
5210,0.43417646242737906,3
5211,0.43417646242737906,3
5212,0.43417646242737906,3
5213,0.4341764619867743,3
5214,0.4341764619867743,3
5215,0.4341764619867743,3
5216,0.4341764619867743,3
5217,0.4341764619867743,3
5218,0.43417646242737906,3
5219,0.4341764628679839,3
5220,0.4341764633085887,3
5221,0.4341764633085887,3
5222,0.4341764633085887,3
5223,0.4341764633085887,3
5224,0.4341764628679839,3
5225,0.4341764619867743,3
5226,0.4341764615461694,3
5227,0.4341764615461694,3
5228,0.4341764615461694,3
5229,0.43417646110556457,3
5230,0.4341764615461694,3
5231,0.4341764619867743,3
5232,0.43417646242737906,3
5233,0.43417646242737906,3
5234,0.4341764628679839,3
5235,0.4341764628679839,3
5236,0.4341764628679839,3
5237,0.43417646242737906,3
5238,0.43417646242737906,3
5239,0.43417646242737906,3
5240,0.43417646242737906,3
5241,0.43417646242737906,3
5242,0.43417646242737906,3
5243,0.4341764619867743,3
5244,0.4341764619867743,3
5245,0.4341764619867743,3
5246,0.43417646242737906,3
5247,0.43417646242737906,3
5248,0.4341764628679839,3
5249,0.4341764628679839,3
5250,0.43417646242737906,3
5251,0.4341764615461694,3
5252,0.43417646110556457,3
5253,0.43417646110556457,3
5254,0.43417646110556457,3
5255,0.4341764615461694,3
5256,0.4341764619867743,3
5257,0.43417646242737906,3
5258,0.43417646242737906,3
5259,0.43417646242737906,3
5260,0.43417646242737906,3
5261,0.4341764628679839,3
5262,0.4341764628679839,3
5263,0.4341764628679839,3
5264,0.4341764628679839,3
5265,0.43417646242737906,3
5266,0.4341764615461694,3
5267,0.4341764615461694,3
5268,0.4341764615461694,3
5269,0.4341764615461694,3
5270,0.4341764619867743,3
5271,0.43417646242737906,3
5272,0.43417646242737906,3
5273,0.43417646242737906,3
5274,0.43417646242737906,3
5275,0.43417646242737906,3
5276,0.43417646242737906,3
5277,0.43417646242737906,3
5278,0.43417646242737906,3
5279,0.43417646242737906,3
5280,0.43417646242737906,3
5281,0.43417646242737906,3
5282,0.43417646242737906,3
5283,0.43417646242737906,3
5284,0.43417646242737906,3
5285,0.4341764628679839,3
5286,0.4341764628679839,3
5287,0.4341764628679839,3
5288,0.4341764633085887,3
5289,0.43417646374919355,3
5290,0.4341764633085887,3
5291,0.4341764633085887,3
5292,0.4341764633085887,3
5293,0.4341764628679839,3
5294,0.43417646242737906,3
5295,0.43417646242737906,3
5296,0.43417646242737906,3
5297,0.43417646242737906,3
5298,0.4341764619867743,3
5299,0.4341764619867743,3
5300,0.4341764619867743,3
5301,0.4341764615461694,3
5302,0.4341764615461694,3
5303,0.4341764619867743,3
5304,0.4341764619867743,3
5305,0.4341764619867743,3
5306,0.43417646242737906,3
5307,0.43417646242737906,3
5308,0.43417646242737906,3
5309,0.43417646242737906,3
5310,0.43417646242737906,3
5311,0.4341764628679839,3
5312,0.4341764628679839,3
5313,0.4341764628679839,3
5314,0.4341764628679839,3
5315,0.4341764633085887,3
5316,0.4341764628679839,3
5317,0.4341764628679839,3
5318,0.4341764628679839,3
5319,0.4341764628679839,3
5320,0.43417646242737906,3
5321,0.43417646242737906,3
5322,0.43417646242737906,3
5323,0.43417646242737906,3
5324,0.43417646242737906,3
5325,0.43417646242737906,3
5326,0.43417646242737906,3
5327,0.4341764628679839,3
5328,0.4341764628679839,3
5329,0.4341764633085887,3
5330,0.4341764633085887,3
5331,0.4341764633085887,3
5332,0.4341764628679839,3
5333,0.4341764628679839,3
5334,0.43417646242737906,3
5335,0.43417646242737906,3
5336,0.43417646242737906,3
5337,0.43417646242737906,3
5338,0.43417646242737906,3
5339,0.43417646242737906,3
5340,0.43417646242737906,3
5341,0.43417646242737906,3
5342,0.43417646242737906,3
5343,0.43417646242737906,3
5344,0.43417646242737906,3
5345,0.4341764619867743,3
5346,0.4341764615461694,3
5347,0.4341764606649597,3
5348,0.4341764602243549,3
5349,0.4341764597837501,3
5350,0.4341764602243549,3
5351,0.4341764606649597,3
5352,0.4341764615461694,3
5353,0.4341764619867743,3
5354,0.43417646242737906,3
5355,0.4341764628679839,3
5356,0.4341764628679839,3
5357,0.4341764628679839,3
5358,0.4341764628679839,3
5359,0.43417646242737906,3
5360,0.4341764615461694,3
5361,0.43417646110556457,3
5362,0.4341764606649597,3
5363,0.4341764606649597,3
5364,0.43417646110556457,3
5365,0.4341764615461694,3
5366,0.43417646242737906,3
5367,0.4341764628679839,3
5368,0.4341764633085887,3
5369,0.4341764633085887,3
5370,0.4341764633085887,3
5371,0.43417646242737906,3
5372,0.4341764619867743,3
5373,0.43417646110556457,3
5374,0.4341764606649597,3
5375,0.4341764602243549,3
5376,0.4341764602243549,3
5377,0.4341764602243549,3
5378,0.4341764606649597,3
5379,0.43417646110556457,3
5380,0.4341764619867743,3
5381,0.4341764628679839,3
5382,0.4341764633085887,3
5383,0.4341764633085887,3
5384,0.4341764633085887,3
5385,0.4341764628679839,3
5386,0.4341764619867743,3
5387,0.4341764615461694,3
5388,0.43417646110556457,3
5389,0.4341764606649597,3
5390,0.4341764602243549,3
5391,0.4341764606649597,3
5392,0.4341764615461694,3
5393,0.4341764619867743,3
5394,0.43417646242737906,3
5395,0.4341764628679839,3
5396,0.4341764633085887,3
5397,0.4341764628679839,3
5398,0.4341764628679839,3
5399,0.4341764628679839,3
5400,0.4341764628679839,3
5401,0.43417646242737906,3
5402,0.43417646242737906,3
5403,0.43417646242737906,3
5404,0.43417646242737906,3
5405,0.43417646242737906,3
5406,0.43417646242737906,3
5407,0.43417646242737906,3
5408,0.43417646242737906,3
5409,0.43417646242737906,3
5410,0.43417646242737906,3
5411,0.43417646242737906,3
5412,0.43417646242737906,3
5413,0.43417646242737906,3
5414,0.43417646242737906,3
5415,0.43417646242737906,3
5416,0.43417646242737906,3
5417,0.43417646242737906,3
5418,0.43417646242737906,3
5419,0.43417646242737906,3
5420,0.43417646242737906,3
5421,0.43417646242737906,3
5422,0.43417646242737906,3
5423,0.43417646242737906,3
5424,0.43417646242737906,3
5425,0.4341764619867743,3
5426,0.4341764615461694,3
5427,0.43417646110556457,3
5428,0.4341764602243549,3
5429,0.4341764597837501,3
5430,0.4341764602243549,3
5431,0.4341764606649597,3
5432,0.43417646110556457,3
5433,0.4341764619867743,3
5434,0.43417646242737906,3
5435,0.43417646242737906,3
5436,0.43417646242737906,3
5437,0.43417646242737906,3
5438,0.43417646242737906,3
5439,0.43417646242737906,3
5440,0.43417646242737906,3
5441,0.43417646242737906,3
5442,0.43417646242737906,3
5443,0.43417646242737906,3
5444,0.43417646242737906,3
5445,0.43417646242737906,3
5446,0.4341764628679839,3
5447,0.4341764633085887,3
5448,0.4341764633085887,3
5449,0.4341764633085887,3
5450,0.4341764633085887,3
5451,0.4341764628679839,3
5452,0.43417646242737906,3
5453,0.43417646242737906,3
5454,0.43417646242737906,3
5455,0.43417646242737906,3
5456,0.4341764619867743,3
5457,0.4341764615461694,3
5458,0.43417646110556457,3
5459,0.4341764606649597,3
5460,0.4341764602243549,3
5461,0.4341764602243549,3
5462,0.4341764606649597,3
5463,0.43417646110556457,3
5464,0.4341764615461694,3
5465,0.4341764619867743,3
5466,0.43417646242737906,3
5467,0.43417646242737906,3
5468,0.43417646242737906,3
5469,0.43417646242737906,3
5470,0.43417646242737906,3
5471,0.43417646242737906,3
5472,0.43417646242737906,3
5473,0.4341764619867743,3
5474,0.4341764619867743,3
5475,0.4341764619867743,3
5476,0.4341764619867743,3
5477,0.4341764619867743,3
5478,0.43417646242737906,3
5479,0.43417646242737906,3
5480,0.43417646242737906,3
5481,0.43417646242737906,3
5482,0.4341764619867743,3
5483,0.4341764615461694,3
5484,0.4341764615461694,3
5485,0.4341764615461694,3
5486,0.4341764615461694,3
5487,0.4341764619867743,3
5488,0.43417646242737906,3
5489,0.43417646242737906,3
5490,0.4341764628679839,3
5491,0.4341764628679839,3
5492,0.4341764628679839,3
5493,0.4341764628679839,3
5494,0.4341764628679839,3
5495,0.43417646242737906,3
5496,0.43417646242737906,3
5497,0.43417646242737906,3
5498,0.43417646242737906,3
5499,0.43417646242737906,3
5500,0.43417646242737906,3
5501,0.43417646242737906,3
5502,0.43417646242737906,3
5503,0.43417646242737906,3
5504,0.43417646242737906,3
5505,0.43417646242737906,3
5506,0.43417646242737906,3
5507,0.43417646242737906,3
5508,0.43417646242737906,3
5509,0.43417646242737906,3
5510,0.43417646242737906,3
5511,0.43417646242737906,3
5512,0.43417646242737906,3
5513,0.43417646242737906,3
5514,0.43417646242737906,3
5515,0.43417646242737906,3
5516,0.43417646242737906,3
5517,0.43417646242737906,3
5518,0.43417646242737906,3
5519,0.43417646242737906,3
5520,0.43417646242737906,3
5521,0.43417646242737906,3
5522,0.43417646242737906,3
5523,0.43417646242737906,3
5524,0.43417646242737906,3
5525,0.43417646242737906,3
5526,0.43417646242737906,3
5527,0.43417646242737906,3
5528,0.43417646242737906,3
5529,0.43417646242737906,3
5530,0.43417646242737906,3
5531,0.43417646242737906,3
5532,0.43417646242737906,3
5533,0.43417646242737906,3
5534,0.43417646242737906,3
5535,0.4341764619867743,3
5536,0.4341764615461694,3
5537,0.43417646110556457,3
5538,0.43417646110556457,3
5539,0.43417646110556457,3
5540,0.4341764615461694,3
5541,0.4341764619867743,3
5542,0.43417646242737906,3
5543,0.43417646242737906,3
5544,0.43417646242737906,3
5545,0.43417646242737906,3
5546,0.43417646242737906,3
5547,0.43417646242737906,3
5548,0.4341764619867743,3
5549,0.4341764615461694,3
5550,0.4341764615461694,3
5551,0.4341764615461694,3
5552,0.4341764615461694,3
5553,0.4341764619867743,3
5554,0.4341764628679839,3
5555,0.4341764628679839,3
5556,0.4341764628679839,3
5557,0.4341764628679839,3
5558,0.4341764628679839,3
5559,0.43417646242737906,3
5560,0.43417646242737906,3
5561,0.43417646242737906,3
5562,0.43417646242737906,3
5563,0.43417646242737906,3
5564,0.43417646242737906,3
5565,0.43417646242737906,3
5566,0.43417646242737906,3
5567,0.43417646242737906,3
5568,0.43417646242737906,3
5569,0.43417646242737906,3
5570,0.4341764619867743,3
5571,0.4341764615461694,3
5572,0.43417646110556457,3
5573,0.4341764606649597,3
5574,0.4341764606649597,3
5575,0.43417646110556457,3
5576,0.4341764615461694,3
5577,0.4341764619867743,3
5578,0.43417646242737906,3
5579,0.43417646242737906,3
5580,0.43417646242737906,3
5581,0.43417646242737906,3
5582,0.43417646242737906,3
5583,0.43417646242737906,3
5584,0.43417646242737906,3
5585,0.43417646242737906,3
5586,0.43417646242737906,3
5587,0.43417646242737906,3
5588,0.43417646242737906,3
5589,0.43417646242737906,3
5590,0.43417646242737906,3
5591,0.43417646242737906,3
5592,0.4341764628679839,3
5593,0.4341764628679839,3
5594,0.4341764628679839,3
5595,0.4341764628679839,3
5596,0.4341764628679839,3
5597,0.43417646242737906,3
5598,0.43417646242737906,3
5599,0.43417646242737906,3
5600,0.43417646242737906,3
5601,0.43417646242737906,3
5602,0.43417646242737906,3
5603,0.43417646242737906,3
5604,0.43417646242737906,3
5605,0.43417646242737906,3
5606,0.43417646242737906,3
5607,0.43417646242737906,3
5608,0.43417646242737906,3
5609,0.43417646242737906,3
5610,0.43417646242737906,3
5611,0.43417646242737906,3
5612,0.43417646242737906,3
5613,0.43417646242737906,3
5614,0.43417646242737906,3
5615,0.43417646242737906,3
5616,0.43417646242737906,3
5617,0.43417646242737906,3
5618,0.43417646242737906,3
5619,0.43417646242737906,3
5620,0.43417646242737906,3
5621,0.43417646242737906,3
5622,0.43417646242737906,3
5623,0.43417646242737906,3
5624,0.43417646242737906,3
5625,0.43417646242737906,3
5626,0.43417646242737906,3
5627,0.43417646242737906,3
5628,0.43417646242737906,3
5629,0.43417646242737906,3
5630,0.43417646242737906,3
5631,0.4341764628679839,3
5632,0.4341764628679839,3
5633,0.4341764628679839,3
5634,0.4341764628679839,3
5635,0.4341764628679839,3
5636,0.43417646242737906,3
5637,0.43417646242737906,3
5638,0.43417646242737906,3
5639,0.43417646242737906,3
5640,0.4341764619867743,3
5641,0.4341764619867743,3
5642,0.4341764619867743,3
5643,0.4341764619867743,3
5644,0.4341764619867743,3
5645,0.43417646242737906,3
5646,0.43417646242737906,3
5647,0.43417646242737906,3
5648,0.43417646242737906,3
5649,0.43417646242737906,3
5650,0.43417646242737906,3
5651,0.43417646242737906,3
5652,0.4341764619867743,3
5653,0.4341764619867743,3
5654,0.4341764619867743,3
5655,0.4341764619867743,3
5656,0.4341764619867743,3
5657,0.43417646242737906,3
5658,0.43417646242737906,3
5659,0.43417646242737906,3
5660,0.4341764619867743,3
5661,0.4341764615461694,3
5662,0.43417646110556457,3
5663,0.43417646110556457,3
5664,0.43417646110556457,3
5665,0.4341764615461694,3
5666,0.4341764619867743,3
5667,0.43417646242737906,3
5668,0.43417646242737906,3
5669,0.4341764619867743,3
5670,0.4341764619867743,3
5671,0.4341764619867743,3
5672,0.4341764619867743,3
5673,0.4341764619867743,3
5674,0.43417646242737906,3
5675,0.43417646242737906,3
5676,0.43417646242737906,3
5677,0.43417646242737906,3
5678,0.43417646242737906,3
5679,0.43417646242737906,3
5680,0.43417646242737906,3
5681,0.4341764628679839,3
5682,0.4341764628679839,3
5683,0.4341764628679839,3
5684,0.4341764628679839,3
5685,0.4341764628679839,3
5686,0.4341764628679839,3
5687,0.4341764628679839,3
5688,0.4341764628679839,3
5689,0.4341764628679839,3
5690,0.4341764628679839,3
5691,0.43417646242737906,3
5692,0.43417646242737906,3
5693,0.43417646242737906,3
5694,0.43417646242737906,3
5695,0.43417646242737906,3
5696,0.43417646242737906,3
5697,0.43417646242737906,3
5698,0.43417646242737906,3
5699,0.43417646242737906,3
5700,0.43417646242737906,3
5701,0.43417646242737906,3
5702,0.43417646242737906,3
5703,0.43417646242737906,3
5704,0.43417646242737906,3
5705,0.43417646242737906,3
5706,0.43417646242737906,3
5707,0.43417646242737906,3
5708,0.43417646242737906,3
5709,0.43417646242737906,3
5710,0.43417646242737906,3
5711,0.43417646242737906,3
5712,0.43417646242737906,3
5713,0.43417646242737906,3
5714,0.43417646242737906,3
5715,0.43417646242737906,3
5716,0.43417646242737906,3
5717,0.43417646242737906,3
5718,0.43417646242737906,3
5719,0.43417646242737906,3
5720,0.43417646242737906,3
5721,0.43417646242737906,3
5722,0.43417646242737906,3
5723,0.4341764619867743,3
5724,0.4341764615461694,3
5725,0.4341764615461694,3
5726,0.43417646110556457,3
5727,0.4341764606649597,3
5728,0.43417646110556457,3
5729,0.4341764615461694,3
5730,0.4341764615461694,3
5731,0.4341764619867743,3
5732,0.43417646242737906,3
5733,0.43417646242737906,3
5734,0.43417646242737906,3
5735,0.43417646242737906,3
5736,0.43417646242737906,3
5737,0.43417646242737906,3
5738,0.43417646242737906,3
5739,0.43417646242737906,3
5740,0.43417646242737906,3
5741,0.43417646242737906,3
5742,0.43417646242737906,3
5743,0.43417646242737906,3
5744,0.43417646242737906,3
5745,0.43417646242737906,3
5746,0.43417646242737906,3
5747,0.43417646242737906,3
5748,0.43417646242737906,3
5749,0.43417646242737906,3
5750,0.43417646242737906,3
5751,0.43417646242737906,3
5752,0.43417646242737906,3
5753,0.43417646242737906,3
5754,0.43417646242737906,3
5755,0.43417646242737906,3
5756,0.43417646242737906,3
5757,0.43417646242737906,3
5758,0.43417646242737906,3
5759,0.43417646242737906,3
5760,0.43417646242737906,3
5761,0.43417646242737906,3
5762,0.43417646242737906,3
5763,0.43417646242737906,3
5764,0.43417646242737906,3
5765,0.43417646242737906,3
5766,0.43417646242737906,3
5767,0.43417646242737906,3
5768,0.43417646242737906,3
5769,0.43417646242737906,3
5770,0.43417646242737906,3
5771,0.43417646242737906,3
5772,0.43417646242737906,3
5773,0.43417646242737906,3
5774,0.43417646242737906,3
5775,0.4341764619867743,3
5776,0.4341764619867743,3
5777,0.4341764619867743,3
5778,0.4341764619867743,3
5779,0.4341764619867743,3
5780,0.43417646242737906,3
5781,0.43417646242737906,3
5782,0.43417646242737906,3
5783,0.43417646242737906,3
5784,0.43417646242737906,3
5785,0.43417646242737906,3
5786,0.4341764619867743,3
5787,0.4341764615461694,3
5788,0.43417646110556457,3
5789,0.43417646110556457,3
5790,0.43417646110556457,3
5791,0.4341764615461694,3
5792,0.4341764619867743,3
5793,0.43417646242737906,3
5794,0.43417646242737906,3
5795,0.43417646242737906,3
5796,0.43417646242737906,3
5797,0.43417646242737906,3
5798,0.43417646242737906,3
5799,0.43417646242737906,3
5800,0.43417646242737906,3
5801,0.43417646242737906,3
5802,0.43417646242737906,3
5803,0.43417646242737906,3
5804,0.43417646242737906,3
5805,0.43417646242737906,3
5806,0.43417646242737906,3
5807,0.43417646242737906,3
5808,0.43417646242737906,3
5809,0.4341764619867743,3
5810,0.4341764615461694,3
5811,0.43417646110556457,3
5812,0.43417646110556457,3
5813,0.43417646110556457,3
5814,0.4341764615461694,3
5815,0.4341764619867743,3
5816,0.4341764619867743,3
5817,0.4341764619867743,3
5818,0.4341764619867743,3
5819,0.43417646242737906,3
5820,0.4341764628679839,3
5821,0.4341764633085887,3
5822,0.4341764633085887,3
5823,0.4341764633085887,3
5824,0.4341764628679839,3
5825,0.43417646242737906,3
5826,0.43417646242737906,3
5827,0.43417646242737906,3
5828,0.4341764628679839,3
5829,0.4341764628679839,3
5830,0.4341764628679839,3
5831,0.4341764628679839,3
5832,0.4341764628679839,3
5833,0.43417646242737906,3
5834,0.43417646242737906,3
5835,0.43417646242737906,3
5836,0.43417646242737906,3
5837,0.43417646242737906,3
5838,0.4341764619867743,3
5839,0.4341764619867743,3
5840,0.4341764619867743,3
5841,0.4341764619867743,3
5842,0.4341764615461694,3
5843,0.4341764619867743,3
5844,0.4341764615461694,3
5845,0.4341764615461694,3
5846,0.4341764615461694,3
5847,0.4341764619867743,3
5848,0.4341764619867743,3
5849,0.43417646242737906,3
5850,0.43417646242737906,3
5851,0.4341764619867743,3
5852,0.4341764619867743,3
5853,0.4341764619867743,3
5854,0.4341764619867743,3
5855,0.4341764619867743,3
5856,0.43417646242737906,3
5857,0.4341764628679839,3
5858,0.4341764633085887,3
5859,0.4341764633085887,3
5860,0.4341764633085887,3
5861,0.4341764633085887,3
5862,0.4341764628679839,3
5863,0.43417646242737906,3
5864,0.43417646242737906,3
5865,0.43417646242737906,3
5866,0.43417646242737906,3
5867,0.4341764619867743,3
5868,0.4341764615461694,3
5869,0.43417646110556457,3
5870,0.4341764606649597,3
5871,0.4341764606649597,3
5872,0.43417646110556457,3
5873,0.4341764615461694,3
5874,0.4341764619867743,3
5875,0.43417646242737906,3
5876,0.43417646242737906,3
5877,0.43417646242737906,3
5878,0.43417646242737906,3
5879,0.43417646242737906,3
5880,0.43417646242737906,3
5881,0.43417646242737906,3
5882,0.43417646242737906,3
5883,0.4341764619867743,3
5884,0.4341764619867743,3
5885,0.4341764619867743,3
5886,0.43417646242737906,3
5887,0.43417646242737906,3
5888,0.4341764628679839,3
5889,0.4341764628679839,3
5890,0.4341764628679839,3
5891,0.43417646242737906,3
5892,0.43417646242737906,3
5893,0.43417646242737906,3
5894,0.43417646242737906,3
5895,0.4341764628679839,3
5896,0.4341764628679839,3
5897,0.4341764628679839,3
5898,0.4341764628679839,3
5899,0.4341764628679839,3
5900,0.43417646242737906,3
5901,0.43417646242737906,3
5902,0.43417646242737906,3
5903,0.43417646242737906,3
5904,0.43417646242737906,3
5905,0.4341764619867743,3
5906,0.4341764619867743,3
5907,0.43417646242737906,3
5908,0.43417646242737906,3
5909,0.43417646242737906,3
5910,0.4341764628679839,3
5911,0.4341764628679839,3
5912,0.43417646242737906,3
5913,0.43417646242737906,3
5914,0.43417646242737906,3
5915,0.43417646242737906,3
5916,0.43417646242737906,3
5917,0.4341764619867743,3
5918,0.4341764619867743,3
5919,0.4341764619867743,3
5920,0.4341764619867743,3
5921,0.4341764619867743,3
5922,0.43417646242737906,3
5923,0.43417646242737906,3
5924,0.43417646242737906,3
5925,0.43417646242737906,3
5926,0.43417646242737906,3
5927,0.43417646242737906,3
5928,0.43417646242737906,3
5929,0.43417646242737906,3
5930,0.43417646242737906,3
5931,0.43417646242737906,3
5932,0.43417646242737906,3
5933,0.43417646242737906,3
5934,0.43417646242737906,3
5935,0.43417646242737906,3
5936,0.43417646242737906,3
5937,0.43417646242737906,3
5938,0.43417646242737906,3
5939,0.43417646242737906,3
5940,0.43417646242737906,3
5941,0.43417646242737906,3
5942,0.43417646242737906,3
5943,0.43417646242737906,3
5944,0.43417646242737906,3
5945,0.4341764619867743,3
5946,0.4341764619867743,3
5947,0.4341764619867743,3
5948,0.4341764619867743,3
5949,0.4341764619867743,3
5950,0.43417646242737906,3
5951,0.43417646242737906,3
5952,0.43417646242737906,3
5953,0.43417646242737906,3
5954,0.43417646242737906,3
5955,0.43417646242737906,3
5956,0.43417646242737906,3
5957,0.43417646242737906,3
5958,0.4341764628679839,3
5959,0.4341764628679839,3
5960,0.4341764628679839,3
5961,0.4341764628679839,3
5962,0.4341764628679839,3
5963,0.4341764628679839,3
5964,0.4341764628679839,3
5965,0.4341764628679839,3
5966,0.4341764628679839,3
5967,0.4341764628679839,3
5968,0.43417646242737906,3
5969,0.43417646242737906,3
5970,0.43417646242737906,3
5971,0.43417646242737906,3
5972,0.43417646242737906,3
5973,0.4341764619867743,3
5974,0.4341764615461694,3
5975,0.43417646110556457,3
5976,0.4341764606649597,3
5977,0.4341764602243549,3
5978,0.4341764602243549,3
5979,0.4341764606649597,3
5980,0.4341764606649597,3
5981,0.43417646110556457,3
5982,0.4341764615461694,3
5983,0.4341764619867743,3
5984,0.4341764619867743,3
5985,0.43417646242737906,3
5986,0.43417646242737906,3
5987,0.43417646242737906,3
5988,0.4341764619867743,3
5989,0.4341764615461694,3
5990,0.4341764615461694,3
5991,0.4341764615461694,3
5992,0.4341764615461694,3
5993,0.4341764619867743,3
5994,0.43417646242737906,3
5995,0.43417646242737906,3
5996,0.43417646242737906,3
5997,0.43417646242737906,3
5998,0.4341764628679839,3
5999,0.4341764628679839,3
6000,0.4341764628679839,3
6001,0.4341764628679839,3
6002,0.4341764628679839,3
6003,0.43417646242737906,3
6004,0.43417646242737906,3
6005,0.4341764628679839,3
6006,0.4341764633085887,3
6007,0.4341764633085887,3
6008,0.4341764633085887,3
6009,0.4341764633085887,3
6010,0.4341764628679839,3
6011,0.43417646242737906,3
6012,0.43417646242737906,3
6013,0.43417646242737906,3
6014,0.4341764628679839,3
6015,0.4341764628679839,3
6016,0.4341764628679839,3
6017,0.4341764628679839,3
6018,0.4341764628679839,3
6019,0.43417646242737906,3
6020,0.43417646242737906,3
6021,0.43417646242737906,3
6022,0.4341764628679839,3
6023,0.4341764628679839,3
6024,0.4341764628679839,3
6025,0.4341764628679839,3
6026,0.4341764628679839,3
6027,0.43417646242737906,3
6028,0.43417646242737906,3
6029,0.43417646242737906,3
6030,0.43417646242737906,3
6031,0.43417646242737906,3
6032,0.43417646242737906,3
6033,0.43417646242737906,3
6034,0.4341764619867743,3
6035,0.4341764619867743,3
6036,0.4341764619867743,3
6037,0.4341764619867743,3
6038,0.4341764615461694,3
6039,0.4341764619867743,3
6040,0.4341764619867743,3
6041,0.4341764619867743,3
6042,0.4341764619867743,3
6043,0.43417646242737906,3
6044,0.43417646242737906,3
6045,0.43417646242737906,3
6046,0.43417646242737906,3
6047,0.43417646242737906,3
6048,0.43417646242737906,3
6049,0.43417646242737906,3
6050,0.43417646242737906,3
6051,0.4341764619867743,3
6052,0.4341764615461694,3
6053,0.43417646110556457,3
6054,0.43417646110556457,3
6055,0.43417646110556457,3
6056,0.4341764615461694,3
6057,0.4341764619867743,3
6058,0.43417646242737906,3
6059,0.43417646242737906,3
6060,0.43417646242737906,3
6061,0.43417646242737906,3
6062,0.43417646242737906,3
6063,0.43417646242737906,3
6064,0.43417646242737906,3
6065,0.43417646242737906,3
6066,0.43417646242737906,3
6067,0.43417646242737906,3
6068,0.43417646242737906,3
6069,0.43417646242737906,3
6070,0.43417646242737906,3
6071,0.43417646242737906,3
6072,0.43417646242737906,3
6073,0.43417646242737906,3
6074,0.43417646242737906,3
6075,0.43417646242737906,3
6076,0.43417646242737906,3
6077,0.4341764628679839,3
6078,0.4341764628679839,3
6079,0.4341764628679839,3
6080,0.4341764628679839,3
6081,0.4341764628679839,3
6082,0.43417646242737906,3
6083,0.43417646242737906,3
6084,0.4341764628679839,3
6085,0.4341764628679839,3
6086,0.4341764628679839,3
6087,0.4341764628679839,3
6088,0.4341764628679839,3
6089,0.43417646242737906,3
6090,0.43417646242737906,3
6091,0.43417646242737906,3
6092,0.43417646242737906,3
6093,0.43417646242737906,3
6094,0.4341764619867743,3
6095,0.4341764615461694,3
6096,0.4341764615461694,3
6097,0.4341764615461694,3
6098,0.4341764615461694,3
6099,0.4341764619867743,3
6100,0.43417646242737906,3
6101,0.43417646242737906,3
6102,0.43417646242737906,3
6103,0.4341764619867743,3
6104,0.4341764619867743,3
6105,0.4341764619867743,3
6106,0.4341764619867743,3
6107,0.4341764619867743,3
6108,0.43417646242737906,3
6109,0.4341764628679839,3
6110,0.4341764628679839,3
6111,0.4341764628679839,3
6112,0.4341764628679839,3
6113,0.4341764633085887,3
6114,0.4341764628679839,3
6115,0.4341764633085887,3
6116,0.4341764633085887,3
6117,0.4341764633085887,3
6118,0.4341764628679839,3
6119,0.4341764628679839,3
6120,0.43417646242737906,3
6121,0.43417646242737906,3
6122,0.43417646242737906,3
6123,0.4341764619867743,3
6124,0.4341764615461694,3
6125,0.43417646110556457,3
6126,0.4341764602243549,3
6127,0.4341764597837501,3
6128,0.4341764597837501,3
6129,0.4341764597837501,3
6130,0.4341764597837501,3
6131,0.4341764606649597,3
6132,0.43417646110556457,3
6133,0.4341764615461694,3
6134,0.4341764619867743,3
6135,0.43417646242737906,3
6136,0.43417646242737906,3
6137,0.43417646242737906,3
6138,0.43417646242737906,3
6139,0.4341764619867743,3
6140,0.4341764615461694,3
6141,0.4341764615461694,3
6142,0.4341764615461694,3
6143,0.4341764615461694,3
6144,0.4341764619867743,3
6145,0.43417646242737906,3
6146,0.4341764628679839,3
6147,0.4341764628679839,3
6148,0.4341764628679839,3
6149,0.4341764628679839,3
6150,0.4341764628679839,3
6151,0.43417646242737906,3
6152,0.43417646242737906,3
6153,0.43417646242737906,3
6154,0.43417646242737906,3
6155,0.43417646242737906,3
6156,0.43417646242737906,3
6157,0.43417646242737906,3
6158,0.43417646242737906,3
6159,0.43417646242737906,3
6160,0.43417646242737906,3
6161,0.43417646242737906,3
6162,0.43417646242737906,3
6163,0.43417646242737906,3
6164,0.43417646242737906,3
6165,0.43417646242737906,3
6166,0.43417646242737906,3
6167,0.43417646242737906,3
6168,0.43417646242737906,3
6169,0.4341764628679839,3
6170,0.4341764628679839,3
6171,0.4341764628679839,3
6172,0.4341764628679839,3
6173,0.4341764628679839,3
6174,0.4341764619867743,3
6175,0.4341764615461694,3
6176,0.43417646110556457,3
6177,0.43417646110556457,3
6178,0.43417646110556457,3
6179,0.4341764615461694,3
6180,0.4341764619867743,3
6181,0.43417646242737906,3
6182,0.43417646242737906,3
6183,0.43417646242737906,3
6184,0.43417646242737906,3
6185,0.43417646242737906,3
6186,0.43417646242737906,3
6187,0.43417646242737906,3
6188,0.43417646242737906,3
6189,0.43417646242737906,3
6190,0.43417646242737906,3
6191,0.43417646242737906,3
6192,0.43417646242737906,3
6193,0.43417646242737906,3
6194,0.43417646242737906,3
6195,0.43417646242737906,3
6196,0.43417646242737906,3
6197,0.43417646242737906,3
6198,0.4341764628679839,3
6199,0.4341764628679839,3
6200,0.4341764628679839,3
6201,0.4341764628679839,3
6202,0.4341764628679839,3
6203,0.43417646242737906,3
6204,0.4341764628679839,3
6205,0.4341764633085887,3
6206,0.4341764633085887,3
6207,0.4341764633085887,3
6208,0.4341764628679839,3
6209,0.43417646242737906,3
6210,0.4341764619867743,3
6211,0.4341764619867743,3
6212,0.4341764619867743,3
6213,0.43417646242737906,3
6214,0.43417646242737906,3
6215,0.43417646242737906,3
6216,0.43417646242737906,3
6217,0.43417646242737906,3
6218,0.43417646242737906,3
6219,0.43417646242737906,3
6220,0.43417646242737906,3
6221,0.43417646242737906,3
6222,0.43417646242737906,3
6223,0.43417646242737906,3
6224,0.43417646242737906,3
6225,0.43417646242737906,3
6226,0.43417646242737906,3
6227,0.43417646242737906,3
6228,0.43417646242737906,3
6229,0.43417646242737906,3
6230,0.43417646242737906,3
6231,0.43417646242737906,3
6232,0.43417646242737906,3
6233,0.43417646242737906,3
6234,0.43417646242737906,3
6235,0.43417646242737906,3
6236,0.43417646242737906,3
6237,0.43417646242737906,3
6238,0.43417646242737906,3
6239,0.43417646242737906,3
6240,0.43417646242737906,3
6241,0.43417646242737906,3
6242,0.43417646242737906,3
6243,0.43417646242737906,3
6244,0.43417646242737906,3
6245,0.43417646242737906,3
6246,0.43417646242737906,3
6247,0.43417646242737906,3
6248,0.43417646242737906,3
6249,0.43417646242737906,3
6250,0.43417646242737906,3
6251,0.43417646242737906,3
6252,0.43417646242737906,3
6253,0.43417646242737906,3
6254,0.43417646242737906,3
6255,0.43417646242737906,3
6256,0.43417646242737906,3
6257,0.4341764628679839,3
6258,0.4341764628679839,3
6259,0.43417646242737906,3
6260,0.4341764619867743,3
6261,0.4341764619867743,3
6262,0.4341764615461694,3
6263,0.4341764615461694,3
6264,0.4341764615461694,3
6265,0.4341764615461694,3
6266,0.4341764615461694,3
6267,0.4341764615461694,3
6268,0.4341764615461694,3
6269,0.4341764619867743,3
6270,0.43417646242737906,3
6271,0.43417646242737906,3
6272,0.43417646242737906,3
6273,0.4341764619867743,3
6274,0.4341764619867743,3
6275,0.4341764619867743,3
6276,0.4341764619867743,3
6277,0.4341764619867743,3
6278,0.43417646242737906,3
6279,0.43417646242737906,3
6280,0.43417646242737906,3
6281,0.43417646242737906,3
6282,0.43417646242737906,3
6283,0.43417646242737906,3
6284,0.43417646242737906,3
6285,0.43417646242737906,3
6286,0.43417646242737906,3
6287,0.4341764619867743,3
6288,0.4341764615461694,3
6289,0.43417646110556457,3
6290,0.4341764606649597,3
6291,0.4341764606649597,3
6292,0.4341764615461694,3
6293,0.4341764619867743,3
6294,0.43417646242737906,3
6295,0.4341764628679839,3
6296,0.4341764628679839,3
6297,0.43417646242737906,3
6298,0.4341764628679839,3
6299,0.4341764633085887,3
6300,0.4341764633085887,3
6301,0.4341764633085887,3
6302,0.4341764633085887,3
6303,0.4341764628679839,3
6304,0.43417646242737906,3
6305,0.43417646242737906,3
6306,0.4341764628679839,3
6307,0.4341764628679839,3
6308,0.4341764628679839,3
6309,0.4341764628679839,3
6310,0.4341764628679839,3
6311,0.43417646242737906,3
6312,0.43417646242737906,3
6313,0.43417646242737906,3
6314,0.43417646242737906,3
6315,0.43417646242737906,3
6316,0.4341764619867743,3
6317,0.4341764619867743,3
6318,0.4341764619867743,3
6319,0.4341764615461694,3
6320,0.43417646110556457,3
6321,0.43417646110556457,3
6322,0.43417646110556457,3
6323,0.43417646110556457,3
6324,0.4341764615461694,3
6325,0.4341764619867743,3
6326,0.43417646242737906,3
6327,0.43417646242737906,3
6328,0.4341764628679839,3
6329,0.4341764628679839,3
6330,0.4341764628679839,3
6331,0.4341764628679839,3
6332,0.4341764628679839,3
6333,0.43417646242737906,3
6334,0.43417646242737906,3
6335,0.43417646242737906,3
6336,0.43417646242737906,3
6337,0.43417646242737906,3
6338,0.43417646242737906,3
6339,0.43417646242737906,3
6340,0.43417646242737906,3
6341,0.43417646242737906,3
6342,0.43417646242737906,3
6343,0.43417646242737906,3
6344,0.43417646242737906,3
6345,0.43417646242737906,3
6346,0.43417646242737906,3
6347,0.4341764619867743,3
6348,0.4341764619867743,3
6349,0.4341764619867743,3
6350,0.4341764619867743,3
6351,0.4341764619867743,3
6352,0.4341764628679839,3
6353,0.4341764628679839,3
6354,0.4341764628679839,3
6355,0.4341764628679839,3
6356,0.4341764628679839,3
6357,0.43417646242737906,3
6358,0.43417646242737906,3
6359,0.43417646242737906,3
6360,0.43417646242737906,3
6361,0.43417646242737906,3
6362,0.43417646242737906,3
6363,0.4341764628679839,3
6364,0.4341764633085887,3
6365,0.4341764633085887,3
6366,0.4341764633085887,3
6367,0.4341764633085887,3
6368,0.4341764628679839,3
6369,0.43417646242737906,3
6370,0.43417646242737906,3
6371,0.43417646242737906,3
6372,0.43417646242737906,3
6373,0.4341764619867743,3
6374,0.4341764615461694,3
6375,0.4341764615461694,3
6376,0.4341764615461694,3
6377,0.4341764615461694,3
6378,0.4341764619867743,3
6379,0.43417646242737906,3
6380,0.43417646242737906,3
6381,0.43417646242737906,3
6382,0.43417646242737906,3
6383,0.43417646242737906,3
6384,0.43417646242737906,3
6385,0.43417646242737906,3
6386,0.43417646242737906,3
6387,0.43417646242737906,3
6388,0.43417646242737906,3
6389,0.43417646242737906,3
6390,0.43417646242737906,3
6391,0.43417646242737906,3
6392,0.43417646242737906,3
6393,0.43417646242737906,3
6394,0.4341764619867743,3
6395,0.4341764615461694,3
6396,0.43417646110556457,3
6397,0.43417646110556457,3
6398,0.43417646110556457,3
6399,0.4341764615461694,3
6400,0.4341764619867743,3
6401,0.43417646242737906,3
6402,0.43417646242737906,3
6403,0.43417646242737906,3
6404,0.43417646242737906,3
6405,0.43417646242737906,3
6406,0.43417646242737906,3
6407,0.43417646242737906,3
6408,0.43417646242737906,3
6409,0.43417646242737906,3
6410,0.43417646242737906,3
6411,0.43417646242737906,3
6412,0.43417646242737906,3
6413,0.43417646242737906,3
6414,0.43417646242737906,3
6415,0.43417646242737906,3
6416,0.43417646242737906,3
6417,0.43417646242737906,3
6418,0.43417646242737906,3
6419,0.43417646242737906,3
6420,0.43417646242737906,3
6421,0.43417646242737906,3
6422,0.43417646242737906,3
6423,0.43417646242737906,3
6424,0.43417646242737906,3
6425,0.43417646242737906,3
6426,0.43417646242737906,3
6427,0.43417646242737906,3
6428,0.43417646242737906,3
6429,0.43417646242737906,3
6430,0.43417646242737906,3
6431,0.4341764628679839,3
6432,0.4341764628679839,3
6433,0.4341764628679839,3
6434,0.4341764628679839,3
6435,0.4341764628679839,3
6436,0.43417646242737906,3
6437,0.43417646242737906,3
6438,0.43417646242737906,3
6439,0.4341764619867743,3
6440,0.4341764615461694,3
6441,0.4341764615461694,3
6442,0.4341764615461694,3
6443,0.4341764615461694,3
6444,0.4341764619867743,3
6445,0.43417646242737906,3
6446,0.43417646242737906,3
6447,0.43417646242737906,3
6448,0.43417646242737906,3
6449,0.43417646242737906,3
6450,0.43417646242737906,3
6451,0.43417646242737906,3
6452,0.43417646242737906,3
6453,0.43417646242737906,3
6454,0.43417646242737906,3
6455,0.43417646242737906,3
6456,0.43417646242737906,3
6457,0.43417646242737906,3
6458,0.43417646242737906,3
6459,0.43417646242737906,3
6460,0.43417646242737906,3
6461,0.43417646242737906,3
6462,0.43417646242737906,3
6463,0.43417646242737906,3
6464,0.43417646242737906,3
6465,0.43417646242737906,3
6466,0.43417646242737906,3
6467,0.4341764619867743,3
6468,0.4341764615461694,3
6469,0.43417646110556457,3
6470,0.43417646110556457,3
6471,0.43417646110556457,3
6472,0.4341764615461694,3
6473,0.4341764619867743,3
6474,0.43417646242737906,3
6475,0.43417646242737906,3
6476,0.43417646242737906,3
6477,0.43417646242737906,3
6478,0.43417646242737906,3
6479,0.43417646242737906,3
6480,0.43417646242737906,3
6481,0.43417646242737906,3
6482,0.43417646242737906,3
6483,0.43417646242737906,3
6484,0.43417646242737906,3
6485,0.43417646242737906,3
6486,0.43417646242737906,3
6487,0.43417646242737906,3
6488,0.43417646242737906,3
6489,0.43417646242737906,3
6490,0.43417646242737906,3
6491,0.43417646242737906,3
6492,0.43417646242737906,3
6493,0.43417646242737906,3
6494,0.4341764619867743,3
6495,0.4341764615461694,3
6496,0.43417646110556457,3
6497,0.4341764606649597,3
6498,0.4341764602243549,3
6499,0.4341764602243549,3
6500,0.4341764606649597,3
6501,0.43417646110556457,3
6502,0.4341764615461694,3
6503,0.4341764619867743,3
6504,0.43417646242737906,3
6505,0.43417646242737906,3
6506,0.43417646242737906,3
6507,0.43417646242737906,3
6508,0.43417646242737906,3
6509,0.43417646242737906,3
6510,0.43417646242737906,3
6511,0.43417646242737906,3
6512,0.43417646242737906,3
6513,0.43417646242737906,3
6514,0.43417646242737906,3
6515,0.43417646242737906,3
6516,0.43417646242737906,3
6517,0.43417646242737906,3
6518,0.43417646242737906,3
6519,0.43417646242737906,3
6520,0.43417646242737906,3
6521,0.43417646242737906,3
6522,0.43417646242737906,3
6523,0.43417646242737906,3
6524,0.43417646242737906,3
6525,0.43417646242737906,3
6526,0.43417646242737906,3
6527,0.43417646242737906,3
6528,0.43417646242737906,3
6529,0.43417646242737906,3
6530,0.43417646242737906,3
6531,0.43417646242737906,3
6532,0.43417646242737906,3
6533,0.43417646242737906,3
6534,0.43417646242737906,3
6535,0.43417646242737906,3
6536,0.43417646242737906,3
6537,0.43417646242737906,3
6538,0.43417646242737906,3
6539,0.43417646242737906,3
6540,0.43417646242737906,3
6541,0.4341764619867743,3
6542,0.4341764615461694,3
6543,0.4341764615461694,3
6544,0.4341764615461694,3
6545,0.4341764615461694,3
6546,0.4341764619867743,3
6547,0.43417646242737906,3
6548,0.43417646242737906,3
6549,0.43417646242737906,3
6550,0.43417646242737906,3
6551,0.43417646242737906,3
6552,0.43417646242737906,3
6553,0.43417646242737906,3
6554,0.43417646242737906,3
6555,0.4341764619867743,3
6556,0.4341764619867743,3
6557,0.4341764619867743,3
6558,0.4341764619867743,3
6559,0.4341764619867743,3
6560,0.43417646242737906,3
6561,0.43417646242737906,3
6562,0.43417646242737906,3
6563,0.43417646242737906,3
6564,0.43417646242737906,3
6565,0.43417646242737906,3
6566,0.43417646242737906,3
6567,0.43417646242737906,3
6568,0.43417646242737906,3
6569,0.43417646242737906,3
6570,0.43417646242737906,3
6571,0.43417646242737906,3
6572,0.43417646242737906,3
6573,0.4341764628679839,3
6574,0.4341764628679839,3
6575,0.4341764628679839,3
6576,0.43417646242737906,3
6577,0.4341764619867743,3
6578,0.43417646110556457,3
6579,0.43417646110556457,3
6580,0.43417646110556457,3
6581,0.4341764615461694,3
6582,0.4341764615461694,3
6583,0.4341764615461694,3
6584,0.4341764615461694,3
6585,0.4341764615461694,3
6586,0.4341764615461694,3
6587,0.4341764619867743,3
6588,0.4341764619867743,3
6589,0.4341764615461694,3
6590,0.43417646110556457,3
6591,0.43417646110556457,3
6592,0.4341764606649597,3
6593,0.4341764606649597,3
6594,0.4341764606649597,3
6595,0.4341764606649597,3
6596,0.4341764606649597,3
6597,0.43417646110556457,3
6598,0.4341764619867743,3
6599,0.43417646242737906,3
6600,0.4341764628679839,3
6601,0.4341764628679839,3
6602,0.4341764628679839,3
6603,0.43417646242737906,3
6604,0.43417646242737906,3
6605,0.43417646242737906,3
6606,0.43417646242737906,3
6607,0.43417646242737906,3
6608,0.43417646242737906,3
6609,0.43417646242737906,3
6610,0.43417646242737906,3
6611,0.43417646242737906,3
6612,0.43417646242737906,3
6613,0.43417646242737906,3
6614,0.43417646242737906,3
6615,0.43417646242737906,3
6616,0.4341764619867743,3
6617,0.4341764619867743,3
6618,0.4341764619867743,3
6619,0.4341764619867743,3
6620,0.4341764619867743,3
6621,0.43417646242737906,3
6622,0.43417646242737906,3
6623,0.43417646242737906,3
6624,0.43417646242737906,3
6625,0.43417646242737906,3
6626,0.43417646242737906,3
6627,0.43417646242737906,3
6628,0.43417646242737906,3
6629,0.43417646242737906,3
6630,0.43417646242737906,3
6631,0.43417646242737906,3
6632,0.43417646242737906,3
6633,0.43417646242737906,3
6634,0.43417646242737906,3
6635,0.43417646242737906,3
6636,0.4341764628679839,3
6637,0.4341764628679839,3
6638,0.4341764628679839,3
6639,0.4341764628679839,3
6640,0.4341764633085887,3
6641,0.4341764628679839,3
6642,0.4341764628679839,3
6643,0.4341764628679839,3
6644,0.4341764628679839,3
6645,0.43417646242737906,3
6646,0.4341764619867743,3
6647,0.4341764619867743,3
6648,0.4341764619867743,3
6649,0.4341764619867743,3
6650,0.4341764619867743,3
6651,0.43417646242737906,3
6652,0.43417646242737906,3
6653,0.43417646242737906,3
6654,0.43417646242737906,3
6655,0.43417646242737906,3
6656,0.43417646242737906,3
6657,0.43417646242737906,3
6658,0.43417646242737906,3
6659,0.43417646242737906,3
6660,0.43417646242737906,3
6661,0.43417646242737906,3
6662,0.43417646242737906,3
6663,0.43417646242737906,3
6664,0.43417646242737906,3
6665,0.43417646242737906,3
6666,0.43417646242737906,3
6667,0.43417646242737906,3
6668,0.43417646242737906,3
6669,0.43417646242737906,3
6670,0.43417646242737906,3
6671,0.4341764619867743,3
6672,0.4341764619867743,3
6673,0.4341764619867743,3
6674,0.4341764619867743,3
6675,0.43417646242737906,3
6676,0.4341764628679839,3
6677,0.4341764628679839,3
6678,0.43417646242737906,3
6679,0.43417646242737906,3
6680,0.4341764619867743,3
6681,0.43417646242737906,3
6682,0.43417646242737906,3
6683,0.4341764628679839,3
6684,0.4341764628679839,3
6685,0.4341764628679839,3
6686,0.43417646242737906,3
6687,0.43417646242737906,3
6688,0.43417646242737906,3
6689,0.43417646242737906,3
6690,0.43417646242737906,3
6691,0.43417646242737906,3
6692,0.43417646242737906,3
6693,0.43417646242737906,3
6694,0.43417646242737906,3
6695,0.43417646242737906,3
6696,0.43417646242737906,3
6697,0.43417646242737906,3
6698,0.43417646242737906,3
6699,0.43417646242737906,3
6700,0.43417646242737906,3
6701,0.43417646242737906,3
6702,0.43417646242737906,3
6703,0.43417646242737906,3
6704,0.4341764619867743,3
6705,0.4341764619867743,3
6706,0.4341764619867743,3
6707,0.4341764619867743,3
6708,0.4341764619867743,3
6709,0.43417646242737906,3
6710,0.43417646242737906,3
6711,0.43417646242737906,3
6712,0.43417646242737906,3
6713,0.43417646242737906,3
6714,0.43417646242737906,3
6715,0.4341764619867743,3
6716,0.4341764615461694,3
6717,0.4341764615461694,3
6718,0.4341764615461694,3
6719,0.4341764615461694,3
6720,0.4341764619867743,3
6721,0.43417646242737906,3
6722,0.43417646242737906,3
6723,0.43417646242737906,3
6724,0.43417646242737906,3
6725,0.43417646242737906,3
6726,0.43417646242737906,3
6727,0.43417646242737906,3
6728,0.43417646242737906,3
6729,0.43417646242737906,3
6730,0.43417646242737906,3
6731,0.43417646242737906,3
6732,0.43417646242737906,3
6733,0.43417646242737906,3
6734,0.43417646242737906,3
6735,0.4341764628679839,3
6736,0.4341764628679839,3
6737,0.4341764628679839,3
6738,0.4341764628679839,3
6739,0.4341764628679839,3
6740,0.43417646242737906,3
6741,0.43417646242737906,3
6742,0.43417646242737906,3
6743,0.43417646242737906,3
6744,0.43417646242737906,3
6745,0.4341764619867743,3
6746,0.4341764615461694,3
6747,0.4341764615461694,3
6748,0.4341764615461694,3
6749,0.43417646110556457,3
6750,0.43417646110556457,3
6751,0.43417646110556457,3
6752,0.4341764606649597,3
6753,0.4341764606649597,3
6754,0.43417646110556457,3
6755,0.4341764615461694,3
6756,0.4341764619867743,3
6757,0.43417646242737906,3
6758,0.43417646242737906,3
6759,0.4341764619867743,3
6760,0.4341764619867743,3
6761,0.4341764619867743,3
6762,0.4341764619867743,3
6763,0.4341764619867743,3
6764,0.43417646242737906,3
6765,0.43417646242737906,3
6766,0.43417646242737906,3
6767,0.43417646242737906,3
6768,0.43417646242737906,3
6769,0.43417646242737906,3
6770,0.43417646242737906,3
6771,0.43417646242737906,3
6772,0.43417646242737906,3
6773,0.43417646242737906,3
6774,0.43417646242737906,3
6775,0.43417646242737906,3
6776,0.43417646242737906,3
6777,0.43417646242737906,3
6778,0.43417646242737906,3
6779,0.43417646242737906,3
6780,0.43417646242737906,3
6781,0.43417646242737906,3
6782,0.43417646242737906,3
6783,0.43417646242737906,3
6784,0.43417646242737906,3
6785,0.43417646242737906,3
6786,0.4341764628679839,3
6787,0.4341764628679839,3
6788,0.4341764628679839,3
6789,0.4341764628679839,3
6790,0.4341764628679839,3
6791,0.43417646242737906,3
6792,0.43417646242737906,3
6793,0.43417646242737906,3
6794,0.43417646242737906,3
6795,0.43417646242737906,3
6796,0.43417646242737906,3
6797,0.43417646242737906,3
6798,0.43417646242737906,3
6799,0.43417646242737906,3
6800,0.43417646242737906,3
6801,0.43417646242737906,3
6802,0.43417646242737906,3
6803,0.43417646242737906,3
6804,0.4341764619867743,3
6805,0.4341764619867743,3
6806,0.4341764619867743,3
6807,0.4341764619867743,3
6808,0.4341764619867743,3
6809,0.43417646242737906,3
6810,0.43417646242737906,3
6811,0.43417646242737906,3
6812,0.43417646242737906,3
6813,0.43417646242737906,3
6814,0.43417646242737906,3
6815,0.43417646242737906,3
6816,0.43417646242737906,3
6817,0.43417646242737906,3
6818,0.43417646242737906,3
6819,0.43417646242737906,3
6820,0.4341764619867743,3
6821,0.4341764619867743,3
6822,0.4341764619867743,3
6823,0.4341764619867743,3
6824,0.4341764619867743,3
6825,0.4341764628679839,3
6826,0.4341764628679839,3
6827,0.4341764628679839,3
6828,0.4341764628679839,3
6829,0.4341764628679839,3
6830,0.43417646242737906,3
6831,0.43417646242737906,3
6832,0.43417646242737906,3
6833,0.43417646242737906,3
6834,0.4341764628679839,3
6835,0.4341764628679839,3
6836,0.4341764628679839,3
6837,0.4341764628679839,3
6838,0.43417646242737906,3
6839,0.4341764615461694,3
6840,0.4341764615461694,3
6841,0.4341764615461694,3
6842,0.4341764615461694,3
6843,0.4341764619867743,3
6844,0.43417646242737906,3
6845,0.43417646242737906,3
6846,0.4341764628679839,3
6847,0.4341764628679839,3
6848,0.4341764628679839,3
6849,0.4341764628679839,3
6850,0.4341764628679839,3
6851,0.43417646242737906,3
6852,0.43417646242737906,3
6853,0.43417646242737906,3
6854,0.43417646242737906,3
6855,0.43417646242737906,3
6856,0.43417646242737906,3
6857,0.43417646242737906,3
6858,0.43417646242737906,3
6859,0.4341764628679839,3
6860,0.4341764628679839,3
6861,0.43417646242737906,3
6862,0.4341764619867743,3
6863,0.4341764615461694,3
6864,0.43417646110556457,3
6865,0.43417646110556457,3
6866,0.4341764615461694,3
6867,0.4341764619867743,3
6868,0.43417646242737906,3
6869,0.4341764619867743,3
6870,0.4341764615461694,3
6871,0.4341764615461694,3
6872,0.43417646110556457,3
6873,0.4341764606649597,3
6874,0.4341764606649597,3
6875,0.43417646110556457,3
6876,0.43417646110556457,3
6877,0.4341764619867743,3
6878,0.43417646242737906,3
6879,0.4341764628679839,3
6880,0.4341764628679839,3
6881,0.4341764628679839,3
6882,0.43417646242737906,3
6883,0.43417646242737906,3
6884,0.43417646242737906,3
6885,0.43417646242737906,3
6886,0.43417646242737906,3
6887,0.43417646242737906,3
6888,0.43417646242737906,3
6889,0.43417646242737906,3
6890,0.43417646242737906,3
6891,0.43417646242737906,3
6892,0.43417646242737906,3
6893,0.43417646242737906,3
6894,0.43417646242737906,3
6895,0.43417646242737906,3
6896,0.43417646242737906,3
6897,0.43417646242737906,3
6898,0.43417646242737906,3
6899,0.43417646242737906,3
6900,0.43417646242737906,3
6901,0.43417646242737906,3
6902,0.43417646242737906,3
6903,0.43417646242737906,3
6904,0.43417646242737906,3
6905,0.43417646242737906,3
6906,0.43417646242737906,3
6907,0.43417646242737906,3
6908,0.43417646242737906,3
6909,0.43417646242737906,3
6910,0.43417646242737906,3
6911,0.43417646242737906,3
6912,0.43417646242737906,3
6913,0.43417646242737906,3
6914,0.43417646242737906,3
6915,0.43417646242737906,3
6916,0.43417646242737906,3
6917,0.4341764619867743,3
6918,0.4341764619867743,3
6919,0.4341764619867743,3
6920,0.4341764619867743,3
6921,0.4341764615461694,3
6922,0.4341764619867743,3
6923,0.4341764619867743,3
6924,0.4341764619867743,3
6925,0.4341764619867743,3
6926,0.43417646242737906,3
6927,0.4341764628679839,3
6928,0.4341764628679839,3
6929,0.4341764628679839,3
6930,0.4341764628679839,3
6931,0.4341764628679839,3
6932,0.4341764619867743,3
6933,0.4341764615461694,3
6934,0.43417646110556457,3
6935,0.4341764606649597,3
6936,0.4341764602243549,3
6937,0.4341764602243549,3
6938,0.4341764602243549,3
6939,0.4341764602243549,3
6940,0.4341764606649597,3
6941,0.43417646110556457,3
6942,0.4341764615461694,3
6943,0.4341764615461694,3
6944,0.4341764619867743,3
6945,0.4341764619867743,3
6946,0.4341764619867743,3
6947,0.4341764619867743,3
6948,0.43417646242737906,3
6949,0.43417646242737906,3
6950,0.43417646242737906,3
6951,0.43417646242737906,3
6952,0.43417646242737906,3
6953,0.4341764628679839,3
6954,0.4341764628679839,3
6955,0.4341764628679839,3
6956,0.4341764633085887,3
6957,0.4341764633085887,3
6958,0.4341764628679839,3
6959,0.4341764628679839,3
6960,0.4341764628679839,3
6961,0.43417646242737906,3
6962,0.43417646242737906,3
6963,0.43417646242737906,3
6964,0.4341764619867743,3
6965,0.4341764615461694,3
6966,0.4341764615461694,3
6967,0.4341764615461694,3
6968,0.4341764615461694,3
6969,0.4341764619867743,3
6970,0.43417646242737906,3
6971,0.43417646242737906,3
6972,0.43417646242737906,3
6973,0.43417646242737906,3
6974,0.43417646242737906,3
6975,0.43417646242737906,3
6976,0.4341764619867743,3
6977,0.4341764615461694,3
6978,0.4341764615461694,3
6979,0.4341764615461694,3
6980,0.4341764615461694,3
6981,0.4341764615461694,3
6982,0.4341764619867743,3
6983,0.4341764619867743,3
6984,0.43417646242737906,3
6985,0.43417646242737906,3
6986,0.4341764628679839,3
6987,0.4341764628679839,3
6988,0.4341764628679839,3
6989,0.43417646242737906,3
6990,0.4341764619867743,3
6991,0.4341764619867743,3
6992,0.4341764619867743,3
6993,0.4341764619867743,3
6994,0.4341764619867743,3
6995,0.43417646242737906,3
6996,0.4341764628679839,3
6997,0.4341764628679839,3
6998,0.4341764628679839,3
6999,0.4341764628679839,3
7000,0.4341764633085887,3
7001,0.4341764628679839,3
7002,0.4341764628679839,3
7003,0.4341764628679839,3
7004,0.4341764628679839,3
7005,0.43417646242737906,3
7006,0.4341764619867743,3
7007,0.4341764619867743,3
7008,0.43417646242737906,3
7009,0.43417646242737906,3
7010,0.43417646242737906,3
7011,0.4341764628679839,3
7012,0.4341764628679839,3
7013,0.43417646242737906,3
7014,0.43417646242737906,3
7015,0.43417646242737906,3
7016,0.43417646242737906,3
7017,0.43417646242737906,3
7018,0.43417646242737906,3
7019,0.4341764619867743,3
7020,0.4341764619867743,3
7021,0.4341764619867743,3
7022,0.4341764619867743,3
7023,0.4341764619867743,3
7024,0.43417646242737906,3
7025,0.43417646242737906,3
7026,0.43417646242737906,3
7027,0.43417646242737906,3
7028,0.43417646242737906,3
7029,0.43417646242737906,3
7030,0.4341764619867743,3
7031,0.4341764619867743,3
7032,0.4341764619867743,3
7033,0.4341764615461694,3
7034,0.43417646110556457,3
7035,0.4341764615461694,3
7036,0.43417646110556457,3
7037,0.43417646110556457,3
7038,0.4341764615461694,3
7039,0.4341764619867743,3
7040,0.4341764619867743,3
7041,0.43417646242737906,3
7042,0.43417646242737906,3
7043,0.43417646242737906,3
7044,0.43417646242737906,3
7045,0.43417646242737906,3
7046,0.43417646242737906,3
7047,0.43417646242737906,3
7048,0.43417646242737906,3
7049,0.43417646242737906,3
7050,0.43417646242737906,3
7051,0.43417646242737906,3
7052,0.43417646242737906,3
7053,0.43417646242737906,3
7054,0.43417646242737906,3
7055,0.43417646242737906,3
7056,0.43417646242737906,3
7057,0.43417646242737906,3
7058,0.43417646242737906,3
7059,0.43417646242737906,3
7060,0.43417646242737906,3
7061,0.43417646242737906,3
7062,0.43417646242737906,3
7063,0.4341764619867743,3
7064,0.4341764619867743,3
7065,0.4341764619867743,3
7066,0.4341764615461694,3
7067,0.43417646110556457,3
7068,0.4341764615461694,3
7069,0.4341764615461694,3
7070,0.4341764615461694,3
7071,0.4341764619867743,3
7072,0.43417646242737906,3
7073,0.43417646242737906,3
7074,0.43417646242737906,3
7075,0.43417646242737906,3
7076,0.4341764628679839,3
7077,0.4341764633085887,3
7078,0.4341764633085887,3
7079,0.4341764633085887,3
7080,0.4341764628679839,3
7081,0.43417646242737906,3
7082,0.4341764619867743,3
7083,0.4341764615461694,3
7084,0.4341764615461694,3
7085,0.4341764619867743,3
7086,0.4341764619867743,3
7087,0.4341764619867743,3
7088,0.4341764628679839,3
7089,0.4341764628679839,3
7090,0.4341764628679839,3
7091,0.4341764628679839,3
7092,0.4341764628679839,3
7093,0.43417646242737906,3
7094,0.4341764619867743,3
7095,0.4341764619867743,3
7096,0.4341764619867743,3
7097,0.4341764619867743,3
7098,0.4341764619867743,3
7099,0.43417646242737906,3
7100,0.4341764628679839,3
7101,0.4341764628679839,3
7102,0.4341764628679839,3
7103,0.4341764628679839,3
7104,0.4341764628679839,3
7105,0.43417646242737906,3
7106,0.43417646242737906,3
7107,0.43417646242737906,3
7108,0.43417646242737906,3
7109,0.43417646242737906,3
7110,0.43417646242737906,3
7111,0.43417646242737906,3
7112,0.43417646242737906,3
7113,0.43417646242737906,3
7114,0.43417646242737906,3
7115,0.43417646242737906,3
7116,0.43417646242737906,3
7117,0.43417646242737906,3
7118,0.43417646242737906,3
7119,0.43417646242737906,3
7120,0.43417646242737906,3
7121,0.43417646242737906,3
7122,0.43417646242737906,3
7123,0.43417646242737906,3
7124,0.43417646242737906,3
7125,0.43417646242737906,3
7126,0.43417646242737906,3
7127,0.43417646242737906,3
7128,0.43417646242737906,3
7129,0.43417646242737906,3
7130,0.43417646242737906,3
7131,0.43417646242737906,3
7132,0.43417646242737906,3
7133,0.4341764619867743,3
7134,0.4341764619867743,3
7135,0.4341764619867743,3
7136,0.4341764619867743,3
7137,0.4341764615461694,3
7138,0.4341764619867743,3
7139,0.4341764619867743,3
7140,0.4341764619867743,3
7141,0.4341764619867743,3
7142,0.43417646242737906,3
7143,0.43417646242737906,3
7144,0.4341764619867743,3
7145,0.4341764615461694,3
7146,0.4341764606649597,3
7147,0.4341764606649597,3
7148,0.4341764606649597,3
7149,0.43417646110556457,3
7150,0.4341764615461694,3
7151,0.43417646242737906,3
7152,0.43417646242737906,3
7153,0.43417646242737906,3
7154,0.43417646242737906,3
7155,0.43417646242737906,3
7156,0.43417646242737906,3
7157,0.43417646242737906,3
7158,0.43417646242737906,3
7159,0.43417646242737906,3
7160,0.43417646242737906,3
7161,0.43417646242737906,3
7162,0.43417646242737906,3
7163,0.43417646242737906,3
7164,0.43417646242737906,3
7165,0.43417646242737906,3
7166,0.43417646242737906,3
7167,0.43417646242737906,3
7168,0.43417646242737906,3
7169,0.43417646242737906,3
7170,0.43417646242737906,3
7171,0.43417646242737906,3
7172,0.43417646242737906,3
7173,0.43417646242737906,3
7174,0.43417646242737906,3
7175,0.43417646242737906,3
7176,0.4341764619867743,3
7177,0.4341764619867743,3
7178,0.4341764619867743,3
7179,0.4341764619867743,3
7180,0.4341764619867743,3
7181,0.43417646242737906,3
7182,0.43417646242737906,3
7183,0.43417646242737906,3
7184,0.43417646242737906,3
7185,0.43417646242737906,3
7186,0.43417646242737906,3
7187,0.43417646242737906,3
7188,0.43417646242737906,3
7189,0.43417646242737906,3
7190,0.4341764619867743,3
7191,0.4341764615461694,3
7192,0.43417646110556457,3
7193,0.4341764606649597,3
7194,0.4341764602243549,3
7195,0.4341764606649597,3
7196,0.43417646110556457,3
7197,0.4341764615461694,3
7198,0.4341764619867743,3
7199,0.43417646242737906,3
7200,0.43417646242737906,3
7201,0.43417646242737906,3
7202,0.43417646242737906,3
7203,0.43417646242737906,3
7204,0.43417646242737906,3
7205,0.43417646242737906,3
7206,0.43417646242737906,3
7207,0.43417646242737906,3
7208,0.43417646242737906,3
7209,0.43417646242737906,3
7210,0.4341764628679839,3
7211,0.4341764628679839,3
7212,0.4341764628679839,3
7213,0.4341764628679839,3
7214,0.4341764628679839,3
7215,0.43417646242737906,3
7216,0.43417646242737906,3
7217,0.4341764619867743,3
7218,0.4341764619867743,3
7219,0.4341764619867743,3
7220,0.4341764615461694,3
7221,0.4341764615461694,3
7222,0.4341764619867743,3
7223,0.4341764619867743,3
7224,0.4341764619867743,3
7225,0.43417646242737906,3
7226,0.43417646242737906,3
7227,0.43417646242737906,3
7228,0.43417646242737906,3
7229,0.43417646242737906,3
7230,0.43417646242737906,3
7231,0.43417646242737906,3
7232,0.43417646242737906,3
7233,0.43417646242737906,3
7234,0.43417646242737906,3
7235,0.43417646242737906,3
7236,0.43417646242737906,3
7237,0.43417646242737906,3
7238,0.43417646242737906,3
7239,0.43417646242737906,3
7240,0.4341764628679839,3
7241,0.4341764633085887,3
7242,0.4341764633085887,3
7243,0.4341764628679839,3
7244,0.4341764619867743,3
7245,0.4341764615461694,3
7246,0.4341764615461694,3
7247,0.4341764615461694,3
7248,0.4341764619867743,3
7249,0.4341764633085887,3
7250,0.43417646374919355,3
7251,0.43417646374919355,3
7252,0.43417646418979844,3
7253,0.4341764646304032,3
7254,0.43417646418979844,3
7255,0.4341764633085887,3
7256,0.4341764619867743,3
7257,0.43417646110556457,3
7258,0.4341764602243549,3
7259,0.4341764597837501,3
7260,0.4341764597837501,3
7261,0.4341764602243549,3
7262,0.4341764602243549,3
7263,0.4341764606649597,3
7264,0.43417646110556457,3
7265,0.4341764615461694,3
7266,0.43417646242737906,3
7267,0.4341764628679839,3
7268,0.4341764628679839,3
7269,0.4341764628679839,3
7270,0.4341764628679839,3
7271,0.43417646242737906,3
7272,0.4341764619867743,3
7273,0.4341764615461694,3
7274,0.4341764615461694,3
7275,0.4341764615461694,3
7276,0.4341764615461694,3
7277,0.4341764619867743,3
7278,0.43417646242737906,3
7279,0.43417646242737906,3
7280,0.43417646242737906,3
7281,0.43417646242737906,3
7282,0.4341764628679839,3
7283,0.4341764628679839,3
7284,0.4341764628679839,3
7285,0.4341764628679839,3
7286,0.4341764628679839,3
7287,0.43417646242737906,3
7288,0.43417646242737906,3
7289,0.43417646242737906,3
7290,0.43417646242737906,3
7291,0.43417646242737906,3
7292,0.43417646242737906,3
7293,0.43417646242737906,3
7294,0.43417646242737906,3
7295,0.43417646242737906,3
7296,0.43417646242737906,3
7297,0.43417646242737906,3
7298,0.43417646242737906,3
7299,0.43417646242737906,3
7300,0.43417646242737906,3
7301,0.43417646242737906,3
7302,0.43417646242737906,3
7303,0.43417646242737906,3
7304,0.43417646242737906,3
7305,0.43417646242737906,3
7306,0.4341764619867743,3
7307,0.4341764615461694,3
7308,0.4341764615461694,3
7309,0.4341764615461694,3
7310,0.4341764615461694,3
7311,0.4341764619867743,3
7312,0.43417646242737906,3
7313,0.43417646242737906,3
7314,0.43417646242737906,3
7315,0.43417646242737906,3
7316,0.43417646242737906,3
7317,0.43417646242737906,3
7318,0.43417646242737906,3
7319,0.43417646242737906,3
7320,0.43417646242737906,3
7321,0.43417646242737906,3
7322,0.43417646242737906,3
7323,0.43417646242737906,3
7324,0.43417646242737906,3
7325,0.43417646242737906,3
7326,0.43417646242737906,3
7327,0.43417646242737906,3
7328,0.43417646242737906,3
7329,0.43417646242737906,3
7330,0.43417646242737906,3
7331,0.43417646242737906,3
7332,0.43417646242737906,3
7333,0.43417646242737906,3
7334,0.4341764619867743,3
7335,0.4341764615461694,3
7336,0.4341764615461694,3
7337,0.4341764615461694,3
7338,0.4341764615461694,3
7339,0.4341764619867743,3
7340,0.43417646242737906,3
7341,0.43417646242737906,3
7342,0.43417646242737906,3
7343,0.43417646242737906,3
7344,0.43417646242737906,3
7345,0.43417646242737906,3
7346,0.43417646242737906,3
7347,0.43417646242737906,3
7348,0.43417646242737906,3
7349,0.43417646242737906,3
7350,0.43417646242737906,3
7351,0.43417646242737906,3
7352,0.43417646242737906,3
7353,0.4341764628679839,3
7354,0.4341764628679839,3
7355,0.4341764628679839,3
7356,0.4341764628679839,3
7357,0.4341764628679839,3
7358,0.43417646242737906,3
7359,0.43417646242737906,3
7360,0.43417646242737906,3
7361,0.43417646242737906,3
7362,0.43417646242737906,3
7363,0.43417646242737906,3
7364,0.43417646242737906,3
7365,0.43417646242737906,3
7366,0.43417646242737906,3
7367,0.43417646242737906,3
7368,0.43417646242737906,3
7369,0.43417646242737906,3
7370,0.43417646242737906,3
7371,0.43417646242737906,3
7372,0.43417646242737906,3
7373,0.43417646242737906,3
7374,0.4341764628679839,3
7375,0.4341764628679839,3
7376,0.4341764628679839,3
7377,0.4341764628679839,3
7378,0.4341764628679839,3
7379,0.43417646242737906,3
7380,0.43417646242737906,3
7381,0.43417646242737906,3
7382,0.43417646242737906,3
7383,0.43417646242737906,3
7384,0.43417646242737906,3
7385,0.43417646242737906,3
7386,0.43417646242737906,3
7387,0.43417646242737906,3
7388,0.43417646242737906,3
7389,0.43417646242737906,3
7390,0.43417646242737906,3
7391,0.43417646242737906,3
7392,0.43417646242737906,3
7393,0.43417646242737906,3
7394,0.43417646242737906,3
7395,0.43417646242737906,3
7396,0.43417646242737906,3
7397,0.43417646242737906,3
7398,0.43417646242737906,3
7399,0.43417646242737906,3
7400,0.4341764619867743,3
7401,0.4341764615461694,3
7402,0.43417646110556457,3
7403,0.43417646110556457,3
7404,0.43417646110556457,3
7405,0.43417646110556457,3
7406,0.43417646110556457,3
7407,0.43417646110556457,3
7408,0.4341764606649597,3
7409,0.4341764602243549,3
7410,0.4341764606649597,3
7411,0.43417646110556457,3
7412,0.43417646110556457,3
7413,0.43417646110556457,3
7414,0.43417646110556457,3
7415,0.43417646110556457,3
7416,0.43417646110556457,3
7417,0.43417646110556457,3
7418,0.4341764615461694,3
7419,0.4341764619867743,3
7420,0.4341764619867743,3
7421,0.4341764619867743,3
7422,0.43417646242737906,3
7423,0.4341764619867743,3
7424,0.4341764615461694,3
7425,0.43417646110556457,3
7426,0.4341764606649597,3
7427,0.4341764606649597,3
7428,0.43417646110556457,3
7429,0.4341764615461694,3
7430,0.4341764619867743,3
7431,0.4341764628679839,3
7432,0.4341764628679839,3
7433,0.4341764628679839,3
7434,0.4341764628679839,3
7435,0.43417646242737906,3
7436,0.4341764615461694,3
7437,0.43417646110556457,3
7438,0.4341764606649597,3
7439,0.4341764602243549,3
7440,0.4341764606649597,3
7441,0.43417646110556457,3
7442,0.4341764615461694,3
7443,0.4341764619867743,3
7444,0.43417646242737906,3
7445,0.43417646242737906,3
7446,0.43417646242737906,3
7447,0.43417646242737906,3
7448,0.43417646242737906,3
7449,0.43417646242737906,3
7450,0.4341764619867743,3
7451,0.4341764615461694,3
7452,0.4341764615461694,3
7453,0.4341764615461694,3
7454,0.4341764615461694,3
7455,0.4341764619867743,3
7456,0.43417646242737906,3
7457,0.4341764628679839,3
7458,0.4341764628679839,3
7459,0.43417646242737906,3
7460,0.43417646242737906,3
7461,0.43417646242737906,3
7462,0.4341764619867743,3
7463,0.4341764619867743,3
7464,0.43417646242737906,3
7465,0.43417646242737906,3
7466,0.43417646242737906,3
7467,0.43417646242737906,3
7468,0.43417646242737906,3
7469,0.4341764628679839,3
7470,0.4341764633085887,3
7471,0.4341764633085887,3
7472,0.4341764633085887,3
7473,0.4341764633085887,3
7474,0.43417646242737906,3
7475,0.4341764619867743,3
7476,0.4341764619867743,3
7477,0.4341764619867743,3
7478,0.4341764619867743,3
7479,0.4341764619867743,3
7480,0.4341764615461694,3
7481,0.43417646110556457,3
7482,0.4341764606649597,3
7483,0.4341764597837501,3
7484,0.4341764597837501,3
7485,0.4341764597837501,3
7486,0.4341764597837501,3
7487,0.4341764597837501,3
7488,0.4341764606649597,3
7489,0.43417646110556457,3
7490,0.4341764615461694,3
7491,0.4341764619867743,3
7492,0.43417646242737906,3
7493,0.43417646242737906,3
7494,0.43417646242737906,3
7495,0.43417646242737906,3
7496,0.4341764619867743,3
7497,0.4341764619867743,3
7498,0.4341764619867743,3
7499,0.4341764619867743,3
7500,0.4341764619867743,3
7501,0.43417646242737906,3
7502,0.43417646242737906,3
7503,0.43417646242737906,3
7504,0.43417646242737906,3
7505,0.43417646242737906,3
7506,0.43417646242737906,3
7507,0.43417646242737906,3
7508,0.4341764628679839,3
7509,0.4341764628679839,3
7510,0.4341764628679839,3
7511,0.4341764628679839,3
7512,0.4341764628679839,3
7513,0.4341764628679839,3
7514,0.4341764633085887,3
7515,0.4341764633085887,3
7516,0.4341764633085887,3
7517,0.4341764633085887,3
7518,0.4341764628679839,3
7519,0.43417646242737906,3
7520,0.43417646242737906,3
7521,0.43417646242737906,3
7522,0.43417646242737906,3
7523,0.43417646242737906,3
7524,0.4341764628679839,3
7525,0.4341764633085887,3
7526,0.4341764633085887,3
7527,0.4341764633085887,3
7528,0.4341764633085887,3
7529,0.4341764628679839,3
7530,0.43417646242737906,3
7531,0.43417646242737906,3
7532,0.43417646242737906,3
7533,0.4341764619867743,3
7534,0.4341764615461694,3
7535,0.43417646110556457,3
7536,0.43417646110556457,3
7537,0.43417646110556457,3
7538,0.4341764615461694,3
7539,0.4341764619867743,3
7540,0.43417646242737906,3
7541,0.43417646242737906,3
7542,0.43417646242737906,3
7543,0.4341764628679839,3
7544,0.4341764628679839,3
7545,0.4341764628679839,3
7546,0.4341764628679839,3
7547,0.4341764628679839,3
7548,0.43417646242737906,3
7549,0.43417646242737906,3
7550,0.43417646242737906,3
7551,0.43417646242737906,3
7552,0.43417646242737906,3
7553,0.43417646242737906,3
7554,0.43417646242737906,3
7555,0.43417646242737906,3
7556,0.43417646242737906,3
7557,0.43417646242737906,3
7558,0.43417646242737906,3
7559,0.43417646242737906,3
7560,0.43417646242737906,3
7561,0.43417646242737906,3
7562,0.43417646242737906,3
7563,0.43417646242737906,3
7564,0.43417646242737906,3
7565,0.43417646242737906,3
7566,0.43417646242737906,3
7567,0.43417646242737906,3
7568,0.43417646242737906,3
7569,0.43417646242737906,3
7570,0.43417646242737906,3
7571,0.43417646242737906,3
7572,0.43417646242737906,3
7573,0.43417646242737906,3
7574,0.43417646242737906,3
7575,0.4341764628679839,3
7576,0.4341764628679839,3
7577,0.4341764628679839,3
7578,0.4341764628679839,3
7579,0.4341764628679839,3
7580,0.43417646242737906,3
7581,0.4341764619867743,3
7582,0.4341764619867743,3
7583,0.4341764615461694,3
7584,0.4341764615461694,3
7585,0.4341764615461694,3
7586,0.4341764619867743,3
7587,0.4341764619867743,3
7588,0.43417646242737906,3
7589,0.43417646242737906,3
7590,0.43417646242737906,3
7591,0.43417646242737906,3
7592,0.43417646242737906,3
7593,0.43417646242737906,3
7594,0.43417646242737906,3
7595,0.43417646242737906,3
7596,0.43417646242737906,3
7597,0.43417646242737906,3
7598,0.43417646242737906,3
7599,0.43417646242737906,3
7600,0.43417646242737906,3
7601,0.43417646242737906,3
7602,0.43417646242737906,3
7603,0.4341764628679839,3
7604,0.4341764628679839,3
7605,0.4341764628679839,3
7606,0.4341764628679839,3
7607,0.4341764628679839,3
7608,0.43417646242737906,3
7609,0.43417646242737906,3
7610,0.43417646242737906,3
7611,0.43417646242737906,3
7612,0.43417646242737906,3
7613,0.43417646242737906,3
7614,0.43417646242737906,3
7615,0.4341764628679839,3
7616,0.4341764628679839,3
7617,0.4341764628679839,3
7618,0.4341764628679839,3
7619,0.4341764628679839,3
7620,0.43417646242737906,3
7621,0.43417646242737906,3
7622,0.4341764619867743,3
7623,0.4341764615461694,3
7624,0.4341764606649597,3
7625,0.4341764602243549,3
7626,0.4341764597837501,3
7627,0.4341764602243549,3
7628,0.4341764606649597,3
7629,0.4341764615461694,3
7630,0.4341764619867743,3
7631,0.43417646242737906,3
7632,0.43417646242737906,3
7633,0.43417646242737906,3
7634,0.43417646242737906,3
7635,0.43417646242737906,3
7636,0.43417646242737906,3
7637,0.43417646242737906,3
7638,0.43417646242737906,3
7639,0.43417646242737906,3
7640,0.43417646242737906,3
7641,0.43417646242737906,3
7642,0.43417646242737906,3
7643,0.43417646242737906,3
7644,0.43417646242737906,3
7645,0.43417646242737906,3
7646,0.43417646242737906,3
7647,0.43417646242737906,3
7648,0.43417646242737906,3
7649,0.43417646242737906,3
7650,0.4341764619867743,3
7651,0.43417646110556457,3
7652,0.4341764606649597,3
7653,0.4341764602243549,3
7654,0.4341764597837501,3
7655,0.4341764602243549,3
7656,0.43417646110556457,3
7657,0.4341764615461694,3
7658,0.4341764619867743,3
7659,0.43417646242737906,3
7660,0.43417646242737906,3
7661,0.43417646242737906,3
7662,0.43417646242737906,3
7663,0.43417646242737906,3
7664,0.43417646242737906,3
7665,0.43417646242737906,3
7666,0.43417646242737906,3
7667,0.43417646242737906,3
7668,0.43417646242737906,3
7669,0.43417646242737906,3
7670,0.43417646242737906,3
7671,0.43417646242737906,3
7672,0.43417646242737906,3
7673,0.43417646242737906,3
7674,0.43417646242737906,3
7675,0.43417646242737906,3
7676,0.43417646242737906,3
7677,0.43417646242737906,3
7678,0.43417646242737906,3
7679,0.43417646242737906,3
7680,0.43417646242737906,3
7681,0.43417646242737906,3
7682,0.43417646242737906,3
7683,0.43417646242737906,3
7684,0.43417646242737906,3
7685,0.43417646242737906,3
7686,0.43417646242737906,3
7687,0.43417646242737906,3
7688,0.43417646242737906,3
7689,0.43417646242737906,3
7690,0.43417646242737906,3
7691,0.4341764628679839,3
7692,0.4341764633085887,3
7693,0.4341764633085887,3
7694,0.4341764633085887,3
7695,0.4341764633085887,3
7696,0.4341764628679839,3
7697,0.43417646242737906,3
7698,0.43417646242737906,3
7699,0.43417646242737906,3
7700,0.43417646242737906,3
7701,0.43417646242737906,3
7702,0.4341764619867743,3
7703,0.4341764615461694,3
7704,0.4341764615461694,3
7705,0.4341764615461694,3
7706,0.4341764615461694,3
7707,0.4341764619867743,3
7708,0.43417646242737906,3
7709,0.43417646242737906,3
7710,0.4341764619867743,3
7711,0.4341764619867743,3
7712,0.43417646242737906,3
7713,0.43417646242737906,3
7714,0.43417646242737906,3
7715,0.4341764628679839,3
7716,0.4341764628679839,3
7717,0.43417646242737906,3
7718,0.43417646242737906,3
7719,0.43417646242737906,3
7720,0.43417646242737906,3
7721,0.43417646242737906,3
7722,0.43417646242737906,3
7723,0.43417646242737906,3
7724,0.43417646242737906,3
7725,0.43417646242737906,3
7726,0.4341764619867743,3
7727,0.4341764619867743,3
7728,0.4341764619867743,3
7729,0.4341764619867743,3
7730,0.4341764619867743,3
7731,0.43417646242737906,3
7732,0.43417646242737906,3
7733,0.43417646242737906,3
7734,0.43417646242737906,3
7735,0.43417646242737906,3
7736,0.43417646242737906,3
7737,0.43417646242737906,3
7738,0.43417646242737906,3
7739,0.43417646242737906,3
7740,0.4341764619867743,3
7741,0.4341764619867743,3
7742,0.4341764615461694,3
7743,0.4341764615461694,3
7744,0.4341764619867743,3
7745,0.43417646242737906,3
7746,0.43417646242737906,3
7747,0.4341764628679839,3
7748,0.4341764628679839,3
7749,0.43417646242737906,3
7750,0.43417646242737906,3
7751,0.43417646242737906,3
7752,0.43417646242737906,3
7753,0.43417646242737906,3
7754,0.43417646242737906,3
7755,0.43417646242737906,3
7756,0.4341764619867743,3
7757,0.4341764619867743,3
7758,0.4341764619867743,3
7759,0.4341764619867743,3
7760,0.4341764619867743,3
7761,0.43417646242737906,3
7762,0.43417646242737906,3
7763,0.43417646242737906,3
7764,0.43417646242737906,3
7765,0.4341764619867743,3
7766,0.4341764619867743,3
7767,0.4341764619867743,3
7768,0.4341764619867743,3
7769,0.4341764619867743,3
7770,0.43417646242737906,3
7771,0.43417646242737906,3
7772,0.43417646242737906,3
7773,0.43417646242737906,3
7774,0.43417646242737906,3
7775,0.43417646242737906,3
7776,0.43417646242737906,3
7777,0.43417646242737906,3
7778,0.43417646242737906,3
7779,0.43417646242737906,3
7780,0.43417646242737906,3
7781,0.43417646242737906,3
7782,0.43417646242737906,3
7783,0.43417646242737906,3
7784,0.43417646242737906,3
7785,0.43417646242737906,3
7786,0.43417646242737906,3
7787,0.43417646242737906,3
7788,0.43417646242737906,3
7789,0.43417646242737906,3
7790,0.43417646242737906,3
7791,0.43417646242737906,3
7792,0.43417646242737906,3
7793,0.43417646242737906,3
7794,0.43417646242737906,3
7795,0.43417646242737906,3
7796,0.43417646242737906,3
7797,0.43417646242737906,3
7798,0.43417646242737906,3
7799,0.43417646242737906,3
7800,0.43417646242737906,3
7801,0.43417646242737906,3
7802,0.43417646242737906,3
7803,0.43417646242737906,3
7804,0.43417646242737906,3
7805,0.43417646242737906,3
7806,0.43417646242737906,3
7807,0.43417646242737906,3
7808,0.43417646242737906,3
7809,0.43417646242737906,3
7810,0.43417646242737906,3
7811,0.43417646242737906,3
7812,0.43417646242737906,3
7813,0.43417646242737906,3
7814,0.43417646242737906,3
7815,0.43417646242737906,3
7816,0.43417646242737906,3
7817,0.43417646242737906,3
7818,0.43417646242737906,3
7819,0.43417646242737906,3
7820,0.43417646242737906,3
7821,0.43417646242737906,3
7822,0.43417646242737906,3
7823,0.43417646242737906,3
7824,0.43417646242737906,3
7825,0.43417646242737906,3
7826,0.43417646242737906,3
7827,0.43417646242737906,3
7828,0.43417646242737906,3
7829,0.43417646242737906,3
7830,0.43417646242737906,3
7831,0.43417646242737906,3
7832,0.43417646242737906,3
7833,0.43417646242737906,3
7834,0.43417646242737906,3
7835,0.43417646242737906,3
7836,0.43417646242737906,3
7837,0.43417646242737906,3
7838,0.43417646242737906,3
7839,0.43417646242737906,3
7840,0.43417646242737906,3
7841,0.4341764619867743,3
7842,0.4341764619867743,3
7843,0.43417646242737906,3
7844,0.43417646242737906,3
7845,0.43417646242737906,3
7846,0.4341764628679839,3
7847,0.4341764628679839,3
7848,0.43417646242737906,3
7849,0.43417646242737906,3
7850,0.43417646242737906,3
7851,0.43417646242737906,3
7852,0.43417646242737906,3
7853,0.43417646242737906,3
7854,0.43417646242737906,3
7855,0.43417646242737906,3
7856,0.43417646242737906,3
7857,0.43417646242737906,3
7858,0.43417646242737906,3
7859,0.43417646242737906,3
7860,0.43417646242737906,3
7861,0.43417646242737906,3
7862,0.43417646242737906,3
7863,0.43417646242737906,3
7864,0.4341764628679839,3
7865,0.4341764628679839,3
7866,0.4341764628679839,3
7867,0.4341764628679839,3
7868,0.4341764628679839,3
7869,0.4341764619867743,3
7870,0.4341764615461694,3
7871,0.43417646110556457,3
7872,0.4341764606649597,3
7873,0.4341764606649597,3
7874,0.4341764606649597,3
7875,0.43417646110556457,3
7876,0.4341764615461694,3
7877,0.4341764619867743,3
7878,0.4341764619867743,3
7879,0.43417646242737906,3
7880,0.43417646242737906,3
7881,0.43417646242737906,3
7882,0.43417646242737906,3
7883,0.43417646242737906,3
7884,0.43417646242737906,3
7885,0.4341764619867743,3
7886,0.4341764615461694,3
7887,0.4341764615461694,3
7888,0.4341764615461694,3
7889,0.4341764615461694,3
7890,0.4341764619867743,3
7891,0.4341764628679839,3
7892,0.4341764628679839,3
7893,0.4341764628679839,3
7894,0.4341764628679839,3
7895,0.4341764628679839,3
7896,0.4341764619867743,3
7897,0.4341764615461694,3
7898,0.4341764615461694,3
7899,0.4341764619867743,3
7900,0.4341764619867743,3
7901,0.43417646242737906,3
7902,0.4341764628679839,3
7903,0.4341764628679839,3
7904,0.43417646242737906,3
7905,0.43417646242737906,3
7906,0.43417646242737906,3
7907,0.43417646242737906,3
7908,0.43417646242737906,3
7909,0.43417646242737906,3
7910,0.43417646242737906,3
7911,0.43417646242737906,3
7912,0.43417646242737906,3
7913,0.43417646242737906,3
7914,0.4341764619867743,3
7915,0.43417646110556457,3
7916,0.43417646110556457,3
7917,0.43417646110556457,3
7918,0.43417646110556457,3
7919,0.4341764615461694,3
7920,0.43417646242737906,3
7921,0.4341764628679839,3
7922,0.4341764633085887,3
7923,0.4341764633085887,3
7924,0.4341764633085887,3
7925,0.4341764633085887,3
7926,0.43417646242737906,3
7927,0.4341764615461694,3
7928,0.4341764615461694,3
7929,0.4341764615461694,3
7930,0.4341764615461694,3
7931,0.4341764619867743,3
7932,0.43417646242737906,3
7933,0.43417646242737906,3
7934,0.43417646242737906,3
7935,0.43417646242737906,3
7936,0.43417646242737906,3
7937,0.43417646242737906,3
7938,0.43417646242737906,3
7939,0.43417646242737906,3
7940,0.43417646242737906,3
7941,0.43417646242737906,3
7942,0.43417646242737906,3
7943,0.43417646242737906,3
7944,0.43417646242737906,3
7945,0.4341764628679839,3
7946,0.4341764628679839,3
7947,0.43417646242737906,3
7948,0.4341764619867743,3
7949,0.4341764615461694,3
7950,0.4341764606649597,3
7951,0.4341764602243549,3
7952,0.4341764602243549,3
7953,0.4341764602243549,3
7954,0.4341764602243549,3
7955,0.4341764606649597,3
7956,0.43417646110556457,3
7957,0.4341764619867743,3
7958,0.43417646242737906,3
7959,0.4341764628679839,3
7960,0.4341764628679839,3
7961,0.4341764628679839,3
7962,0.43417646242737906,3
7963,0.43417646242737906,3
7964,0.43417646242737906,3
7965,0.43417646242737906,3
7966,0.43417646242737906,3
7967,0.43417646242737906,3
7968,0.4341764628679839,3
7969,0.4341764628679839,3
7970,0.4341764628679839,3
7971,0.4341764628679839,3
7972,0.4341764633085887,3
7973,0.4341764628679839,3
7974,0.4341764628679839,3
7975,0.4341764628679839,3
7976,0.4341764628679839,3
7977,0.43417646242737906,3
7978,0.43417646242737906,3
7979,0.43417646242737906,3
7980,0.4341764628679839,3
7981,0.4341764628679839,3
7982,0.4341764628679839,3
7983,0.4341764633085887,3
7984,0.4341764633085887,3
7985,0.4341764628679839,3
7986,0.4341764628679839,3
7987,0.4341764628679839,3
7988,0.43417646242737906,3
7989,0.43417646242737906,3
7990,0.43417646242737906,3
7991,0.43417646242737906,3
7992,0.43417646242737906,3
7993,0.43417646242737906,3
7994,0.43417646242737906,3
7995,0.43417646242737906,3
7996,0.43417646242737906,3
7997,0.43417646242737906,3
7998,0.4341764619867743,3
7999,0.4341764619867743,3
8000,0.4341764619867743,3
8001,0.4341764619867743,3
8002,0.4341764619867743,3
8003,0.43417646242737906,3
8004,0.43417646242737906,3
8005,0.43417646242737906,3
8006,0.43417646242737906,3
8007,0.4341764628679839,3
8008,0.4341764633085887,3
8009,0.43417646374919355,3
8010,0.43417646374919355,3
8011,0.4341764633085887,3
8012,0.4341764628679839,3
8013,0.43417646242737906,3
8014,0.4341764619867743,3
8015,0.4341764619867743,3
8016,0.43417646242737906,3
8017,0.43417646242737906,3
8018,0.4341764619867743,3
8019,0.4341764619867743,3
8020,0.4341764619867743,3
8021,0.4341764619867743,3
8022,0.4341764615461694,3
8023,0.4341764615461694,3
8024,0.43417646110556457,3
8025,0.43417646110556457,3
8026,0.43417646110556457,3
8027,0.43417646110556457,3
8028,0.4341764615461694,3
8029,0.4341764619867743,3
8030,0.4341764619867743,3
8031,0.4341764619867743,3
8032,0.43417646242737906,3
8033,0.43417646242737906,3
8034,0.43417646242737906,3
8035,0.43417646242737906,3
8036,0.43417646242737906,3
8037,0.43417646242737906,3
8038,0.4341764628679839,3
8039,0.4341764628679839,3
8040,0.4341764628679839,3
8041,0.4341764628679839,3
8042,0.4341764628679839,3
8043,0.4341764619867743,3
8044,0.4341764619867743,3
8045,0.4341764619867743,3
8046,0.4341764619867743,3
8047,0.4341764615461694,3
8048,0.4341764619867743,3
8049,0.43417646242737906,3
8050,0.43417646242737906,3
8051,0.43417646242737906,3
8052,0.4341764628679839,3
8053,0.4341764628679839,3
8054,0.43417646242737906,3
8055,0.43417646242737906,3
8056,0.43417646242737906,3
8057,0.43417646242737906,3
8058,0.43417646242737906,3
8059,0.43417646242737906,3
8060,0.4341764619867743,3
8061,0.4341764615461694,3
8062,0.4341764615461694,3
8063,0.43417646110556457,3
8064,0.4341764606649597,3
8065,0.43417646110556457,3
8066,0.4341764615461694,3
8067,0.4341764615461694,3
8068,0.4341764619867743,3
8069,0.4341764628679839,3
8070,0.4341764628679839,3
8071,0.4341764628679839,3
8072,0.4341764628679839,3
8073,0.4341764628679839,3
8074,0.43417646242737906,3
8075,0.43417646242737906,3
8076,0.43417646242737906,3
8077,0.43417646242737906,3
8078,0.43417646242737906,3
8079,0.43417646242737906,3
8080,0.43417646242737906,3
8081,0.43417646242737906,3
8082,0.4341764628679839,3
8083,0.4341764628679839,3
8084,0.4341764628679839,3
8085,0.4341764628679839,3
8086,0.4341764628679839,3
8087,0.43417646242737906,3
8088,0.43417646242737906,3
8089,0.43417646242737906,3
8090,0.4341764628679839,3
8091,0.4341764628679839,3
8092,0.4341764628679839,3
8093,0.4341764628679839,3
8094,0.4341764628679839,3
8095,0.43417646242737906,3
8096,0.43417646242737906,3
8097,0.43417646242737906,3
8098,0.43417646242737906,3
8099,0.4341764628679839,3
8100,0.4341764628679839,3
8101,0.4341764628679839,3
8102,0.4341764628679839,3
8103,0.4341764628679839,3
8104,0.43417646242737906,3
8105,0.43417646242737906,3
8106,0.43417646242737906,3
8107,0.4341764619867743,3
8108,0.4341764619867743,3
8109,0.4341764619867743,3
8110,0.4341764619867743,3
8111,0.4341764619867743,3
8112,0.43417646242737906,3
8113,0.43417646242737906,3
8114,0.4341764628679839,3
8115,0.4341764628679839,3
8116,0.4341764628679839,3
8117,0.4341764628679839,3
8118,0.4341764628679839,3
8119,0.43417646242737906,3
8120,0.43417646242737906,3
8121,0.43417646242737906,3
8122,0.4341764619867743,3
8123,0.4341764619867743,3
8124,0.43417646242737906,3
8125,0.43417646242737906,3
8126,0.43417646242737906,3
8127,0.4341764628679839,3
8128,0.4341764628679839,3
8129,0.43417646242737906,3
8130,0.43417646242737906,3
8131,0.43417646242737906,3
8132,0.43417646242737906,3
8133,0.4341764619867743,3
8134,0.4341764615461694,3
8135,0.4341764615461694,3
8136,0.4341764615461694,3
8137,0.4341764615461694,3
8138,0.43417646242737906,3
8139,0.4341764628679839,3
8140,0.4341764628679839,3
8141,0.4341764628679839,3
8142,0.4341764628679839,3
8143,0.43417646242737906,3
8144,0.43417646242737906,3
8145,0.43417646242737906,3
8146,0.43417646242737906,3
8147,0.4341764619867743,3
8148,0.4341764615461694,3
8149,0.43417646110556457,3
8150,0.4341764606649597,3
8151,0.4341764606649597,3
8152,0.43417646110556457,3
8153,0.4341764615461694,3
8154,0.4341764619867743,3
8155,0.43417646242737906,3
8156,0.43417646242737906,3
8157,0.43417646242737906,3
8158,0.4341764619867743,3
8159,0.4341764619867743,3
8160,0.4341764619867743,3
8161,0.4341764619867743,3
8162,0.4341764619867743,3
8163,0.43417646242737906,3
8164,0.43417646242737906,3
8165,0.43417646242737906,3
8166,0.43417646242737906,3
8167,0.43417646242737906,3
8168,0.43417646242737906,3
8169,0.43417646242737906,3
8170,0.43417646242737906,3
8171,0.4341764628679839,3
8172,0.4341764628679839,3
8173,0.4341764628679839,3
8174,0.4341764628679839,3
8175,0.4341764628679839,3
8176,0.43417646242737906,3
8177,0.43417646242737906,3
8178,0.43417646242737906,3
8179,0.43417646242737906,3
8180,0.43417646242737906,3
8181,0.43417646242737906,3
8182,0.43417646242737906,3
8183,0.43417646242737906,3
8184,0.4341764628679839,3
8185,0.4341764628679839,3
8186,0.4341764628679839,3
8187,0.4341764628679839,3
8188,0.4341764628679839,3
8189,0.43417646242737906,3
8190,0.43417646242737906,3
8191,0.43417646242737906,3
8192,0.43417646242737906,3
8193,0.4341764619867743,3
8194,0.4341764615461694,3
8195,0.4341764606649597,3
8196,0.4341764606649597,3
8197,0.43417646110556457,3
8198,0.4341764615461694,3
8199,0.43417646242737906,3
8200,0.4341764633085887,3
8201,0.4341764633085887,3
8202,0.4341764633085887,3
8203,0.4341764633085887,3
8204,0.4341764628679839,3
8205,0.4341764628679839,3
8206,0.4341764628679839,3
8207,0.43417646242737906,3
8208,0.43417646242737906,3
8209,0.4341764619867743,3
8210,0.4341764615461694,3
8211,0.43417646110556457,3
8212,0.43417646110556457,3
8213,0.43417646110556457,3
8214,0.4341764619867743,3
8215,0.4341764628679839,3
8216,0.4341764633085887,3
8217,0.4341764633085887,3
8218,0.4341764633085887,3
8219,0.4341764628679839,3
8220,0.43417646242737906,3
8221,0.4341764615461694,3
8222,0.43417646110556457,3
8223,0.4341764606649597,3
8224,0.4341764602243549,3
8225,0.4341764597837501,3
8226,0.4341764602243549,3
8227,0.4341764606649597,3
8228,0.43417646110556457,3
8229,0.4341764615461694,3
8230,0.4341764619867743,3
8231,0.43417646242737906,3
8232,0.43417646242737906,3
8233,0.4341764619867743,3
8234,0.4341764615461694,3
8235,0.43417646110556457,3
8236,0.43417646110556457,3
8237,0.43417646110556457,3
8238,0.4341764615461694,3
8239,0.4341764619867743,3
8240,0.43417646242737906,3
8241,0.43417646242737906,3
8242,0.43417646242737906,3
8243,0.43417646242737906,3
8244,0.43417646242737906,3
8245,0.4341764628679839,3
8246,0.4341764633085887,3
8247,0.4341764633085887,3
8248,0.4341764633085887,3
8249,0.4341764633085887,3
8250,0.4341764628679839,3
8251,0.4341764619867743,3
8252,0.4341764619867743,3
8253,0.4341764619867743,3
8254,0.4341764619867743,3
8255,0.4341764615461694,3
8256,0.4341764615461694,3
8257,0.43417646110556457,3
8258,0.4341764606649597,3
8259,0.4341764606649597,3
8260,0.4341764615461694,3
8261,0.4341764619867743,3
8262,0.43417646242737906,3
8263,0.4341764628679839,3
8264,0.4341764628679839,3
8265,0.43417646242737906,3
8266,0.43417646242737906,3
8267,0.43417646242737906,3
8268,0.43417646242737906,3
8269,0.43417646242737906,3
8270,0.43417646242737906,3
8271,0.43417646242737906,3
8272,0.4341764619867743,3
8273,0.4341764619867743,3
8274,0.4341764619867743,3
8275,0.4341764619867743,3
8276,0.43417646242737906,3
8277,0.4341764628679839,3
8278,0.4341764628679839,3
8279,0.4341764628679839,3
8280,0.4341764628679839,3
8281,0.43417646242737906,3
8282,0.43417646242737906,3
8283,0.43417646242737906,3
8284,0.43417646242737906,3
8285,0.43417646242737906,3
8286,0.43417646242737906,3
8287,0.43417646242737906,3
8288,0.43417646242737906,3
8289,0.43417646242737906,3
8290,0.43417646242737906,3
8291,0.43417646242737906,3
8292,0.4341764619867743,3
8293,0.4341764615461694,3
8294,0.4341764615461694,3
8295,0.4341764615461694,3
8296,0.4341764615461694,3
8297,0.4341764619867743,3
8298,0.43417646242737906,3
8299,0.43417646242737906,3
8300,0.43417646242737906,3
8301,0.43417646242737906,3
8302,0.43417646242737906,3
8303,0.43417646242737906,3
8304,0.43417646242737906,3
8305,0.43417646242737906,3
8306,0.43417646242737906,3
8307,0.43417646242737906,3
8308,0.43417646242737906,3
8309,0.43417646242737906,3
8310,0.43417646242737906,3
8311,0.43417646242737906,3
8312,0.43417646242737906,3
8313,0.43417646242737906,3
8314,0.43417646242737906,3
8315,0.43417646242737906,3
8316,0.43417646242737906,3
8317,0.43417646242737906,3
8318,0.43417646242737906,3
8319,0.43417646242737906,3
8320,0.43417646242737906,3
8321,0.43417646242737906,3
8322,0.43417646242737906,3
8323,0.43417646242737906,3
8324,0.43417646242737906,3
8325,0.43417646242737906,3
8326,0.43417646242737906,3
8327,0.4341764619867743,3
8328,0.4341764619867743,3
8329,0.4341764615461694,3
8330,0.4341764615461694,3
8331,0.4341764615461694,3
8332,0.4341764619867743,3
8333,0.4341764619867743,3
8334,0.43417646242737906,3
8335,0.43417646242737906,3
8336,0.43417646242737906,3
8337,0.43417646242737906,3
8338,0.43417646242737906,3
8339,0.4341764628679839,3
8340,0.4341764628679839,3
8341,0.4341764628679839,3
8342,0.4341764628679839,3
8343,0.4341764628679839,3
8344,0.43417646242737906,3
8345,0.4341764628679839,3
8346,0.4341764628679839,3
8347,0.4341764633085887,3
8348,0.4341764633085887,3
8349,0.4341764633085887,3
8350,0.4341764628679839,3
8351,0.4341764628679839,3
8352,0.43417646242737906,3
8353,0.43417646242737906,3
8354,0.4341764619867743,3
8355,0.4341764615461694,3
8356,0.43417646110556457,3
8357,0.4341764606649597,3
8358,0.4341764606649597,3
8359,0.43417646110556457,3
8360,0.4341764615461694,3
8361,0.4341764619867743,3
8362,0.43417646242737906,3
8363,0.43417646242737906,3
8364,0.43417646242737906,3
8365,0.43417646242737906,3
8366,0.43417646242737906,3
8367,0.43417646242737906,3
8368,0.43417646242737906,3
8369,0.43417646242737906,3
8370,0.43417646242737906,3
8371,0.43417646242737906,3
8372,0.43417646242737906,3
8373,0.43417646242737906,3
8374,0.43417646242737906,3
8375,0.43417646242737906,3
8376,0.43417646242737906,3
8377,0.43417646242737906,3
8378,0.43417646242737906,3
8379,0.43417646242737906,3
8380,0.43417646242737906,3
8381,0.43417646242737906,3
8382,0.4341764628679839,3
8383,0.4341764628679839,3
8384,0.4341764628679839,3
8385,0.4341764628679839,3
8386,0.4341764628679839,3
8387,0.43417646242737906,3
8388,0.43417646242737906,3
8389,0.43417646242737906,3
8390,0.43417646242737906,3
8391,0.43417646242737906,3
8392,0.43417646242737906,3
8393,0.43417646242737906,3
8394,0.43417646242737906,3
8395,0.43417646242737906,3
8396,0.43417646242737906,3
8397,0.43417646242737906,3
8398,0.4341764619867743,3
8399,0.4341764619867743,3
8400,0.4341764619867743,3
8401,0.4341764619867743,3
8402,0.4341764619867743,3
8403,0.43417646242737906,3
8404,0.43417646242737906,3
8405,0.4341764619867743,3
8406,0.4341764615461694,3
8407,0.4341764615461694,3
8408,0.4341764615461694,3
8409,0.4341764615461694,3
8410,0.4341764619867743,3
8411,0.4341764628679839,3
8412,0.4341764628679839,3
8413,0.4341764628679839,3
8414,0.4341764628679839,3
8415,0.4341764628679839,3
8416,0.43417646242737906,3
8417,0.43417646242737906,3
8418,0.43417646242737906,3
8419,0.43417646242737906,3
8420,0.43417646242737906,3
8421,0.43417646242737906,3
8422,0.43417646242737906,3
8423,0.4341764628679839,3
8424,0.4341764633085887,3
8425,0.4341764633085887,3
8426,0.4341764633085887,3
8427,0.43417646374919355,3
8428,0.4341764633085887,3
8429,0.4341764628679839,3
8430,0.43417646242737906,3
8431,0.4341764619867743,3
8432,0.43417646110556457,3
8433,0.4341764606649597,3
8434,0.4341764602243549,3
8435,0.4341764602243549,3
8436,0.4341764606649597,3
8437,0.4341764606649597,3
8438,0.4341764606649597,3
8439,0.43417646110556457,3
8440,0.4341764615461694,3
8441,0.4341764615461694,3
8442,0.4341764619867743,3
8443,0.43417646242737906,3
8444,0.43417646242737906,3
8445,0.43417646242737906,3
8446,0.43417646242737906,3
8447,0.43417646242737906,3
8448,0.43417646242737906,3
8449,0.43417646242737906,3
8450,0.43417646242737906,3
8451,0.43417646242737906,3
8452,0.43417646242737906,3
8453,0.43417646242737906,3
8454,0.43417646242737906,3
8455,0.43417646242737906,3
8456,0.43417646242737906,3
8457,0.4341764628679839,3
8458,0.4341764628679839,3
8459,0.4341764633085887,3
8460,0.43417646374919355,3
8461,0.43417646374919355,3
8462,0.43417646374919355,3
8463,0.43417646374919355,3
8464,0.4341764633085887,3
8465,0.4341764633085887,3
8466,0.4341764633085887,3
8467,0.4341764633085887,3
8468,0.4341764633085887,3
8469,0.4341764633085887,3
8470,0.4341764628679839,3
8471,0.4341764628679839,3
8472,0.43417646242737906,3
8473,0.43417646242737906,3
8474,0.43417646242737906,3
8475,0.43417646242737906,3
8476,0.43417646242737906,3
8477,0.4341764619867743,3
8478,0.4341764615461694,3
8479,0.43417646110556457,3
8480,0.4341764606649597,3
8481,0.4341764606649597,3
8482,0.43417646110556457,3
8483,0.4341764615461694,3
8484,0.4341764619867743,3
8485,0.43417646242737906,3
8486,0.43417646242737906,3
8487,0.43417646242737906,3
8488,0.43417646242737906,3
8489,0.43417646242737906,3
8490,0.43417646242737906,3
8491,0.43417646242737906,3
8492,0.43417646242737906,3
8493,0.43417646242737906,3
8494,0.43417646242737906,3
8495,0.43417646242737906,3
8496,0.43417646242737906,3
8497,0.43417646242737906,3
8498,0.43417646242737906,3
8499,0.43417646242737906,3
8500,0.4341764619867743,3
8501,0.4341764615461694,3
8502,0.4341764615461694,3
8503,0.4341764615461694,3
8504,0.4341764615461694,3
8505,0.4341764619867743,3
8506,0.43417646242737906,3
8507,0.43417646242737906,3
8508,0.43417646242737906,3
8509,0.43417646242737906,3
8510,0.43417646242737906,3
8511,0.43417646242737906,3
8512,0.43417646242737906,3
8513,0.43417646242737906,3
8514,0.43417646242737906,3
8515,0.43417646242737906,3
8516,0.43417646242737906,3
8517,0.43417646242737906,3
8518,0.43417646242737906,3
8519,0.43417646242737906,3
8520,0.43417646242737906,3
8521,0.43417646242737906,3
8522,0.4341764619867743,3
8523,0.4341764619867743,3
8524,0.4341764619867743,3
8525,0.4341764619867743,3
8526,0.4341764619867743,3
8527,0.43417646242737906,3
8528,0.43417646242737906,3
8529,0.43417646242737906,3
8530,0.43417646242737906,3
8531,0.43417646242737906,3
8532,0.4341764628679839,3
8533,0.4341764628679839,3
8534,0.4341764628679839,3
8535,0.4341764628679839,3
8536,0.4341764628679839,3
8537,0.43417646242737906,3
8538,0.43417646242737906,3
8539,0.43417646242737906,3
8540,0.43417646242737906,3
8541,0.43417646242737906,3
8542,0.4341764619867743,3
8543,0.4341764619867743,3
8544,0.4341764615461694,3
8545,0.43417646110556457,3
8546,0.4341764606649597,3
8547,0.4341764606649597,3
8548,0.4341764602243549,3
8549,0.4341764602243549,3
8550,0.4341764606649597,3
8551,0.43417646110556457,3
8552,0.4341764615461694,3
8553,0.4341764619867743,3
8554,0.43417646242737906,3
8555,0.4341764619867743,3
8556,0.4341764615461694,3
8557,0.43417646110556457,3
8558,0.43417646110556457,3
8559,0.43417646110556457,3
8560,0.4341764615461694,3
8561,0.4341764619867743,3
8562,0.43417646242737906,3
8563,0.43417646242737906,3
8564,0.43417646242737906,3
8565,0.4341764628679839,3
8566,0.4341764628679839,3
8567,0.4341764628679839,3
8568,0.4341764628679839,3
8569,0.4341764628679839,3
8570,0.43417646242737906,3
8571,0.43417646242737906,3
8572,0.43417646242737906,3
8573,0.43417646242737906,3
8574,0.43417646242737906,3
8575,0.43417646242737906,3
8576,0.43417646242737906,3
8577,0.43417646242737906,3
8578,0.43417646242737906,3
8579,0.43417646242737906,3
8580,0.43417646242737906,3
8581,0.43417646242737906,3
8582,0.4341764619867743,3
8583,0.4341764619867743,3
8584,0.4341764619867743,3
8585,0.4341764619867743,3
8586,0.4341764619867743,3
8587,0.43417646242737906,3
8588,0.43417646242737906,3
8589,0.43417646242737906,3
8590,0.43417646242737906,3
8591,0.43417646242737906,3
8592,0.43417646242737906,3
8593,0.43417646242737906,3
8594,0.43417646242737906,3
8595,0.43417646242737906,3
8596,0.43417646242737906,3
8597,0.43417646242737906,3
8598,0.43417646242737906,3
8599,0.43417646242737906,3
8600,0.4341764619867743,3
8601,0.4341764619867743,3
8602,0.4341764619867743,3
8603,0.4341764619867743,3
8604,0.4341764619867743,3
8605,0.43417646242737906,3
8606,0.43417646242737906,3
8607,0.43417646242737906,3
8608,0.43417646242737906,3
8609,0.4341764628679839,3
8610,0.4341764628679839,3
8611,0.4341764628679839,3
8612,0.4341764628679839,3
8613,0.4341764628679839,3
8614,0.4341764619867743,3
8615,0.4341764619867743,3
8616,0.4341764619867743,3
8617,0.4341764619867743,3
8618,0.4341764619867743,3
8619,0.43417646242737906,3
8620,0.4341764628679839,3
8621,0.4341764628679839,3
8622,0.4341764628679839,3
8623,0.4341764628679839,3
8624,0.4341764628679839,3
8625,0.43417646242737906,3
8626,0.43417646242737906,3
8627,0.43417646242737906,3
8628,0.43417646242737906,3
8629,0.43417646242737906,3
8630,0.43417646242737906,3
8631,0.43417646242737906,3
8632,0.43417646242737906,3
8633,0.43417646242737906,3
8634,0.43417646242737906,3
8635,0.43417646242737906,3
8636,0.43417646242737906,3
8637,0.4341764619867743,3
8638,0.4341764619867743,3
8639,0.4341764619867743,3
8640,0.4341764619867743,3
8641,0.4341764619867743,3
8642,0.43417646242737906,3
8643,0.4341764619867743,3
8644,0.4341764615461694,3
8645,0.4341764615461694,3
8646,0.4341764615461694,3
8647,0.43417646110556457,3
8648,0.43417646110556457,3
8649,0.43417646110556457,3
8650,0.4341764606649597,3
8651,0.4341764602243549,3
8652,0.4341764602243549,3
8653,0.4341764606649597,3
8654,0.4341764615461694,3
8655,0.4341764619867743,3
8656,0.43417646242737906,3
8657,0.4341764628679839,3
8658,0.4341764628679839,3
8659,0.43417646242737906,3
8660,0.43417646242737906,3
8661,0.43417646242737906,3
8662,0.4341764619867743,3
8663,0.4341764619867743,3
8664,0.4341764619867743,3
8665,0.4341764619867743,3
8666,0.4341764619867743,3
8667,0.4341764628679839,3
8668,0.4341764628679839,3
8669,0.4341764628679839,3
8670,0.4341764628679839,3
8671,0.4341764628679839,3
8672,0.43417646242737906,3
8673,0.43417646242737906,3
8674,0.43417646242737906,3
8675,0.43417646242737906,3
8676,0.43417646242737906,3
8677,0.43417646242737906,3
8678,0.43417646242737906,3
8679,0.43417646242737906,3
8680,0.43417646242737906,3
8681,0.43417646242737906,3
8682,0.43417646242737906,3
8683,0.43417646242737906,3
8684,0.43417646242737906,3
8685,0.43417646242737906,3
8686,0.43417646242737906,3
8687,0.43417646242737906,3
8688,0.4341764628679839,3
8689,0.4341764628679839,3
8690,0.4341764628679839,3
8691,0.4341764628679839,3
8692,0.4341764628679839,3
8693,0.43417646242737906,3
8694,0.43417646242737906,3
8695,0.43417646242737906,3
8696,0.43417646242737906,3
8697,0.43417646242737906,3
8698,0.43417646242737906,3
8699,0.4341764628679839,3
8700,0.4341764628679839,3
8701,0.4341764628679839,3
8702,0.4341764633085887,3
8703,0.4341764633085887,3
8704,0.4341764628679839,3
8705,0.4341764628679839,3
8706,0.4341764628679839,3
8707,0.4341764628679839,3
8708,0.4341764628679839,3
8709,0.4341764628679839,3
8710,0.4341764633085887,3
8711,0.4341764633085887,3
8712,0.4341764628679839,3
8713,0.4341764628679839,3
8714,0.4341764628679839,3
8715,0.43417646242737906,3
8716,0.43417646242737906,3
8717,0.43417646242737906,3
8718,0.43417646242737906,3
8719,0.43417646242737906,3
8720,0.4341764619867743,3
8721,0.4341764615461694,3
8722,0.43417646110556457,3
8723,0.43417646110556457,3
8724,0.43417646110556457,3
8725,0.4341764619867743,3
8726,0.43417646242737906,3
8727,0.4341764628679839,3
8728,0.4341764628679839,3
8729,0.43417646242737906,3
8730,0.4341764619867743,3
8731,0.4341764619867743,3
8732,0.4341764619867743,3
8733,0.4341764619867743,3
8734,0.43417646242737906,3
8735,0.43417646242737906,3
8736,0.43417646242737906,3
8737,0.43417646242737906,3
8738,0.43417646242737906,3
8739,0.43417646242737906,3
8740,0.43417646242737906,3
8741,0.43417646242737906,3
8742,0.4341764619867743,3
8743,0.4341764619867743,3
8744,0.4341764619867743,3
8745,0.4341764619867743,3
8746,0.4341764619867743,3
8747,0.43417646242737906,3
8748,0.43417646242737906,3
8749,0.43417646242737906,3
8750,0.43417646242737906,3
8751,0.43417646242737906,3
8752,0.43417646242737906,3
8753,0.4341764619867743,3
8754,0.4341764615461694,3
8755,0.4341764615461694,3
8756,0.4341764615461694,3
8757,0.4341764615461694,3
8758,0.4341764619867743,3
8759,0.43417646242737906,3
8760,0.43417646242737906,3
8761,0.4341764628679839,3
8762,0.4341764628679839,3
8763,0.4341764628679839,3
8764,0.4341764628679839,3
8765,0.4341764628679839,3
8766,0.43417646242737906,3
8767,0.43417646242737906,3
8768,0.43417646242737906,3
8769,0.43417646242737906,3
8770,0.43417646242737906,3
8771,0.43417646242737906,3
8772,0.43417646242737906,3
8773,0.43417646242737906,3
8774,0.43417646242737906,3
8775,0.43417646242737906,3
8776,0.4341764619867743,3
8777,0.4341764619867743,3
8778,0.4341764619867743,3
8779,0.4341764619867743,3
8780,0.4341764619867743,3
8781,0.43417646242737906,3
8782,0.43417646242737906,3
8783,0.43417646242737906,3
8784,0.4341764619867743,3
8785,0.4341764619867743,3
8786,0.4341764619867743,3
8787,0.4341764619867743,3
8788,0.4341764619867743,3
8789,0.43417646242737906,3
8790,0.43417646242737906,3
8791,0.4341764619867743,3
8792,0.4341764615461694,3
8793,0.4341764615461694,3
8794,0.4341764615461694,3
8795,0.4341764615461694,3
8796,0.4341764619867743,3
8797,0.4341764628679839,3
8798,0.4341764628679839,3
8799,0.4341764628679839,3
8800,0.4341764628679839,3
8801,0.4341764628679839,3
8802,0.43417646242737906,3
8803,0.43417646242737906,3
8804,0.43417646242737906,3
8805,0.43417646242737906,3
8806,0.43417646242737906,3
8807,0.43417646242737906,3
8808,0.43417646242737906,3
8809,0.43417646242737906,3
8810,0.43417646242737906,3
8811,0.43417646242737906,3
8812,0.43417646242737906,3
8813,0.43417646242737906,3
8814,0.43417646242737906,3
8815,0.43417646242737906,3
8816,0.43417646242737906,3
8817,0.43417646242737906,3
8818,0.43417646242737906,3
8819,0.43417646242737906,3
8820,0.43417646242737906,3
8821,0.43417646242737906,3
8822,0.43417646242737906,3
8823,0.43417646242737906,3
8824,0.43417646242737906,3
8825,0.43417646242737906,3
8826,0.43417646242737906,3
8827,0.43417646242737906,3
8828,0.43417646242737906,3
8829,0.43417646242737906,3
8830,0.43417646242737906,3
8831,0.43417646242737906,3
8832,0.43417646242737906,3
8833,0.43417646242737906,3
8834,0.43417646242737906,3
8835,0.43417646242737906,3
8836,0.43417646242737906,3
8837,0.43417646242737906,3
8838,0.43417646242737906,3
8839,0.43417646242737906,3
8840,0.43417646242737906,3
8841,0.43417646242737906,3
8842,0.43417646242737906,3
8843,0.43417646242737906,3
8844,0.43417646242737906,3
8845,0.43417646242737906,3
8846,0.43417646242737906,3
8847,0.43417646242737906,3
8848,0.43417646242737906,3
8849,0.43417646242737906,3
8850,0.43417646242737906,3
8851,0.43417646242737906,3
8852,0.43417646242737906,3
8853,0.43417646242737906,3
8854,0.43417646242737906,3
8855,0.43417646242737906,3
8856,0.43417646242737906,3
8857,0.4341764619867743,3
8858,0.4341764619867743,3
8859,0.4341764619867743,3
8860,0.4341764619867743,3
8861,0.4341764615461694,3
8862,0.4341764615461694,3
8863,0.43417646110556457,3
8864,0.4341764606649597,3
8865,0.4341764606649597,3
8866,0.43417646110556457,3
8867,0.4341764619867743,3
8868,0.43417646242737906,3
8869,0.4341764628679839,3
8870,0.4341764628679839,3
8871,0.4341764633085887,3
8872,0.4341764628679839,3
8873,0.4341764628679839,3
8874,0.4341764628679839,3
8875,0.4341764628679839,3
8876,0.43417646242737906,3
8877,0.43417646242737906,3
8878,0.43417646242737906,3
8879,0.43417646242737906,3
8880,0.43417646242737906,3
8881,0.43417646242737906,3
8882,0.43417646242737906,3
8883,0.43417646242737906,3
8884,0.43417646242737906,3
8885,0.43417646242737906,3
8886,0.43417646242737906,3
8887,0.43417646242737906,3
8888,0.4341764619867743,3
8889,0.4341764615461694,3
8890,0.43417646110556457,3
8891,0.43417646110556457,3
8892,0.43417646110556457,3
8893,0.43417646110556457,3
8894,0.43417646110556457,3
8895,0.43417646110556457,3
8896,0.4341764606649597,3
8897,0.4341764602243549,3
8898,0.4341764606649597,3
8899,0.43417646110556457,3
8900,0.4341764615461694,3
8901,0.4341764619867743,3
8902,0.43417646242737906,3
8903,0.43417646242737906,3
8904,0.43417646242737906,3
8905,0.43417646242737906,3
8906,0.43417646242737906,3
8907,0.43417646242737906,3
8908,0.43417646242737906,3
8909,0.43417646242737906,3
8910,0.43417646242737906,3
8911,0.4341764619867743,3
8912,0.4341764619867743,3
8913,0.4341764619867743,3
8914,0.4341764619867743,3
8915,0.43417646242737906,3
8916,0.4341764628679839,3
8917,0.4341764628679839,3
8918,0.4341764628679839,3
8919,0.4341764628679839,3
8920,0.4341764628679839,3
8921,0.4341764628679839,3
8922,0.4341764628679839,3
8923,0.43417646242737906,3
8924,0.43417646242737906,3
8925,0.4341764619867743,3
8926,0.4341764619867743,3
8927,0.4341764619867743,3
8928,0.43417646242737906,3
8929,0.43417646242737906,3
8930,0.43417646242737906,3
8931,0.43417646242737906,3
8932,0.43417646242737906,3
8933,0.43417646242737906,3
8934,0.43417646242737906,3
8935,0.43417646242737906,3
8936,0.43417646242737906,3
8937,0.43417646242737906,3
8938,0.43417646242737906,3
8939,0.43417646242737906,3
8940,0.43417646242737906,3
8941,0.43417646242737906,3
8942,0.43417646242737906,3
8943,0.43417646242737906,3
8944,0.43417646242737906,3
8945,0.43417646242737906,3
8946,0.43417646242737906,3
8947,0.43417646242737906,3
8948,0.43417646242737906,3
8949,0.43417646242737906,3
8950,0.43417646242737906,3
8951,0.43417646242737906,3
8952,0.43417646242737906,3
8953,0.43417646242737906,3
8954,0.43417646242737906,3
8955,0.43417646242737906,3
8956,0.43417646242737906,3
8957,0.43417646242737906,3
8958,0.43417646242737906,3
8959,0.4341764628679839,3
8960,0.4341764628679839,3
8961,0.4341764628679839,3
8962,0.4341764633085887,3
8963,0.4341764633085887,3
8964,0.4341764628679839,3
8965,0.4341764628679839,3
8966,0.4341764628679839,3
8967,0.43417646242737906,3
8968,0.43417646242737906,3
8969,0.43417646242737906,3
8970,0.43417646242737906,3
8971,0.43417646242737906,3
8972,0.43417646242737906,3
8973,0.43417646242737906,3
8974,0.43417646242737906,3
8975,0.43417646242737906,3
8976,0.4341764619867743,3
8977,0.4341764615461694,3
8978,0.4341764615461694,3
8979,0.4341764615461694,3
8980,0.43417646110556457,3
8981,0.4341764615461694,3
8982,0.4341764619867743,3
8983,0.4341764619867743,3
8984,0.4341764619867743,3
8985,0.43417646242737906,3
8986,0.43417646242737906,3
8987,0.43417646242737906,3
8988,0.43417646242737906,3
8989,0.43417646242737906,3
8990,0.4341764628679839,3
8991,0.4341764628679839,3
8992,0.4341764628679839,3
8993,0.4341764628679839,3
8994,0.4341764628679839,3
8995,0.4341764628679839,3
8996,0.4341764633085887,3
8997,0.4341764633085887,3
8998,0.4341764633085887,3
8999,0.4341764633085887,3
9000,0.43417646242737906,3
9001,0.4341764619867743,3
9002,0.4341764619867743,3
9003,0.4341764619867743,3
9004,0.4341764615461694,3
9005,0.4341764615461694,3
9006,0.43417646110556457,3
9007,0.4341764606649597,3
9008,0.4341764602243549,3
9009,0.4341764602243549,3
9010,0.4341764606649597,3
9011,0.43417646110556457,3
9012,0.4341764615461694,3
9013,0.4341764619867743,3
9014,0.43417646242737906,3
9015,0.43417646242737906,3
9016,0.43417646242737906,3
9017,0.43417646242737906,3
9018,0.43417646242737906,3
9019,0.43417646242737906,3
9020,0.43417646242737906,3
9021,0.43417646242737906,3
9022,0.43417646242737906,3
9023,0.43417646242737906,3
9024,0.43417646242737906,3
9025,0.43417646242737906,3
9026,0.4341764628679839,3
9027,0.4341764628679839,3
9028,0.4341764628679839,3
9029,0.4341764628679839,3
9030,0.4341764628679839,3
9031,0.43417646242737906,3
9032,0.43417646242737906,3
9033,0.43417646242737906,3
9034,0.43417646242737906,3
9035,0.43417646242737906,3
9036,0.43417646242737906,3
9037,0.43417646242737906,3
9038,0.43417646242737906,3
9039,0.43417646242737906,3
9040,0.43417646242737906,3
9041,0.43417646242737906,3
9042,0.43417646242737906,3
9043,0.43417646242737906,3
9044,0.43417646242737906,3
9045,0.43417646242737906,3
9046,0.43417646242737906,3
9047,0.43417646242737906,3
9048,0.4341764619867743,3
9049,0.4341764619867743,3
9050,0.4341764619867743,3
9051,0.4341764619867743,3
9052,0.4341764615461694,3
9053,0.4341764619867743,3
9054,0.4341764619867743,3
9055,0.4341764619867743,3
9056,0.4341764619867743,3
9057,0.43417646242737906,3
9058,0.43417646242737906,3
9059,0.43417646242737906,3
9060,0.43417646242737906,3
9061,0.43417646242737906,3
9062,0.43417646242737906,3
9063,0.43417646242737906,3
9064,0.43417646242737906,3
9065,0.4341764619867743,3
9066,0.4341764615461694,3
9067,0.4341764615461694,3
9068,0.4341764615461694,3
9069,0.4341764615461694,3
9070,0.4341764619867743,3
9071,0.43417646242737906,3
9072,0.4341764619867743,3
9073,0.4341764615461694,3
9074,0.43417646110556457,3
9075,0.43417646110556457,3
9076,0.43417646110556457,3
9077,0.4341764615461694,3
9078,0.4341764619867743,3
9079,0.43417646242737906,3
9080,0.43417646242737906,3
9081,0.43417646242737906,3
9082,0.43417646242737906,3
9083,0.43417646242737906,3
9084,0.43417646242737906,3
9085,0.43417646242737906,3
9086,0.43417646242737906,3
9087,0.43417646242737906,3
9088,0.43417646242737906,3
9089,0.43417646242737906,3
9090,0.43417646242737906,3
9091,0.43417646242737906,3
9092,0.43417646242737906,3
9093,0.43417646242737906,3
9094,0.43417646242737906,3
9095,0.43417646242737906,3
9096,0.43417646242737906,3
9097,0.43417646242737906,3
9098,0.43417646242737906,3
9099,0.43417646242737906,3
9100,0.43417646242737906,3
9101,0.4341764628679839,3
9102,0.4341764628679839,3
9103,0.43417646242737906,3
9104,0.4341764619867743,3
9105,0.4341764615461694,3
9106,0.43417646110556457,3
9107,0.43417646110556457,3
9108,0.4341764615461694,3
9109,0.4341764619867743,3
9110,0.4341764619867743,3
9111,0.4341764615461694,3
9112,0.4341764615461694,3
9113,0.4341764615461694,3
9114,0.4341764615461694,3
9115,0.4341764619867743,3
9116,0.43417646242737906,3
9117,0.4341764619867743,3
9118,0.4341764615461694,3
9119,0.43417646110556457,3
9120,0.4341764606649597,3
9121,0.4341764602243549,3
9122,0.4341764602243549,3
9123,0.4341764606649597,3
9124,0.43417646110556457,3
9125,0.4341764615461694,3
9126,0.4341764619867743,3
9127,0.43417646242737906,3
9128,0.43417646242737906,3
9129,0.43417646242737906,3
9130,0.43417646242737906,3
9131,0.43417646242737906,3
9132,0.43417646242737906,3
9133,0.43417646242737906,3
9134,0.43417646242737906,3
9135,0.43417646242737906,3
9136,0.43417646242737906,3
9137,0.43417646242737906,3
9138,0.43417646242737906,3
9139,0.43417646242737906,3
9140,0.43417646242737906,3
9141,0.43417646242737906,3
9142,0.43417646242737906,3
9143,0.43417646242737906,3
9144,0.43417646242737906,3
9145,0.43417646242737906,3
9146,0.43417646242737906,3
9147,0.43417646242737906,3
9148,0.43417646242737906,3
9149,0.43417646242737906,3
9150,0.43417646242737906,3
9151,0.43417646242737906,3
9152,0.43417646242737906,3
9153,0.43417646242737906,3
9154,0.43417646242737906,3
9155,0.43417646242737906,3
9156,0.43417646242737906,3
9157,0.43417646242737906,3
9158,0.4341764628679839,3
9159,0.4341764628679839,3
9160,0.4341764633085887,3
9161,0.4341764633085887,3
9162,0.4341764633085887,3
9163,0.4341764628679839,3
9164,0.4341764628679839,3
9165,0.43417646242737906,3
9166,0.43417646242737906,3
9167,0.43417646242737906,3
9168,0.43417646242737906,3
9169,0.43417646242737906,3
9170,0.43417646242737906,3
9171,0.43417646242737906,3
9172,0.4341764628679839,3
9173,0.4341764633085887,3
9174,0.4341764633085887,3
9175,0.4341764633085887,3
9176,0.4341764633085887,3
9177,0.4341764628679839,3
9178,0.43417646242737906,3
9179,0.43417646242737906,3
9180,0.43417646242737906,3
9181,0.4341764628679839,3
9182,0.4341764628679839,3
9183,0.4341764628679839,3
9184,0.4341764628679839,3
9185,0.4341764628679839,3
9186,0.43417646242737906,3
9187,0.43417646242737906,3
9188,0.43417646242737906,3
9189,0.43417646242737906,3
9190,0.43417646242737906,3
9191,0.4341764619867743,3
9192,0.4341764615461694,3
9193,0.43417646110556457,3
9194,0.43417646110556457,3
9195,0.4341764606649597,3
9196,0.4341764606649597,3
9197,0.4341764606649597,3
9198,0.4341764606649597,3
9199,0.4341764602243549,3
9200,0.4341764602243549,3
9201,0.4341764602243549,3
9202,0.4341764606649597,3
9203,0.43417646110556457,3
9204,0.4341764615461694,3
9205,0.4341764619867743,3
9206,0.43417646242737906,3
9207,0.43417646242737906,3
9208,0.43417646242737906,3
9209,0.43417646242737906,3
9210,0.43417646242737906,3
9211,0.43417646242737906,3
9212,0.43417646242737906,3
9213,0.43417646242737906,3
9214,0.4341764628679839,3
9215,0.4341764628679839,3
9216,0.4341764628679839,3
9217,0.4341764628679839,3
9218,0.4341764633085887,3
9219,0.4341764633085887,3
9220,0.4341764633085887,3
9221,0.4341764633085887,3
9222,0.4341764633085887,3
9223,0.4341764628679839,3
9224,0.4341764619867743,3
9225,0.4341764615461694,3
9226,0.43417646110556457,3
9227,0.4341764606649597,3
9228,0.4341764606649597,3
9229,0.4341764606649597,3
9230,0.43417646110556457,3
9231,0.4341764619867743,3
9232,0.43417646242737906,3
9233,0.43417646242737906,3
9234,0.4341764628679839,3
9235,0.4341764628679839,3
9236,0.43417646242737906,3
9237,0.43417646242737906,3
9238,0.43417646242737906,3
9239,0.43417646242737906,3
9240,0.43417646242737906,3
9241,0.43417646242737906,3
9242,0.43417646242737906,3
9243,0.43417646242737906,3
9244,0.43417646242737906,3
9245,0.43417646242737906,3
9246,0.43417646242737906,3
9247,0.43417646242737906,3
9248,0.43417646242737906,3
9249,0.43417646242737906,3
9250,0.43417646242737906,3
9251,0.4341764619867743,3
9252,0.4341764615461694,3
9253,0.4341764615461694,3
9254,0.4341764615461694,3
9255,0.4341764619867743,3
9256,0.43417646242737906,3
9257,0.4341764628679839,3
9258,0.4341764628679839,3
9259,0.4341764628679839,3
9260,0.43417646242737906,3
9261,0.43417646242737906,3
9262,0.4341764628679839,3
9263,0.4341764628679839,3
9264,0.4341764628679839,3
9265,0.4341764628679839,3
9266,0.4341764628679839,3
9267,0.43417646242737906,3
9268,0.43417646242737906,3
9269,0.43417646242737906,3
9270,0.43417646242737906,3
9271,0.43417646242737906,3
9272,0.43417646242737906,3
9273,0.43417646242737906,3
9274,0.43417646242737906,3
9275,0.4341764628679839,3
9276,0.4341764628679839,3
9277,0.4341764628679839,3
9278,0.4341764628679839,3
9279,0.4341764628679839,3
9280,0.4341764619867743,3
9281,0.4341764615461694,3
9282,0.4341764615461694,3
9283,0.4341764619867743,3
9284,0.4341764619867743,3
9285,0.43417646242737906,3
9286,0.4341764628679839,3
9287,0.4341764628679839,3
9288,0.43417646242737906,3
9289,0.43417646242737906,3
9290,0.43417646242737906,3
9291,0.43417646242737906,3
9292,0.43417646242737906,3
9293,0.4341764615461694,3
9294,0.43417646110556457,3
9295,0.4341764606649597,3
9296,0.4341764602243549,3
9297,0.4341764602243549,3
9298,0.43417646110556457,3
9299,0.43417646110556457,3
9300,0.4341764615461694,3
9301,0.4341764619867743,3
9302,0.4341764619867743,3
9303,0.43417646242737906,3
9304,0.4341764628679839,3
9305,0.4341764628679839,3
9306,0.4341764628679839,3
9307,0.4341764628679839,3
9308,0.43417646242737906,3
9309,0.43417646242737906,3
9310,0.43417646242737906,3
9311,0.43417646242737906,3
9312,0.43417646242737906,3
9313,0.43417646242737906,3
9314,0.43417646242737906,3
9315,0.4341764628679839,3
9316,0.4341764628679839,3
9317,0.4341764628679839,3
9318,0.4341764628679839,3
9319,0.4341764628679839,3
9320,0.43417646242737906,3
9321,0.43417646242737906,3
9322,0.43417646242737906,3
9323,0.43417646242737906,3
9324,0.43417646242737906,3
9325,0.4341764619867743,3
9326,0.4341764619867743,3
9327,0.43417646242737906,3
9328,0.43417646242737906,3
9329,0.43417646242737906,3
9330,0.4341764628679839,3
9331,0.4341764628679839,3
9332,0.43417646242737906,3
9333,0.43417646242737906,3
9334,0.43417646242737906,3
9335,0.43417646242737906,3
9336,0.43417646242737906,3
9337,0.43417646242737906,3
9338,0.43417646242737906,3
9339,0.43417646242737906,3
9340,0.43417646242737906,3
9341,0.43417646242737906,3
9342,0.43417646242737906,3
9343,0.43417646242737906,3
9344,0.43417646242737906,3
9345,0.43417646242737906,3
9346,0.43417646242737906,3
9347,0.43417646242737906,3
9348,0.43417646242737906,3
9349,0.43417646242737906,3
9350,0.43417646242737906,3
9351,0.4341764619867743,3
9352,0.4341764619867743,3
9353,0.4341764619867743,3
9354,0.43417646242737906,3
9355,0.43417646242737906,3
9356,0.4341764628679839,3
9357,0.4341764628679839,3
9358,0.4341764628679839,3
9359,0.43417646242737906,3
9360,0.43417646242737906,3
9361,0.43417646242737906,3
9362,0.43417646242737906,3
9363,0.43417646242737906,3
9364,0.43417646242737906,3
9365,0.43417646242737906,3
9366,0.43417646242737906,3
9367,0.43417646242737906,3
9368,0.43417646242737906,3
9369,0.43417646242737906,3
9370,0.43417646242737906,3
9371,0.43417646242737906,3
9372,0.43417646242737906,3
9373,0.4341764619867743,3
9374,0.4341764615461694,3
9375,0.4341764615461694,3
9376,0.4341764615461694,3
9377,0.4341764615461694,3
9378,0.4341764619867743,3
9379,0.4341764628679839,3
9380,0.4341764628679839,3
9381,0.43417646242737906,3
9382,0.4341764619867743,3
9383,0.4341764619867743,3
9384,0.4341764615461694,3
9385,0.4341764615461694,3
9386,0.4341764619867743,3
9387,0.43417646242737906,3
9388,0.43417646242737906,3
9389,0.4341764619867743,3
9390,0.4341764615461694,3
9391,0.43417646110556457,3
9392,0.43417646110556457,3
9393,0.4341764615461694,3
9394,0.4341764619867743,3
9395,0.43417646242737906,3
9396,0.43417646242737906,3
9397,0.4341764619867743,3
9398,0.4341764615461694,3
9399,0.4341764619867743,3
9400,0.43417646242737906,3
9401,0.4341764633085887,3
9402,0.43417646374919355,3
9403,0.43417646374919355,3
9404,0.43417646374919355,3
9405,0.43417646374919355,3
9406,0.4341764633085887,3
9407,0.4341764633085887,3
9408,0.4341764633085887,3
9409,0.43417646242737906,3
9410,0.4341764615461694,3
9411,0.43417646110556457,3
9412,0.43417646110556457,3
9413,0.43417646110556457,3
9414,0.43417646110556457,3
9415,0.4341764615461694,3
9416,0.4341764619867743,3
9417,0.4341764619867743,3
9418,0.4341764619867743,3
9419,0.43417646242737906,3
9420,0.43417646242737906,3
9421,0.43417646242737906,3
9422,0.43417646242737906,3
9423,0.43417646242737906,3
9424,0.43417646242737906,3
9425,0.43417646242737906,3
9426,0.43417646242737906,3
9427,0.43417646242737906,3
9428,0.4341764628679839,3
9429,0.4341764628679839,3
9430,0.4341764628679839,3
9431,0.43417646242737906,3
9432,0.4341764619867743,3
9433,0.4341764615461694,3
9434,0.4341764615461694,3
9435,0.4341764615461694,3
9436,0.4341764619867743,3
9437,0.43417646242737906,3
9438,0.4341764619867743,3
9439,0.4341764615461694,3
9440,0.43417646110556457,3
9441,0.43417646110556457,3
9442,0.43417646110556457,3
9443,0.4341764615461694,3
9444,0.4341764619867743,3
9445,0.43417646242737906,3
9446,0.43417646242737906,3
9447,0.43417646242737906,3
9448,0.43417646242737906,3
9449,0.43417646242737906,3
9450,0.43417646242737906,3
9451,0.43417646242737906,3
9452,0.43417646242737906,3
9453,0.43417646242737906,3
9454,0.43417646242737906,3
9455,0.4341764628679839,3
9456,0.4341764628679839,3
9457,0.4341764633085887,3
9458,0.4341764633085887,3
9459,0.4341764633085887,3
9460,0.4341764628679839,3
9461,0.4341764628679839,3
9462,0.43417646242737906,3
9463,0.4341764619867743,3
9464,0.4341764619867743,3
9465,0.4341764619867743,3
9466,0.4341764619867743,3
9467,0.4341764619867743,3
9468,0.43417646242737906,3
9469,0.43417646242737906,3
9470,0.43417646242737906,3
9471,0.43417646242737906,3
9472,0.43417646242737906,3
9473,0.43417646242737906,3
9474,0.4341764619867743,3
9475,0.4341764615461694,3
9476,0.4341764615461694,3
9477,0.4341764615461694,3
9478,0.4341764615461694,3
9479,0.4341764619867743,3
9480,0.43417646242737906,3
9481,0.43417646242737906,3
9482,0.43417646242737906,3
9483,0.43417646242737906,3
9484,0.4341764628679839,3
9485,0.4341764628679839,3
9486,0.4341764628679839,3
9487,0.4341764628679839,3
9488,0.4341764628679839,3
9489,0.43417646242737906,3
9490,0.43417646242737906,3
9491,0.43417646242737906,3
9492,0.4341764628679839,3
9493,0.4341764628679839,3
9494,0.4341764628679839,3
9495,0.4341764628679839,3
9496,0.4341764628679839,3
9497,0.43417646242737906,3
9498,0.43417646242737906,3
9499,0.4341764628679839,3
9500,0.4341764628679839,3
9501,0.4341764628679839,3
9502,0.43417646242737906,3
9503,0.4341764619867743,3
9504,0.4341764615461694,3
9505,0.4341764615461694,3
9506,0.4341764615461694,3
9507,0.4341764619867743,3
9508,0.43417646242737906,3
9509,0.4341764619867743,3
9510,0.4341764615461694,3
9511,0.43417646110556457,3
9512,0.4341764606649597,3
9513,0.4341764602243549,3
9514,0.4341764602243549,3
9515,0.4341764602243549,3
9516,0.4341764602243549,3
9517,0.4341764602243549,3
9518,0.4341764606649597,3
9519,0.43417646110556457,3
9520,0.4341764615461694,3
9521,0.4341764619867743,3
9522,0.4341764619867743,3
9523,0.4341764615461694,3
9524,0.4341764615461694,3
9525,0.4341764615461694,3
9526,0.4341764615461694,3
9527,0.4341764619867743,3
9528,0.43417646242737906,3
9529,0.43417646242737906,3
9530,0.43417646242737906,3
9531,0.43417646242737906,3
9532,0.43417646242737906,3
9533,0.43417646242737906,3
9534,0.43417646242737906,3
9535,0.43417646242737906,3
9536,0.4341764628679839,3
9537,0.4341764628679839,3
9538,0.4341764628679839,3
9539,0.4341764628679839,3
9540,0.4341764628679839,3
9541,0.43417646242737906,3
9542,0.43417646242737906,3
9543,0.43417646242737906,3
9544,0.43417646242737906,3
9545,0.43417646242737906,3
9546,0.43417646242737906,3
9547,0.43417646242737906,3
9548,0.43417646242737906,3
9549,0.43417646242737906,3
9550,0.4341764619867743,3
9551,0.4341764615461694,3
9552,0.43417646110556457,3
9553,0.43417646110556457,3
9554,0.43417646110556457,3
9555,0.4341764615461694,3
9556,0.4341764615461694,3
9557,0.4341764615461694,3
9558,0.4341764615461694,3
9559,0.4341764615461694,3
9560,0.4341764615461694,3
9561,0.43417646242737906,3
9562,0.4341764628679839,3
9563,0.4341764628679839,3
9564,0.4341764628679839,3
9565,0.4341764628679839,3
9566,0.43417646242737906,3
9567,0.43417646242737906,3
9568,0.43417646242737906,3
9569,0.43417646242737906,3
9570,0.43417646242737906,3
9571,0.43417646242737906,3
9572,0.43417646242737906,3
9573,0.43417646242737906,3
9574,0.43417646242737906,3
9575,0.43417646242737906,3
9576,0.43417646242737906,3
9577,0.43417646242737906,3
9578,0.43417646242737906,3
9579,0.43417646242737906,3
9580,0.43417646242737906,3
9581,0.43417646242737906,3
9582,0.43417646242737906,3
9583,0.43417646242737906,3
9584,0.43417646242737906,3
9585,0.43417646242737906,3
9586,0.43417646242737906,3
9587,0.43417646242737906,3
9588,0.43417646242737906,3
9589,0.4341764628679839,3
9590,0.4341764628679839,3
9591,0.4341764628679839,3
9592,0.4341764628679839,3
9593,0.4341764628679839,3
9594,0.43417646242737906,3
9595,0.43417646242737906,3
9596,0.4341764619867743,3
9597,0.4341764619867743,3
9598,0.4341764619867743,3
9599,0.4341764619867743,3
9600,0.4341764619867743,3
9601,0.43417646242737906,3
9602,0.43417646242737906,3
9603,0.43417646242737906,3
9604,0.43417646242737906,3
9605,0.43417646242737906,3
9606,0.43417646242737906,3
9607,0.43417646242737906,3
9608,0.43417646242737906,3
9609,0.43417646242737906,3
9610,0.43417646242737906,3
9611,0.43417646242737906,3
9612,0.43417646242737906,3
9613,0.43417646242737906,3
9614,0.43417646242737906,3
9615,0.43417646242737906,3
9616,0.43417646242737906,3
9617,0.43417646242737906,3
9618,0.43417646242737906,3
9619,0.43417646242737906,3
9620,0.4341764628679839,3
9621,0.4341764628679839,3
9622,0.4341764628679839,3
9623,0.4341764628679839,3
9624,0.4341764628679839,3
9625,0.43417646242737906,3
9626,0.43417646242737906,3
9627,0.43417646242737906,3
9628,0.43417646242737906,3
9629,0.43417646242737906,3
9630,0.43417646242737906,3
9631,0.43417646242737906,3
9632,0.43417646242737906,3
9633,0.43417646242737906,3
9634,0.43417646242737906,3
9635,0.43417646242737906,3
9636,0.43417646242737906,3
9637,0.43417646242737906,3
9638,0.43417646242737906,3
9639,0.43417646242737906,3
9640,0.43417646242737906,3
9641,0.43417646242737906,3
9642,0.43417646242737906,3
9643,0.43417646242737906,3
9644,0.43417646242737906,3
9645,0.43417646242737906,3
9646,0.43417646242737906,3
9647,0.43417646242737906,3
9648,0.43417646242737906,3
9649,0.43417646242737906,3
9650,0.43417646242737906,3
9651,0.43417646242737906,3
9652,0.43417646242737906,3
9653,0.43417646242737906,3
9654,0.43417646242737906,3
9655,0.43417646242737906,3
9656,0.43417646242737906,3
9657,0.43417646242737906,3
9658,0.43417646242737906,3
9659,0.43417646242737906,3
9660,0.43417646242737906,3
9661,0.43417646242737906,3
9662,0.43417646242737906,3
9663,0.43417646242737906,3
9664,0.43417646242737906,3
9665,0.43417646242737906,3
9666,0.43417646242737906,3
9667,0.43417646242737906,3
9668,0.43417646242737906,3
9669,0.43417646242737906,3
9670,0.43417646242737906,3
9671,0.43417646242737906,3
9672,0.43417646242737906,3
9673,0.43417646242737906,3
9674,0.43417646242737906,3
9675,0.43417646242737906,3
9676,0.43417646242737906,3
9677,0.43417646242737906,3
9678,0.43417646242737906,3
9679,0.43417646242737906,3
9680,0.43417646242737906,3
9681,0.43417646242737906,3
9682,0.43417646242737906,3
9683,0.43417646242737906,3
9684,0.43417646242737906,3
9685,0.43417646242737906,3
9686,0.43417646242737906,3
9687,0.43417646242737906,3
9688,0.43417646242737906,3
9689,0.43417646242737906,3
9690,0.43417646242737906,3
9691,0.43417646242737906,3
9692,0.43417646242737906,3
9693,0.43417646242737906,3
9694,0.43417646242737906,3
9695,0.43417646242737906,3
9696,0.43417646242737906,3
9697,0.43417646242737906,3
9698,0.43417646242737906,3
9699,0.43417646242737906,3
9700,0.43417646242737906,3
9701,0.43417646242737906,3
9702,0.43417646242737906,3
9703,0.43417646242737906,3
9704,0.43417646242737906,3
9705,0.4341764619867743,3
9706,0.4341764619867743,3
9707,0.4341764619867743,3
9708,0.4341764619867743,3
9709,0.4341764619867743,3
9710,0.4341764628679839,3
9711,0.4341764628679839,3
9712,0.4341764628679839,3
9713,0.4341764628679839,3
9714,0.43417646242737906,3
9715,0.4341764619867743,3
9716,0.4341764619867743,3
9717,0.4341764619867743,3
9718,0.4341764619867743,3
9719,0.43417646242737906,3
9720,0.43417646242737906,3
9721,0.43417646242737906,3
9722,0.43417646242737906,3
9723,0.43417646242737906,3
9724,0.43417646242737906,3
9725,0.43417646242737906,3
9726,0.43417646242737906,3
9727,0.43417646242737906,3
9728,0.43417646242737906,3
9729,0.43417646242737906,3
9730,0.43417646242737906,3
9731,0.43417646242737906,3
9732,0.43417646242737906,3
9733,0.4341764628679839,3
9734,0.4341764628679839,3
9735,0.4341764628679839,3
9736,0.4341764628679839,3
9737,0.4341764628679839,3
9738,0.43417646242737906,3
9739,0.43417646242737906,3
9740,0.43417646242737906,3
9741,0.43417646242737906,3
9742,0.43417646242737906,3
9743,0.43417646242737906,3
9744,0.43417646242737906,3
9745,0.43417646242737906,3
9746,0.43417646242737906,3
9747,0.43417646242737906,3
9748,0.43417646242737906,3
9749,0.43417646242737906,3
9750,0.43417646242737906,3
9751,0.43417646242737906,3
9752,0.43417646242737906,3
9753,0.43417646242737906,3
9754,0.4341764619867743,3
9755,0.4341764619867743,3
9756,0.4341764619867743,3
9757,0.4341764619867743,3
9758,0.4341764615461694,3
9759,0.43417646110556457,3
9760,0.4341764606649597,3
9761,0.4341764606649597,3
9762,0.4341764606649597,3
9763,0.4341764615461694,3
9764,0.4341764628679839,3
9765,0.4341764633085887,3
9766,0.4341764633085887,3
9767,0.4341764628679839,3
9768,0.43417646242737906,3
9769,0.4341764619867743,3
9770,0.4341764619867743,3
9771,0.4341764615461694,3
9772,0.4341764615461694,3
9773,0.43417646110556457,3
9774,0.4341764606649597,3
9775,0.4341764602243549,3
9776,0.4341764602243549,3
9777,0.4341764602243549,3
9778,0.4341764606649597,3
9779,0.43417646110556457,3
9780,0.43417646110556457,3
9781,0.43417646110556457,3
9782,0.4341764615461694,3
9783,0.4341764615461694,3
9784,0.4341764615461694,3
9785,0.4341764619867743,3
9786,0.43417646242737906,3
9787,0.43417646242737906,3
9788,0.43417646242737906,3
9789,0.43417646242737906,3
9790,0.4341764628679839,3
9791,0.4341764628679839,3
9792,0.43417646242737906,3
9793,0.43417646242737906,3
9794,0.43417646242737906,3
9795,0.4341764619867743,3
9796,0.4341764619867743,3
9797,0.43417646242737906,3
9798,0.43417646242737906,3
9799,0.43417646242737906,3
9800,0.43417646242737906,3
9801,0.4341764628679839,3
9802,0.4341764633085887,3
9803,0.4341764633085887,3
9804,0.4341764628679839,3
9805,0.4341764628679839,3
9806,0.43417646242737906,3
9807,0.4341764615461694,3
9808,0.43417646110556457,3
9809,0.4341764615461694,3
9810,0.4341764615461694,3
9811,0.4341764615461694,3
9812,0.4341764615461694,3
9813,0.4341764619867743,3
9814,0.43417646242737906,3
9815,0.43417646242737906,3
9816,0.43417646242737906,3
9817,0.4341764628679839,3
9818,0.4341764633085887,3
9819,0.4341764628679839,3
9820,0.43417646242737906,3
9821,0.4341764619867743,3
9822,0.4341764619867743,3
9823,0.4341764615461694,3
9824,0.4341764615461694,3
9825,0.4341764619867743,3
9826,0.43417646242737906,3
9827,0.43417646242737906,3
9828,0.4341764619867743,3
9829,0.4341764615461694,3
9830,0.4341764615461694,3
9831,0.4341764615461694,3
9832,0.4341764615461694,3
9833,0.4341764619867743,3
9834,0.43417646242737906,3
9835,0.43417646242737906,3
9836,0.43417646242737906,3
9837,0.43417646242737906,3
9838,0.43417646242737906,3
9839,0.43417646242737906,3
9840,0.4341764619867743,3
9841,0.4341764619867743,3
9842,0.4341764619867743,3
9843,0.4341764619867743,3
9844,0.43417646242737906,3
9845,0.4341764628679839,3
9846,0.4341764628679839,3
9847,0.4341764628679839,3
9848,0.4341764628679839,3
9849,0.43417646242737906,3
9850,0.43417646242737906,3
9851,0.43417646242737906,3
9852,0.43417646242737906,3
9853,0.43417646242737906,3
9854,0.43417646242737906,3
9855,0.43417646242737906,3
9856,0.43417646242737906,3
9857,0.43417646242737906,3
9858,0.43417646242737906,3
9859,0.43417646242737906,3
9860,0.43417646242737906,3
9861,0.43417646242737906,3
9862,0.43417646242737906,3
9863,0.43417646242737906,3
9864,0.43417646242737906,3
9865,0.43417646242737906,3
9866,0.43417646242737906,3
9867,0.43417646242737906,3
9868,0.43417646242737906,3
9869,0.43417646242737906,3
9870,0.43417646242737906,3
9871,0.43417646242737906,3
9872,0.43417646242737906,3
9873,0.43417646242737906,3
9874,0.43417646242737906,3
9875,0.43417646242737906,3
9876,0.43417646242737906,3
9877,0.43417646242737906,3
9878,0.43417646242737906,3
9879,0.43417646242737906,3
9880,0.43417646242737906,3
9881,0.43417646242737906,3
9882,0.4341764619867743,3
9883,0.4341764615461694,3
9884,0.4341764615461694,3
9885,0.4341764615461694,3
9886,0.4341764615461694,3
9887,0.4341764619867743,3
9888,0.4341764619867743,3
9889,0.4341764619867743,3
9890,0.4341764619867743,3
9891,0.4341764619867743,3
9892,0.4341764619867743,3
9893,0.43417646242737906,3
9894,0.43417646242737906,3
9895,0.4341764619867743,3
9896,0.4341764619867743,3
9897,0.4341764619867743,3
9898,0.43417646242737906,3
9899,0.43417646242737906,3
9900,0.4341764628679839,3
9901,0.4341764628679839,3
9902,0.4341764628679839,3
9903,0.43417646242737906,3
9904,0.4341764619867743,3
9905,0.4341764619867743,3
9906,0.4341764619867743,3
9907,0.4341764619867743,3
9908,0.4341764619867743,3
9909,0.4341764628679839,3
9910,0.4341764633085887,3
9911,0.4341764633085887,3
9912,0.4341764633085887,3
9913,0.43417646374919355,3
9914,0.43417646374919355,3
9915,0.4341764633085887,3
9916,0.4341764633085887,3
9917,0.4341764633085887,3
9918,0.4341764628679839,3
9919,0.4341764619867743,3
9920,0.43417646110556457,3
9921,0.4341764606649597,3
9922,0.4341764602243549,3
9923,0.4341764597837501,3
9924,0.4341764597837501,3
9925,0.4341764602243549,3
9926,0.4341764606649597,3
9927,0.43417646110556457,3
9928,0.4341764615461694,3
9929,0.4341764619867743,3
9930,0.43417646242737906,3
9931,0.43417646242737906,3
9932,0.4341764619867743,3
9933,0.4341764615461694,3
9934,0.43417646110556457,3
9935,0.43417646110556457,3
9936,0.43417646110556457,3
9937,0.4341764615461694,3
9938,0.43417646242737906,3
9939,0.4341764633085887,3
9940,0.4341764633085887,3
9941,0.4341764633085887,3
9942,0.43417646374919355,3
9943,0.4341764633085887,3
9944,0.4341764628679839,3
9945,0.4341764628679839,3
9946,0.4341764628679839,3
9947,0.43417646242737906,3
9948,0.43417646242737906,3
9949,0.4341764628679839,3
9950,0.4341764628679839,3
9951,0.4341764628679839,3
9952,0.4341764628679839,3
9953,0.4341764633085887,3
9954,0.4341764628679839,3
9955,0.4341764628679839,3
9956,0.4341764628679839,3
9957,0.43417646242737906,3
9958,0.4341764615461694,3
9959,0.43417646110556457,3
9960,0.43417646110556457,3
9961,0.43417646110556457,3
9962,0.4341764615461694,3
9963,0.4341764619867743,3
9964,0.43417646242737906,3
9965,0.43417646242737906,3
9966,0.43417646242737906,3
9967,0.4341764628679839,3
9968,0.4341764628679839,3
9969,0.4341764628679839,3
9970,0.4341764628679839,3
9971,0.4341764628679839,3
9972,0.43417646242737906,3
9973,0.43417646242737906,3
9974,0.43417646242737906,3
9975,0.43417646242737906,3
9976,0.43417646242737906,3
9977,0.43417646242737906,3
9978,0.43417646242737906,3
9979,0.43417646242737906,3
9980,0.4341764619867743,3
9981,0.4341764615461694,3
9982,0.4341764615461694,3
9983,0.4341764615461694,3
9984,0.43417646110556457,3
9985,0.43417646110556457,3
9986,0.4341764615461694,3
9987,0.4341764619867743,3
9988,0.4341764619867743,3
9989,0.43417646242737906,3
9990,0.4341764628679839,3
9991,0.4341764628679839,3
9992,0.43417646242737906,3
9993,0.43417646242737906,3
9994,0.43417646242737906,3
9995,0.43417646242737906,3
9996,0.43417646242737906,3
9997,0.43417646242737906,3
9998,0.43417646242737906,3
9999,0.43417646242737906,3
10000,0.43417646242737906,3
10001,0.4341764628679839,3
10002,0.4341764628679839,3
10003,0.4341764628679839,3
10004,0.4341764628679839,3
10005,0.4341764628679839,3
10006,0.43417646242737906,3
10007,0.43417646242737906,3
10008,0.43417646242737906,3
10009,0.4341764619867743,3
10010,0.4341764619867743,3
10011,0.4341764619867743,3
10012,0.4341764619867743,3
10013,0.4341764619867743,3
10014,0.43417646242737906,3
10015,0.43417646242737906,3
10016,0.43417646242737906,3
10017,0.43417646242737906,3
10018,0.43417646242737906,3
10019,0.43417646242737906,3
10020,0.4341764619867743,3
10021,0.4341764615461694,3
10022,0.43417646110556457,3
10023,0.4341764606649597,3
10024,0.4341764606649597,3
10025,0.43417646110556457,3
10026,0.4341764615461694,3
10027,0.4341764619867743,3
10028,0.43417646242737906,3
10029,0.43417646242737906,3
10030,0.43417646242737906,3
10031,0.43417646242737906,3
10032,0.43417646242737906,3
10033,0.43417646242737906,3
10034,0.43417646242737906,3
10035,0.43417646242737906,3
10036,0.43417646242737906,3
10037,0.43417646242737906,3
10038,0.43417646242737906,3
10039,0.43417646242737906,3
10040,0.43417646242737906,3
10041,0.43417646242737906,3
10042,0.43417646242737906,3
10043,0.43417646242737906,3
10044,0.43417646242737906,3
10045,0.43417646242737906,3
10046,0.43417646242737906,3
10047,0.43417646242737906,3
10048,0.43417646242737906,3
10049,0.43417646242737906,3
10050,0.43417646242737906,3
10051,0.43417646242737906,3
10052,0.43417646242737906,3
10053,0.43417646242737906,3
10054,0.43417646242737906,3
10055,0.43417646242737906,3
10056,0.43417646242737906,3
10057,0.43417646242737906,3
10058,0.4341764628679839,3
10059,0.4341764633085887,3
10060,0.4341764633085887,3
10061,0.4341764633085887,3
10062,0.4341764633085887,3
10063,0.4341764628679839,3
10064,0.43417646242737906,3
10065,0.43417646242737906,3
10066,0.43417646242737906,3
10067,0.4341764628679839,3
10068,0.4341764628679839,3
10069,0.4341764628679839,3
10070,0.4341764628679839,3
10071,0.4341764628679839,3
10072,0.43417646242737906,3
10073,0.43417646242737906,3
10074,0.43417646242737906,3
10075,0.43417646242737906,3
10076,0.43417646242737906,3
10077,0.43417646242737906,3
10078,0.43417646242737906,3
10079,0.43417646242737906,3
10080,0.43417646242737906,3
10081,0.43417646242737906,3
10082,0.43417646242737906,3
10083,0.43417646242737906,3
10084,0.43417646242737906,3
10085,0.43417646242737906,3
10086,0.43417646242737906,3
10087,0.43417646242737906,3
10088,0.43417646242737906,3
10089,0.43417646242737906,3
10090,0.43417646242737906,3
10091,0.43417646242737906,3
10092,0.43417646242737906,3
10093,0.43417646242737906,3
10094,0.43417646242737906,3
10095,0.43417646242737906,3
10096,0.43417646242737906,3
10097,0.43417646242737906,3
10098,0.43417646242737906,3
10099,0.43417646242737906,3
10100,0.43417646242737906,3
10101,0.43417646242737906,3
10102,0.4341764619867743,3
10103,0.4341764615461694,3
10104,0.4341764615461694,3
10105,0.4341764615461694,3
10106,0.4341764615461694,3
10107,0.4341764619867743,3
10108,0.43417646242737906,3
10109,0.4341764628679839,3
10110,0.4341764628679839,3
10111,0.4341764628679839,3
10112,0.4341764628679839,3
10113,0.4341764628679839,3
10114,0.43417646242737906,3
10115,0.43417646242737906,3
10116,0.43417646242737906,3
10117,0.43417646242737906,3
10118,0.43417646242737906,3
10119,0.43417646242737906,3
10120,0.4341764628679839,3
10121,0.4341764628679839,3
10122,0.4341764628679839,3
10123,0.4341764633085887,3
10124,0.4341764633085887,3
10125,0.4341764628679839,3
10126,0.4341764628679839,3
10127,0.43417646242737906,3
10128,0.4341764619867743,3
10129,0.4341764619867743,3
10130,0.4341764619867743,3
10131,0.4341764619867743,3
10132,0.43417646242737906,3
10133,0.43417646242737906,3
10134,0.4341764628679839,3
10135,0.4341764628679839,3
10136,0.4341764628679839,3
10137,0.4341764633085887,3
10138,0.4341764633085887,3
10139,0.4341764628679839,3
10140,0.4341764628679839,3
10141,0.4341764628679839,3
10142,0.43417646242737906,3
10143,0.43417646242737906,3
10144,0.43417646242737906,3
10145,0.43417646242737906,3
10146,0.43417646242737906,3
10147,0.4341764619867743,3
10148,0.4341764619867743,3
10149,0.4341764619867743,3
10150,0.4341764619867743,3
10151,0.4341764619867743,3
10152,0.4341764619867743,3
10153,0.4341764619867743,3
10154,0.4341764619867743,3
10155,0.4341764619867743,3
10156,0.4341764619867743,3
10157,0.4341764628679839,3
10158,0.4341764628679839,3
10159,0.4341764633085887,3
10160,0.4341764633085887,3
10161,0.4341764633085887,3
10162,0.4341764628679839,3
10163,0.4341764628679839,3
10164,0.43417646242737906,3
10165,0.43417646242737906,3
10166,0.43417646242737906,3
10167,0.43417646242737906,3
10168,0.43417646242737906,3
10169,0.43417646242737906,3
10170,0.43417646242737906,3
10171,0.43417646242737906,3
10172,0.4341764619867743,3
10173,0.4341764615461694,3
10174,0.4341764606649597,3
10175,0.4341764602243549,3
10176,0.4341764602243549,3
10177,0.4341764606649597,3
10178,0.43417646110556457,3
10179,0.4341764619867743,3
10180,0.43417646242737906,3
10181,0.43417646242737906,3
10182,0.43417646242737906,3
10183,0.43417646242737906,3
10184,0.4341764619867743,3
10185,0.4341764615461694,3
10186,0.43417646110556457,3
10187,0.4341764606649597,3
10188,0.4341764606649597,3
10189,0.43417646110556457,3
10190,0.4341764615461694,3
10191,0.4341764619867743,3
10192,0.4341764628679839,3
10193,0.4341764628679839,3
10194,0.4341764628679839,3
10195,0.4341764633085887,3
10196,0.4341764633085887,3
10197,0.4341764628679839,3
10198,0.4341764628679839,3
10199,0.4341764628679839,3
10200,0.43417646242737906,3
10201,0.43417646242737906,3
10202,0.43417646242737906,3
10203,0.43417646242737906,3
10204,0.43417646242737906,3
10205,0.43417646242737906,3
10206,0.43417646242737906,3
10207,0.43417646242737906,3
10208,0.43417646242737906,3
10209,0.43417646242737906,3
10210,0.43417646242737906,3
10211,0.43417646242737906,3
10212,0.43417646242737906,3
10213,0.43417646242737906,3
10214,0.43417646242737906,3
10215,0.43417646242737906,3
10216,0.4341764628679839,3
10217,0.4341764628679839,3
10218,0.4341764628679839,3
10219,0.4341764628679839,3
10220,0.4341764628679839,3
10221,0.43417646242737906,3
10222,0.43417646242737906,3
10223,0.4341764628679839,3
10224,0.4341764633085887,3
10225,0.4341764633085887,3
10226,0.4341764628679839,3
10227,0.43417646242737906,3
10228,0.4341764619867743,3
10229,0.4341764615461694,3
10230,0.4341764615461694,3
10231,0.4341764619867743,3
10232,0.43417646242737906,3
10233,0.43417646242737906,3
10234,0.43417646242737906,3
10235,0.43417646242737906,3
10236,0.43417646242737906,3
10237,0.43417646242737906,3
10238,0.4341764619867743,3
10239,0.4341764615461694,3
10240,0.4341764615461694,3
10241,0.4341764615461694,3
10242,0.4341764615461694,3
10243,0.4341764619867743,3
10244,0.43417646242737906,3
10245,0.43417646242737906,3
10246,0.43417646242737906,3
10247,0.43417646242737906,3
10248,0.43417646242737906,3
10249,0.43417646242737906,3
10250,0.43417646242737906,3
10251,0.43417646242737906,3
10252,0.43417646242737906,3
10253,0.43417646242737906,3
10254,0.43417646242737906,3
10255,0.43417646242737906,3
10256,0.4341764619867743,3
10257,0.4341764615461694,3
10258,0.43417646110556457,3
10259,0.4341764606649597,3
10260,0.4341764606649597,3
10261,0.43417646110556457,3
10262,0.4341764615461694,3
10263,0.4341764619867743,3
10264,0.43417646242737906,3
10265,0.43417646242737906,3
10266,0.43417646242737906,3
10267,0.43417646242737906,3
10268,0.43417646242737906,3
10269,0.43417646242737906,3
10270,0.43417646242737906,3
10271,0.43417646242737906,3
10272,0.43417646242737906,3
10273,0.43417646242737906,3
10274,0.43417646242737906,3
10275,0.43417646242737906,3
10276,0.43417646242737906,3
10277,0.43417646242737906,3
10278,0.43417646242737906,3
10279,0.43417646242737906,3
10280,0.43417646242737906,3
10281,0.43417646242737906,3
10282,0.43417646242737906,3
10283,0.4341764628679839,3
10284,0.4341764628679839,3
10285,0.4341764628679839,3
10286,0.43417646242737906,3
10287,0.4341764619867743,3
10288,0.4341764615461694,3
10289,0.4341764619867743,3
10290,0.4341764619867743,3
10291,0.43417646242737906,3
10292,0.4341764628679839,3
10293,0.4341764628679839,3
10294,0.43417646242737906,3
10295,0.43417646242737906,3
10296,0.43417646242737906,3
10297,0.43417646242737906,3
10298,0.4341764619867743,3
10299,0.4341764615461694,3
10300,0.43417646110556457,3
10301,0.43417646110556457,3
10302,0.4341764606649597,3
10303,0.4341764606649597,3
10304,0.43417646110556457,3
10305,0.4341764615461694,3
10306,0.4341764615461694,3
10307,0.4341764619867743,3
10308,0.4341764628679839,3
10309,0.4341764628679839,3
10310,0.4341764628679839,3
10311,0.4341764628679839,3
10312,0.4341764628679839,3
10313,0.43417646242737906,3
10314,0.43417646242737906,3
10315,0.43417646242737906,3
10316,0.43417646242737906,3
10317,0.43417646242737906,3
10318,0.43417646242737906,3
10319,0.43417646242737906,3
10320,0.43417646242737906,3
10321,0.43417646242737906,3
10322,0.43417646242737906,3
10323,0.43417646242737906,3
10324,0.43417646242737906,3
10325,0.43417646242737906,3
10326,0.43417646242737906,3
10327,0.43417646242737906,3
10328,0.43417646242737906,3
10329,0.4341764628679839,3
10330,0.4341764628679839,3
10331,0.4341764628679839,3
10332,0.4341764628679839,3
10333,0.4341764628679839,3
10334,0.4341764628679839,3
10335,0.4341764628679839,3
10336,0.4341764628679839,3
10337,0.4341764628679839,3
10338,0.4341764628679839,3
10339,0.43417646242737906,3
10340,0.43417646242737906,3
10341,0.43417646242737906,3
10342,0.4341764619867743,3
10343,0.4341764619867743,3
10344,0.4341764619867743,3
10345,0.4341764619867743,3
10346,0.4341764615461694,3
10347,0.4341764615461694,3
10348,0.43417646110556457,3
10349,0.4341764606649597,3
10350,0.4341764602243549,3
10351,0.4341764602243549,3
10352,0.4341764606649597,3
10353,0.43417646110556457,3
10354,0.4341764615461694,3
10355,0.4341764615461694,3
10356,0.4341764619867743,3
10357,0.4341764619867743,3
10358,0.4341764615461694,3
10359,0.4341764615461694,3
10360,0.4341764619867743,3
10361,0.4341764619867743,3
10362,0.4341764619867743,3
10363,0.43417646242737906,3
10364,0.43417646242737906,3
10365,0.43417646242737906,3
10366,0.43417646242737906,3
10367,0.43417646242737906,3
10368,0.43417646242737906,3
10369,0.4341764619867743,3
10370,0.4341764619867743,3
10371,0.4341764619867743,3
10372,0.4341764619867743,3
10373,0.43417646242737906,3
10374,0.4341764633085887,3
10375,0.4341764633085887,3
10376,0.4341764633085887,3
10377,0.4341764633085887,3
10378,0.4341764628679839,3
10379,0.43417646242737906,3
10380,0.43417646242737906,3
10381,0.43417646242737906,3
10382,0.43417646242737906,3
10383,0.4341764619867743,3
10384,0.4341764615461694,3
10385,0.43417646110556457,3
10386,0.4341764606649597,3
10387,0.4341764602243549,3
10388,0.4341764606649597,3
10389,0.43417646110556457,3
10390,0.43417646110556457,3
10391,0.4341764615461694,3
10392,0.4341764619867743,3
10393,0.4341764619867743,3
10394,0.4341764619867743,3
10395,0.43417646242737906,3
10396,0.43417646242737906,3
10397,0.43417646242737906,3
10398,0.43417646242737906,3
10399,0.43417646242737906,3
10400,0.43417646242737906,3
10401,0.43417646242737906,3
10402,0.43417646242737906,3
10403,0.43417646242737906,3
10404,0.43417646242737906,3
10405,0.4341764619867743,3
10406,0.4341764615461694,3
10407,0.4341764615461694,3
10408,0.4341764615461694,3
10409,0.4341764615461694,3
10410,0.4341764619867743,3
10411,0.43417646242737906,3
10412,0.43417646242737906,3
10413,0.4341764628679839,3
10414,0.4341764628679839,3
10415,0.4341764628679839,3
10416,0.4341764628679839,3
10417,0.4341764628679839,3
10418,0.43417646242737906,3
10419,0.43417646242737906,3
10420,0.43417646242737906,3
10421,0.43417646242737906,3
10422,0.43417646242737906,3
10423,0.43417646242737906,3
10424,0.4341764628679839,3
10425,0.4341764628679839,3
10426,0.4341764628679839,3
10427,0.4341764628679839,3
10428,0.4341764628679839,3
10429,0.43417646242737906,3
10430,0.43417646242737906,3
10431,0.4341764628679839,3
10432,0.4341764628679839,3
10433,0.4341764628679839,3
10434,0.4341764628679839,3
10435,0.4341764633085887,3
10436,0.4341764628679839,3
10437,0.4341764628679839,3
10438,0.4341764628679839,3
10439,0.4341764628679839,3
10440,0.43417646242737906,3
10441,0.4341764619867743,3
10442,0.4341764615461694,3
10443,0.43417646110556457,3
10444,0.43417646110556457,3
10445,0.43417646110556457,3
10446,0.4341764615461694,3
10447,0.4341764619867743,3
10448,0.43417646242737906,3
10449,0.43417646242737906,3
10450,0.43417646242737906,3
10451,0.43417646242737906,3
10452,0.43417646242737906,3
10453,0.43417646242737906,3
10454,0.4341764619867743,3
10455,0.4341764615461694,3
10456,0.43417646110556457,3
10457,0.43417646110556457,3
10458,0.43417646110556457,3
10459,0.4341764615461694,3
10460,0.43417646242737906,3
10461,0.4341764628679839,3
10462,0.4341764628679839,3
10463,0.4341764628679839,3
10464,0.4341764628679839,3
10465,0.43417646242737906,3
10466,0.43417646242737906,3
10467,0.43417646242737906,3
10468,0.43417646242737906,3
10469,0.43417646242737906,3
10470,0.43417646242737906,3
10471,0.43417646242737906,3
10472,0.43417646242737906,3
10473,0.4341764628679839,3
10474,0.4341764628679839,3
10475,0.4341764628679839,3
10476,0.4341764628679839,3
10477,0.4341764628679839,3
10478,0.43417646242737906,3
10479,0.43417646242737906,3
10480,0.43417646242737906,3
10481,0.43417646242737906,3
10482,0.43417646242737906,3
10483,0.43417646242737906,3
10484,0.43417646242737906,3
10485,0.43417646242737906,3
10486,0.43417646242737906,3
10487,0.43417646242737906,3
10488,0.43417646242737906,3
10489,0.43417646242737906,3
10490,0.43417646242737906,3
10491,0.43417646242737906,3
10492,0.4341764619867743,3
10493,0.4341764619867743,3
10494,0.4341764615461694,3
10495,0.4341764606649597,3
10496,0.4341764602243549,3
10497,0.4341764602243549,3
10498,0.4341764597837501,3
10499,0.4341764597837501,3
10500,0.4341764606649597,3
10501,0.43417646110556457,3
10502,0.4341764615461694,3
10503,0.4341764619867743,3
10504,0.43417646242737906,3
10505,0.43417646242737906,3
10506,0.43417646242737906,3
10507,0.43417646242737906,3
10508,0.43417646242737906,3
10509,0.43417646242737906,3
10510,0.43417646242737906,3
10511,0.4341764628679839,3
10512,0.4341764633085887,3
10513,0.4341764633085887,3
10514,0.4341764633085887,3
10515,0.4341764633085887,3
10516,0.4341764628679839,3
10517,0.4341764628679839,3
10518,0.4341764628679839,3
10519,0.4341764628679839,3
10520,0.4341764628679839,3
10521,0.4341764628679839,3
10522,0.43417646242737906,3
10523,0.4341764628679839,3
10524,0.4341764628679839,3
10525,0.4341764628679839,3
10526,0.4341764628679839,3
10527,0.4341764628679839,3
10528,0.43417646242737906,3
10529,0.43417646242737906,3
10530,0.43417646242737906,3
10531,0.43417646242737906,3
10532,0.43417646242737906,3
10533,0.43417646242737906,3
10534,0.4341764628679839,3
10535,0.4341764628679839,3
10536,0.4341764628679839,3
10537,0.4341764628679839,3
10538,0.4341764628679839,3
10539,0.43417646242737906,3
10540,0.43417646242737906,3
10541,0.43417646242737906,3
10542,0.4341764619867743,3
10543,0.4341764615461694,3
10544,0.43417646110556457,3
10545,0.43417646110556457,3
10546,0.43417646110556457,3
10547,0.4341764615461694,3
10548,0.4341764619867743,3
10549,0.4341764628679839,3
10550,0.4341764633085887,3
10551,0.4341764633085887,3
10552,0.4341764633085887,3
10553,0.4341764628679839,3
10554,0.43417646242737906,3
10555,0.4341764619867743,3
10556,0.4341764619867743,3
10557,0.43417646242737906,3
10558,0.4341764628679839,3
10559,0.43417646242737906,3
10560,0.4341764619867743,3
10561,0.4341764615461694,3
10562,0.43417646110556457,3
10563,0.4341764615461694,3
10564,0.4341764619867743,3
10565,0.43417646242737906,3
10566,0.4341764628679839,3
10567,0.4341764628679839,3
10568,0.43417646242737906,3
10569,0.43417646242737906,3
10570,0.43417646242737906,3
10571,0.43417646242737906,3
10572,0.43417646242737906,3
10573,0.43417646242737906,3
10574,0.43417646242737906,3
10575,0.43417646242737906,3
10576,0.43417646242737906,3
10577,0.43417646242737906,3
10578,0.43417646242737906,3
10579,0.43417646242737906,3
10580,0.43417646242737906,3
10581,0.4341764619867743,3
10582,0.4341764615461694,3
10583,0.43417646110556457,3
10584,0.4341764606649597,3
10585,0.4341764606649597,3
10586,0.43417646110556457,3
10587,0.4341764619867743,3
10588,0.43417646242737906,3
10589,0.4341764628679839,3
10590,0.4341764628679839,3
10591,0.4341764628679839,3
10592,0.43417646242737906,3
10593,0.43417646242737906,3
10594,0.43417646242737906,3
10595,0.43417646242737906,3
10596,0.43417646242737906,3
10597,0.43417646242737906,3
10598,0.43417646242737906,3
10599,0.43417646242737906,3
10600,0.43417646242737906,3
10601,0.43417646242737906,3
10602,0.43417646242737906,3
10603,0.4341764628679839,3
10604,0.4341764633085887,3
10605,0.4341764633085887,3
10606,0.4341764633085887,3
10607,0.4341764633085887,3
10608,0.4341764628679839,3
10609,0.43417646242737906,3
10610,0.43417646242737906,3
10611,0.43417646242737906,3
10612,0.4341764628679839,3
10613,0.4341764628679839,3
10614,0.4341764633085887,3
10615,0.4341764633085887,3
10616,0.43417646374919355,3
10617,0.4341764633085887,3
10618,0.4341764633085887,3
10619,0.4341764628679839,3
10620,0.4341764628679839,3
10621,0.43417646242737906,3
10622,0.43417646242737906,3
10623,0.43417646242737906,3
10624,0.43417646242737906,3
10625,0.43417646242737906,3
10626,0.43417646242737906,3
10627,0.43417646242737906,3
10628,0.43417646242737906,3
10629,0.43417646242737906,3
10630,0.43417646242737906,3
10631,0.43417646242737906,3
10632,0.43417646242737906,3
10633,0.43417646242737906,3
10634,0.43417646242737906,3
10635,0.43417646242737906,3
10636,0.43417646242737906,3
10637,0.43417646242737906,3
10638,0.43417646242737906,3
10639,0.43417646242737906,3
10640,0.43417646242737906,3
10641,0.43417646242737906,3
10642,0.43417646242737906,3
10643,0.43417646242737906,3
10644,0.43417646242737906,3
10645,0.43417646242737906,3
10646,0.43417646242737906,3
10647,0.43417646242737906,3
10648,0.43417646242737906,3
10649,0.43417646242737906,3
10650,0.43417646242737906,3
10651,0.43417646242737906,3
10652,0.4341764619867743,3
10653,0.4341764615461694,3
10654,0.4341764615461694,3
10655,0.4341764615461694,3
10656,0.4341764615461694,3
10657,0.4341764619867743,3
10658,0.4341764619867743,3
10659,0.4341764619867743,3
10660,0.4341764619867743,3
10661,0.4341764619867743,3
10662,0.4341764619867743,3
10663,0.43417646242737906,3
10664,0.43417646242737906,3
10665,0.4341764619867743,3
10666,0.4341764619867743,3
10667,0.4341764619867743,3
10668,0.4341764619867743,3
10669,0.4341764619867743,3
10670,0.43417646242737906,3
10671,0.43417646242737906,3
10672,0.43417646242737906,3
10673,0.43417646242737906,3
10674,0.43417646242737906,3
10675,0.43417646242737906,3
10676,0.4341764619867743,3
10677,0.4341764615461694,3
10678,0.4341764615461694,3
10679,0.4341764615461694,3
10680,0.4341764615461694,3
10681,0.4341764619867743,3
10682,0.43417646242737906,3
10683,0.43417646242737906,3
10684,0.43417646242737906,3
10685,0.43417646242737906,3
10686,0.43417646242737906,3
10687,0.43417646242737906,3
10688,0.4341764619867743,3
10689,0.4341764615461694,3
10690,0.43417646110556457,3
10691,0.4341764606649597,3
10692,0.4341764606649597,3
10693,0.43417646110556457,3
10694,0.4341764615461694,3
10695,0.4341764619867743,3
10696,0.43417646242737906,3
10697,0.43417646242737906,3
10698,0.43417646242737906,3
10699,0.4341764615461694,3
10700,0.4341764615461694,3
10701,0.4341764615461694,3
10702,0.4341764615461694,3
10703,0.4341764615461694,3
10704,0.4341764628679839,3
10705,0.4341764628679839,3
10706,0.4341764628679839,3
10707,0.4341764628679839,3
10708,0.4341764628679839,3
10709,0.43417646242737906,3
10710,0.43417646242737906,3
10711,0.4341764619867743,3
10712,0.4341764619867743,3
10713,0.4341764619867743,3
10714,0.4341764615461694,3
10715,0.4341764615461694,3
10716,0.4341764619867743,3
10717,0.4341764619867743,3
10718,0.4341764619867743,3
10719,0.43417646242737906,3
10720,0.43417646242737906,3
10721,0.43417646242737906,3
10722,0.43417646242737906,3
10723,0.43417646242737906,3
10724,0.43417646242737906,3
10725,0.4341764619867743,3
10726,0.4341764619867743,3
10727,0.4341764615461694,3
10728,0.43417646110556457,3
10729,0.4341764606649597,3
10730,0.4341764606649597,3
10731,0.4341764606649597,3
10732,0.4341764615461694,3
10733,0.4341764619867743,3
10734,0.43417646242737906,3
10735,0.4341764628679839,3
10736,0.4341764628679839,3
10737,0.43417646242737906,3
10738,0.43417646242737906,3
10739,0.43417646242737906,3
10740,0.43417646242737906,3
10741,0.43417646242737906,3
10742,0.43417646242737906,3
10743,0.43417646242737906,3
10744,0.43417646242737906,3
10745,0.43417646242737906,3
10746,0.4341764628679839,3
10747,0.4341764628679839,3
10748,0.4341764628679839,3
10749,0.4341764628679839,3
10750,0.4341764633085887,3
10751,0.4341764628679839,3
10752,0.4341764628679839,3
10753,0.4341764628679839,3
10754,0.4341764633085887,3
10755,0.4341764628679839,3
10756,0.4341764628679839,3
10757,0.4341764628679839,3
10758,0.4341764628679839,3
10759,0.43417646242737906,3
10760,0.4341764619867743,3
10761,0.4341764619867743,3
10762,0.4341764619867743,3
10763,0.4341764619867743,3
10764,0.4341764619867743,3
10765,0.4341764619867743,3
10766,0.4341764619867743,3
10767,0.4341764619867743,3
10768,0.4341764619867743,3
10769,0.4341764619867743,3
10770,0.43417646242737906,3
10771,0.43417646242737906,3
10772,0.43417646242737906,3
10773,0.4341764619867743,3
10774,0.4341764619867743,3
10775,0.43417646242737906,3
10776,0.43417646242737906,3
10777,0.43417646242737906,3
10778,0.4341764628679839,3
10779,0.4341764628679839,3
10780,0.43417646242737906,3
10781,0.43417646242737906,3
10782,0.43417646242737906,3
10783,0.43417646242737906,3
10784,0.43417646242737906,3
10785,0.43417646242737906,3
10786,0.43417646242737906,3
10787,0.43417646242737906,3
10788,0.43417646242737906,3
10789,0.4341764628679839,3
10790,0.4341764628679839,3
10791,0.4341764633085887,3
10792,0.4341764633085887,3
10793,0.4341764633085887,3
10794,0.4341764628679839,3
10795,0.4341764628679839,3
10796,0.43417646242737906,3
10797,0.43417646242737906,3
10798,0.43417646242737906,3
10799,0.4341764619867743,3
10800,0.4341764619867743,3
10801,0.4341764619867743,3
10802,0.4341764619867743,3
10803,0.4341764619867743,3
10804,0.43417646242737906,3
10805,0.43417646242737906,3
10806,0.43417646242737906,3
10807,0.4341764628679839,3
10808,0.4341764628679839,3
10809,0.43417646242737906,3
10810,0.4341764619867743,3
10811,0.4341764615461694,3
10812,0.43417646110556457,3
10813,0.43417646110556457,3
10814,0.4341764615461694,3
10815,0.4341764619867743,3
10816,0.43417646242737906,3
10817,0.43417646242737906,3
10818,0.43417646242737906,3
10819,0.43417646242737906,3
10820,0.43417646242737906,3
10821,0.43417646242737906,3
10822,0.43417646242737906,3
10823,0.43417646242737906,3
10824,0.43417646242737906,3
10825,0.43417646242737906,3
10826,0.43417646242737906,3
10827,0.43417646242737906,3
10828,0.4341764628679839,3
10829,0.4341764628679839,3
10830,0.4341764628679839,3
10831,0.4341764628679839,3
10832,0.4341764628679839,3
10833,0.43417646242737906,3
10834,0.43417646242737906,3
10835,0.43417646242737906,3
10836,0.43417646242737906,3
10837,0.43417646242737906,3
10838,0.43417646242737906,3
10839,0.43417646242737906,3
10840,0.43417646242737906,3
10841,0.43417646242737906,3
10842,0.43417646242737906,3
10843,0.43417646242737906,3
10844,0.43417646242737906,3
10845,0.43417646242737906,3
10846,0.43417646242737906,3
10847,0.43417646242737906,3
10848,0.43417646242737906,3
10849,0.43417646242737906,3
10850,0.4341764619867743,3
10851,0.4341764619867743,3
10852,0.4341764619867743,3
10853,0.4341764619867743,3
10854,0.4341764619867743,3
10855,0.43417646242737906,3
10856,0.43417646242737906,3
10857,0.4341764619867743,3
10858,0.4341764615461694,3
10859,0.43417646110556457,3
10860,0.43417646110556457,3
10861,0.4341764606649597,3
10862,0.43417646110556457,3
10863,0.4341764615461694,3
10864,0.4341764619867743,3
10865,0.4341764619867743,3
10866,0.43417646242737906,3
10867,0.43417646242737906,3
10868,0.43417646242737906,3
10869,0.43417646242737906,3
10870,0.43417646242737906,3
10871,0.43417646242737906,3
10872,0.43417646242737906,3
10873,0.43417646242737906,3
10874,0.43417646242737906,3
10875,0.43417646242737906,3
10876,0.43417646242737906,3
10877,0.43417646242737906,3
10878,0.43417646242737906,3
10879,0.43417646242737906,3
10880,0.4341764628679839,3
10881,0.4341764628679839,3
10882,0.4341764628679839,3
10883,0.4341764628679839,3
10884,0.4341764628679839,3
10885,0.43417646242737906,3
10886,0.43417646242737906,3
10887,0.43417646242737906,3
10888,0.43417646242737906,3
10889,0.43417646242737906,3
10890,0.43417646242737906,3
10891,0.43417646242737906,3
10892,0.43417646242737906,3
10893,0.43417646242737906,3
10894,0.43417646242737906,3
10895,0.43417646242737906,3
10896,0.4341764619867743,3
10897,0.4341764619867743,3
10898,0.4341764619867743,3
10899,0.4341764619867743,3
10900,0.4341764619867743,3
10901,0.43417646242737906,3
10902,0.43417646242737906,3
10903,0.43417646242737906,3
10904,0.43417646242737906,3
10905,0.43417646242737906,3
10906,0.43417646242737906,3
10907,0.43417646242737906,3
10908,0.43417646242737906,3
10909,0.43417646242737906,3
10910,0.43417646242737906,3
10911,0.43417646242737906,3
10912,0.43417646242737906,3
10913,0.43417646242737906,3
10914,0.43417646242737906,3
10915,0.43417646242737906,3
10916,0.43417646242737906,3
10917,0.43417646242737906,3
10918,0.43417646242737906,3
10919,0.4341764619867743,3
10920,0.4341764619867743,3
10921,0.4341764619867743,3
10922,0.4341764619867743,3
10923,0.4341764619867743,3
10924,0.43417646242737906,3
10925,0.43417646242737906,3
10926,0.43417646242737906,3
10927,0.43417646242737906,3
10928,0.43417646242737906,3
10929,0.43417646242737906,3
10930,0.43417646242737906,3
10931,0.43417646242737906,3
10932,0.43417646242737906,3
10933,0.4341764619867743,3
10934,0.4341764619867743,3
10935,0.4341764619867743,3
10936,0.4341764619867743,3
10937,0.4341764619867743,3
10938,0.43417646242737906,3
10939,0.43417646242737906,3
10940,0.4341764619867743,3
10941,0.4341764619867743,3
10942,0.4341764619867743,3
10943,0.43417646242737906,3
10944,0.43417646242737906,3
10945,0.4341764628679839,3
10946,0.4341764628679839,3
10947,0.43417646242737906,3
10948,0.4341764619867743,3
10949,0.4341764619867743,3
10950,0.4341764619867743,3
10951,0.4341764619867743,3
10952,0.43417646242737906,3
10953,0.43417646242737906,3
10954,0.43417646242737906,3
10955,0.43417646242737906,3
10956,0.43417646242737906,3
10957,0.43417646242737906,3
10958,0.43417646242737906,3
10959,0.43417646242737906,3
10960,0.43417646242737906,3
10961,0.43417646242737906,3
10962,0.43417646242737906,3
10963,0.43417646242737906,3
10964,0.43417646242737906,3
10965,0.43417646242737906,3
10966,0.43417646242737906,3
10967,0.43417646242737906,3
10968,0.43417646242737906,3
10969,0.43417646242737906,3
10970,0.43417646242737906,3
10971,0.43417646242737906,3
10972,0.4341764628679839,3
10973,0.4341764628679839,3
10974,0.4341764628679839,3
10975,0.4341764628679839,3
10976,0.4341764628679839,3
10977,0.43417646242737906,3
10978,0.43417646242737906,3
10979,0.43417646242737906,3
10980,0.43417646242737906,3
10981,0.43417646242737906,3
10982,0.43417646242737906,3
10983,0.43417646242737906,3
10984,0.43417646242737906,3
10985,0.43417646242737906,3
10986,0.43417646242737906,3
10987,0.43417646242737906,3
10988,0.43417646242737906,3
10989,0.4341764619867743,3
10990,0.4341764615461694,3
10991,0.43417646110556457,3
10992,0.4341764606649597,3
10993,0.4341764602243549,3
10994,0.4341764602243549,3
10995,0.4341764602243549,3
10996,0.4341764606649597,3
10997,0.43417646110556457,3
10998,0.4341764615461694,3
10999,0.4341764619867743,3
11000,0.43417646242737906,3
11001,0.43417646242737906,3
11002,0.43417646242737906,3
11003,0.43417646242737906,3
11004,0.43417646242737906,3
11005,0.43417646242737906,3
11006,0.43417646242737906,3
11007,0.43417646242737906,3
11008,0.43417646242737906,3
11009,0.43417646242737906,3
11010,0.43417646242737906,3
11011,0.43417646242737906,3
11012,0.43417646242737906,3
11013,0.4341764619867743,3
11014,0.4341764615461694,3
11015,0.43417646110556457,3
11016,0.43417646110556457,3
11017,0.43417646110556457,3
11018,0.4341764615461694,3
11019,0.4341764619867743,3
11020,0.43417646242737906,3
11021,0.43417646242737906,3
11022,0.43417646242737906,3
11023,0.43417646242737906,3
11024,0.43417646242737906,3
11025,0.43417646242737906,3
11026,0.43417646242737906,3
11027,0.43417646242737906,3
11028,0.4341764619867743,3
11029,0.4341764619867743,3
11030,0.4341764619867743,3
11031,0.4341764619867743,3
11032,0.4341764619867743,3
11033,0.43417646242737906,3
11034,0.43417646242737906,3
11035,0.43417646242737906,3
11036,0.43417646242737906,3
11037,0.4341764628679839,3
11038,0.4341764628679839,3
11039,0.4341764628679839,3
11040,0.4341764633085887,3
11041,0.4341764633085887,3
11042,0.4341764628679839,3
11043,0.4341764628679839,3
11044,0.4341764628679839,3
11045,0.43417646242737906,3
11046,0.43417646242737906,3
11047,0.43417646242737906,3
11048,0.43417646242737906,3
11049,0.43417646242737906,3
11050,0.43417646242737906,3
11051,0.43417646242737906,3
11052,0.43417646242737906,3
11053,0.43417646242737906,3
11054,0.43417646242737906,3
11055,0.43417646242737906,3
11056,0.43417646242737906,3
11057,0.43417646242737906,3
11058,0.43417646242737906,3
11059,0.43417646242737906,3
11060,0.43417646242737906,3
11061,0.4341764628679839,3
11062,0.4341764628679839,3
11063,0.4341764628679839,3
11064,0.43417646242737906,3
11065,0.43417646242737906,3
11066,0.4341764619867743,3
11067,0.4341764619867743,3
11068,0.4341764619867743,3
11069,0.43417646242737906,3
11070,0.43417646242737906,3
11071,0.43417646242737906,3
11072,0.43417646242737906,3
11073,0.43417646242737906,3
11074,0.43417646242737906,3
11075,0.43417646242737906,3
11076,0.43417646242737906,3
11077,0.4341764628679839,3
11078,0.4341764628679839,3
11079,0.4341764628679839,3
11080,0.4341764628679839,3
11081,0.4341764628679839,3
11082,0.43417646242737906,3
11083,0.43417646242737906,3
11084,0.43417646242737906,3
11085,0.43417646242737906,3
11086,0.4341764628679839,3
11087,0.4341764628679839,3
11088,0.4341764628679839,3
11089,0.4341764628679839,3
11090,0.4341764628679839,3
11091,0.43417646242737906,3
11092,0.43417646242737906,3
11093,0.43417646242737906,3
11094,0.43417646242737906,3
11095,0.43417646242737906,3
11096,0.43417646242737906,3
11097,0.43417646242737906,3
11098,0.43417646242737906,3
11099,0.43417646242737906,3
11100,0.43417646242737906,3
11101,0.43417646242737906,3
11102,0.43417646242737906,3
11103,0.43417646242737906,3
11104,0.43417646242737906,3
11105,0.43417646242737906,3
11106,0.43417646242737906,3
11107,0.43417646242737906,3
11108,0.43417646242737906,3
11109,0.4341764619867743,3
11110,0.4341764619867743,3
11111,0.4341764619867743,3
11112,0.4341764619867743,3
11113,0.4341764619867743,3
11114,0.43417646242737906,3
11115,0.43417646242737906,3
11116,0.43417646242737906,3
11117,0.43417646242737906,3
11118,0.43417646242737906,3
11119,0.43417646242737906,3
11120,0.4341764619867743,3
11121,0.4341764619867743,3
11122,0.4341764619867743,3
11123,0.4341764619867743,3
11124,0.4341764619867743,3
11125,0.43417646242737906,3
11126,0.43417646242737906,3
11127,0.43417646242737906,3
11128,0.43417646242737906,3
11129,0.43417646242737906,3
11130,0.43417646242737906,3
11131,0.43417646242737906,3
11132,0.43417646242737906,3
11133,0.43417646242737906,3
11134,0.43417646242737906,3
11135,0.43417646242737906,3
11136,0.43417646242737906,3
11137,0.43417646242737906,3
11138,0.43417646242737906,3
11139,0.43417646242737906,3
11140,0.43417646242737906,3
11141,0.43417646242737906,3
11142,0.43417646242737906,3
11143,0.43417646242737906,3
11144,0.43417646242737906,3
11145,0.43417646242737906,3
11146,0.43417646242737906,3
11147,0.43417646242737906,3
11148,0.43417646242737906,3
11149,0.43417646242737906,3
11150,0.43417646242737906,3
11151,0.43417646242737906,3
11152,0.43417646242737906,3
11153,0.43417646242737906,3
11154,0.43417646242737906,3
11155,0.43417646242737906,3
11156,0.43417646242737906,3
11157,0.43417646242737906,3
11158,0.43417646242737906,3
11159,0.43417646242737906,3
11160,0.43417646242737906,3
11161,0.43417646242737906,3
11162,0.43417646242737906,3
11163,0.4341764619867743,3
11164,0.4341764619867743,3
11165,0.4341764619867743,3
11166,0.4341764619867743,3
11167,0.4341764619867743,3
11168,0.43417646242737906,3
11169,0.43417646242737906,3
11170,0.43417646242737906,3
11171,0.43417646242737906,3
11172,0.43417646242737906,3
11173,0.43417646242737906,3
11174,0.43417646242737906,3
11175,0.4341764619867743,3
11176,0.4341764619867743,3
11177,0.4341764619867743,3
11178,0.4341764619867743,3
11179,0.4341764619867743,3
11180,0.43417646242737906,3
11181,0.43417646242737906,3
11182,0.43417646242737906,3
11183,0.43417646242737906,3
11184,0.43417646242737906,3
11185,0.43417646242737906,3
11186,0.4341764619867743,3
11187,0.4341764619867743,3
11188,0.4341764619867743,3
11189,0.4341764619867743,3
11190,0.4341764619867743,3
11191,0.43417646242737906,3
11192,0.4341764628679839,3
11193,0.4341764628679839,3
11194,0.4341764628679839,3
11195,0.4341764628679839,3
11196,0.4341764628679839,3
11197,0.43417646242737906,3
11198,0.43417646242737906,3
11199,0.43417646242737906,3
11200,0.43417646242737906,3
11201,0.43417646242737906,3
11202,0.43417646242737906,3
11203,0.43417646242737906,3
11204,0.43417646242737906,3
11205,0.43417646242737906,3
11206,0.43417646242737906,3
11207,0.43417646242737906,3
11208,0.43417646242737906,3
11209,0.43417646242737906,3
11210,0.43417646242737906,3
11211,0.43417646242737906,3
11212,0.43417646242737906,3
11213,0.43417646242737906,3
11214,0.43417646242737906,3
11215,0.43417646242737906,3
11216,0.43417646242737906,3
11217,0.43417646242737906,3
11218,0.4341764619867743,3
11219,0.4341764615461694,3
11220,0.43417646110556457,3
11221,0.4341764606649597,3
11222,0.4341764606649597,3
11223,0.43417646110556457,3
11224,0.4341764615461694,3
11225,0.4341764619867743,3
11226,0.43417646242737906,3
11227,0.43417646242737906,3
11228,0.4341764628679839,3
11229,0.4341764633085887,3
11230,0.4341764633085887,3
11231,0.4341764633085887,3
11232,0.4341764633085887,3
11233,0.4341764628679839,3
11234,0.43417646242737906,3
11235,0.43417646242737906,3
11236,0.43417646242737906,3
11237,0.43417646242737906,3
11238,0.43417646242737906,3
11239,0.43417646242737906,3
11240,0.43417646242737906,3
11241,0.43417646242737906,3
11242,0.43417646242737906,3
11243,0.43417646242737906,3
11244,0.43417646242737906,3
11245,0.43417646242737906,3
11246,0.43417646242737906,3
11247,0.43417646242737906,3
11248,0.4341764628679839,3
11249,0.4341764628679839,3
11250,0.4341764628679839,3
11251,0.4341764628679839,3
11252,0.4341764628679839,3
11253,0.43417646242737906,3
11254,0.43417646242737906,3
11255,0.43417646242737906,3
11256,0.43417646242737906,3
11257,0.43417646242737906,3
11258,0.43417646242737906,3
11259,0.43417646242737906,3
11260,0.43417646242737906,3
11261,0.43417646242737906,3
11262,0.43417646242737906,3
11263,0.43417646242737906,3
11264,0.4341764628679839,3
11265,0.4341764628679839,3
11266,0.4341764628679839,3
11267,0.4341764628679839,3
11268,0.4341764628679839,3
11269,0.43417646242737906,3
11270,0.43417646242737906,3
11271,0.43417646242737906,3
11272,0.43417646242737906,3
11273,0.43417646242737906,3
11274,0.4341764619867743,3
11275,0.4341764619867743,3
11276,0.4341764619867743,3
11277,0.4341764615461694,3
11278,0.43417646110556457,3
11279,0.4341764615461694,3
11280,0.4341764615461694,3
11281,0.4341764615461694,3
11282,0.4341764619867743,3
11283,0.43417646242737906,3
11284,0.43417646242737906,3
11285,0.43417646242737906,3
11286,0.43417646242737906,3
11287,0.43417646242737906,3
11288,0.43417646242737906,3
11289,0.43417646242737906,3
11290,0.43417646242737906,3
11291,0.43417646242737906,3
11292,0.43417646242737906,3
11293,0.4341764619867743,3
11294,0.4341764619867743,3
11295,0.4341764619867743,3
11296,0.4341764619867743,3
11297,0.4341764619867743,3
11298,0.43417646242737906,3
11299,0.43417646242737906,3
11300,0.43417646242737906,3
11301,0.43417646242737906,3
11302,0.4341764628679839,3
11303,0.4341764628679839,3
11304,0.4341764628679839,3
11305,0.4341764628679839,3
11306,0.4341764628679839,3
11307,0.43417646242737906,3
11308,0.43417646242737906,3
11309,0.43417646242737906,3
11310,0.43417646242737906,3
11311,0.43417646242737906,3
11312,0.43417646242737906,3
11313,0.43417646242737906,3
11314,0.43417646242737906,3
11315,0.43417646242737906,3
11316,0.4341764628679839,3
11317,0.4341764628679839,3
11318,0.43417646242737906,3
11319,0.4341764619867743,3
11320,0.4341764619867743,3
11321,0.43417646110556457,3
11322,0.4341764606649597,3
11323,0.4341764606649597,3
11324,0.43417646110556457,3
11325,0.43417646110556457,3
11326,0.4341764615461694,3
11327,0.4341764619867743,3
11328,0.43417646242737906,3
11329,0.43417646242737906,3
11330,0.43417646242737906,3
11331,0.43417646242737906,3
11332,0.43417646242737906,3
11333,0.43417646242737906,3
11334,0.43417646242737906,3
11335,0.43417646242737906,3
11336,0.43417646242737906,3
11337,0.43417646242737906,3
11338,0.43417646242737906,3
11339,0.43417646242737906,3
11340,0.4341764628679839,3
11341,0.4341764628679839,3
11342,0.4341764628679839,3
11343,0.4341764628679839,3
11344,0.4341764628679839,3
11345,0.43417646242737906,3
11346,0.43417646242737906,3
11347,0.43417646242737906,3
11348,0.43417646242737906,3
11349,0.43417646242737906,3
11350,0.43417646242737906,3
11351,0.43417646242737906,3
11352,0.43417646242737906,3
11353,0.43417646242737906,3
11354,0.4341764619867743,3
11355,0.4341764615461694,3
11356,0.43417646110556457,3
11357,0.43417646110556457,3
11358,0.43417646110556457,3
11359,0.43417646110556457,3
11360,0.43417646110556457,3
11361,0.4341764615461694,3
11362,0.4341764615461694,3
11363,0.4341764615461694,3
11364,0.43417646242737906,3
11365,0.4341764628679839,3
11366,0.4341764628679839,3
11367,0.4341764628679839,3
11368,0.4341764628679839,3
11369,0.43417646242737906,3
11370,0.43417646242737906,3
11371,0.43417646242737906,3
11372,0.43417646242737906,3
11373,0.4341764628679839,3
11374,0.4341764628679839,3
11375,0.4341764628679839,3
11376,0.4341764628679839,3
11377,0.4341764628679839,3
11378,0.43417646242737906,3
11379,0.43417646242737906,3
11380,0.43417646242737906,3
11381,0.43417646242737906,3
11382,0.43417646242737906,3
11383,0.4341764619867743,3
11384,0.4341764615461694,3
11385,0.43417646110556457,3
11386,0.4341764606649597,3
11387,0.4341764602243549,3
11388,0.4341764602243549,3
11389,0.4341764602243549,3
11390,0.4341764606649597,3
11391,0.43417646110556457,3
11392,0.4341764615461694,3
11393,0.4341764619867743,3
11394,0.4341764619867743,3
11395,0.4341764619867743,3
11396,0.4341764619867743,3
11397,0.4341764619867743,3
11398,0.4341764619867743,3
11399,0.43417646242737906,3
11400,0.43417646242737906,3
11401,0.43417646242737906,3
11402,0.43417646242737906,3
11403,0.4341764628679839,3
11404,0.4341764633085887,3
11405,0.4341764633085887,3
11406,0.4341764633085887,3
11407,0.43417646374919355,3
11408,0.4341764633085887,3
11409,0.4341764628679839,3
11410,0.4341764628679839,3
11411,0.4341764628679839,3
11412,0.4341764628679839,3
11413,0.4341764628679839,3
11414,0.4341764633085887,3
11415,0.4341764633085887,3
11416,0.4341764633085887,3
11417,0.4341764628679839,3
11418,0.4341764628679839,3
11419,0.43417646242737906,3
11420,0.43417646242737906,3
11421,0.43417646242737906,3
11422,0.43417646242737906,3
11423,0.4341764619867743,3
11424,0.4341764615461694,3
11425,0.43417646110556457,3
11426,0.4341764606649597,3
11427,0.4341764602243549,3
11428,0.4341764602243549,3
11429,0.4341764606649597,3
11430,0.43417646110556457,3
11431,0.4341764615461694,3
11432,0.4341764619867743,3
11433,0.43417646242737906,3
11434,0.43417646242737906,3
11435,0.43417646242737906,3
11436,0.43417646242737906,3
11437,0.43417646242737906,3
11438,0.43417646242737906,3
11439,0.43417646242737906,3
11440,0.43417646242737906,3
11441,0.43417646242737906,3
11442,0.43417646242737906,3
11443,0.43417646242737906,3
11444,0.43417646242737906,3
11445,0.43417646242737906,3
11446,0.43417646242737906,3
11447,0.43417646242737906,3
11448,0.43417646242737906,3
11449,0.43417646242737906,3
11450,0.43417646242737906,3
11451,0.43417646242737906,3
11452,0.43417646242737906,3
11453,0.43417646242737906,3
11454,0.43417646242737906,3
11455,0.43417646242737906,3
11456,0.43417646242737906,3
11457,0.43417646242737906,3
11458,0.43417646242737906,3
11459,0.43417646242737906,3
11460,0.43417646242737906,3
11461,0.43417646242737906,3
11462,0.43417646242737906,3
11463,0.43417646242737906,3
11464,0.43417646242737906,3
11465,0.43417646242737906,3
11466,0.43417646242737906,3
11467,0.43417646242737906,3
11468,0.43417646242737906,3
11469,0.43417646242737906,3
11470,0.4341764619867743,3
11471,0.4341764615461694,3
11472,0.43417646110556457,3
11473,0.4341764606649597,3
11474,0.4341764602243549,3
11475,0.4341764606649597,3
11476,0.4341764606649597,3
11477,0.43417646110556457,3
11478,0.4341764615461694,3
11479,0.4341764619867743,3
11480,0.43417646242737906,3
11481,0.4341764628679839,3
11482,0.4341764628679839,3
11483,0.4341764628679839,3
11484,0.4341764628679839,3
11485,0.43417646242737906,3
11486,0.43417646242737906,3
11487,0.43417646242737906,3
11488,0.43417646242737906,3
11489,0.43417646242737906,3
11490,0.4341764628679839,3
11491,0.4341764633085887,3
11492,0.43417646418979844,3
11493,0.4341764646304032,3
11494,0.4341764646304032,3
11495,0.43417646418979844,3
11496,0.43417646374919355,3
11497,0.4341764628679839,3
11498,0.43417646242737906,3
11499,0.43417646242737906,3
11500,0.43417646242737906,3
11501,0.43417646242737906,3
11502,0.43417646242737906,3
11503,0.43417646242737906,3
11504,0.43417646242737906,3
11505,0.43417646242737906,3
11506,0.43417646242737906,3
11507,0.43417646242737906,3
11508,0.43417646242737906,3
11509,0.43417646242737906,3
11510,0.43417646242737906,3
11511,0.43417646242737906,3
11512,0.43417646242737906,3
11513,0.43417646242737906,3
11514,0.43417646242737906,3
11515,0.43417646242737906,3
11516,0.43417646242737906,3
11517,0.43417646242737906,3
11518,0.43417646242737906,3
11519,0.43417646242737906,3
11520,0.43417646242737906,3
11521,0.43417646242737906,3
11522,0.43417646242737906,3
11523,0.43417646242737906,3
11524,0.43417646242737906,3
11525,0.43417646242737906,3
11526,0.43417646242737906,3
11527,0.43417646242737906,3
11528,0.43417646242737906,3
11529,0.43417646242737906,3
11530,0.43417646242737906,3
11531,0.43417646242737906,3
11532,0.43417646242737906,3
11533,0.4341764619867743,3
11534,0.4341764615461694,3
11535,0.43417646110556457,3
11536,0.43417646110556457,3
11537,0.43417646110556457,3
11538,0.4341764615461694,3
11539,0.4341764619867743,3
11540,0.43417646242737906,3
11541,0.43417646242737906,3
11542,0.43417646242737906,3
11543,0.43417646242737906,3
11544,0.43417646242737906,3
11545,0.43417646242737906,3
11546,0.43417646242737906,3
11547,0.43417646242737906,3
11548,0.43417646242737906,3
11549,0.43417646242737906,3
11550,0.4341764619867743,3
11551,0.4341764615461694,3
11552,0.4341764615461694,3
11553,0.4341764615461694,3
11554,0.4341764615461694,3
11555,0.4341764619867743,3
11556,0.43417646242737906,3
11557,0.43417646242737906,3
11558,0.43417646242737906,3
11559,0.43417646242737906,3
11560,0.4341764628679839,3
11561,0.4341764628679839,3
11562,0.4341764628679839,3
11563,0.4341764628679839,3
11564,0.4341764628679839,3
11565,0.43417646242737906,3
11566,0.4341764619867743,3
11567,0.4341764619867743,3
11568,0.4341764619867743,3
11569,0.4341764619867743,3
11570,0.4341764619867743,3
11571,0.43417646242737906,3
11572,0.43417646242737906,3
11573,0.43417646242737906,3
11574,0.43417646242737906,3
11575,0.43417646242737906,3
11576,0.43417646242737906,3
11577,0.43417646242737906,3
11578,0.4341764619867743,3
11579,0.4341764615461694,3
11580,0.4341764615461694,3
11581,0.4341764615461694,3
11582,0.4341764619867743,3
11583,0.4341764628679839,3
11584,0.4341764633085887,3
11585,0.4341764633085887,3
11586,0.4341764633085887,3
11587,0.4341764628679839,3
11588,0.43417646242737906,3
11589,0.43417646242737906,3
11590,0.43417646242737906,3
11591,0.43417646242737906,3
11592,0.43417646242737906,3
11593,0.4341764619867743,3
11594,0.4341764615461694,3
11595,0.43417646110556457,3
11596,0.43417646110556457,3
11597,0.43417646110556457,3
11598,0.4341764615461694,3
11599,0.4341764619867743,3
11600,0.43417646242737906,3
11601,0.43417646242737906,3
11602,0.43417646242737906,3
11603,0.43417646242737906,3
11604,0.43417646242737906,3
11605,0.43417646242737906,3
11606,0.43417646242737906,3
11607,0.43417646242737906,3
11608,0.43417646242737906,3
11609,0.43417646242737906,3
11610,0.43417646242737906,3
11611,0.43417646242737906,3
11612,0.43417646242737906,3
11613,0.43417646242737906,3
11614,0.43417646242737906,3
11615,0.43417646242737906,3
11616,0.43417646242737906,3
11617,0.43417646242737906,3
11618,0.43417646242737906,3
11619,0.43417646242737906,3
11620,0.43417646242737906,3
11621,0.43417646242737906,3
11622,0.43417646242737906,3
11623,0.43417646242737906,3
11624,0.43417646242737906,3
11625,0.43417646242737906,3
11626,0.43417646242737906,3
11627,0.4341764619867743,3
11628,0.4341764619867743,3
11629,0.4341764619867743,3
11630,0.4341764619867743,3
11631,0.4341764619867743,3
11632,0.43417646242737906,3
11633,0.43417646242737906,3
11634,0.43417646242737906,3
11635,0.43417646242737906,3
11636,0.43417646242737906,3
11637,0.4341764619867743,3
11638,0.4341764615461694,3
11639,0.43417646110556457,3
11640,0.43417646110556457,3
11641,0.43417646110556457,3
11642,0.4341764619867743,3
11643,0.43417646242737906,3
11644,0.4341764628679839,3
11645,0.4341764628679839,3
11646,0.4341764633085887,3
11647,0.4341764628679839,3
11648,0.4341764628679839,3
11649,0.4341764628679839,3
11650,0.4341764628679839,3
11651,0.43417646242737906,3
11652,0.43417646242737906,3
11653,0.43417646242737906,3
11654,0.43417646242737906,3
11655,0.43417646242737906,3
11656,0.43417646242737906,3
11657,0.43417646242737906,3
11658,0.43417646242737906,3
11659,0.43417646242737906,3
11660,0.43417646242737906,3
11661,0.43417646242737906,3
11662,0.43417646242737906,3
11663,0.43417646242737906,3
11664,0.43417646242737906,3
11665,0.43417646242737906,3
11666,0.43417646242737906,3
11667,0.43417646242737906,3
11668,0.43417646242737906,3
11669,0.43417646242737906,3
11670,0.4341764619867743,3
11671,0.4341764619867743,3
11672,0.4341764619867743,3
11673,0.4341764615461694,3
11674,0.43417646110556457,3
11675,0.43417646110556457,3
11676,0.4341764606649597,3
11677,0.4341764606649597,3
11678,0.43417646110556457,3
11679,0.4341764615461694,3
11680,0.4341764619867743,3
11681,0.4341764619867743,3
11682,0.4341764615461694,3
11683,0.43417646110556457,3
11684,0.43417646110556457,3
11685,0.43417646110556457,3
11686,0.4341764615461694,3
11687,0.4341764619867743,3
11688,0.43417646242737906,3
11689,0.4341764628679839,3
11690,0.4341764628679839,3
11691,0.43417646242737906,3
11692,0.43417646242737906,3
11693,0.43417646242737906,3
11694,0.4341764619867743,3
11695,0.4341764619867743,3
11696,0.43417646242737906,3
11697,0.43417646242737906,3
11698,0.43417646242737906,3
11699,0.43417646242737906,3
11700,0.43417646242737906,3
11701,0.43417646242737906,3
11702,0.43417646242737906,3
11703,0.43417646242737906,3
11704,0.43417646242737906,3
11705,0.43417646242737906,3
11706,0.43417646242737906,3
11707,0.43417646242737906,3
11708,0.43417646242737906,3
11709,0.43417646242737906,3
11710,0.43417646242737906,3
11711,0.43417646242737906,3
11712,0.43417646242737906,3
11713,0.43417646242737906,3
11714,0.43417646242737906,3
11715,0.43417646242737906,3
11716,0.43417646242737906,3
11717,0.43417646242737906,3
11718,0.43417646242737906,3
11719,0.43417646242737906,3
11720,0.43417646242737906,3
11721,0.4341764619867743,3
11722,0.4341764615461694,3
11723,0.4341764615461694,3
11724,0.4341764615461694,3
11725,0.4341764619867743,3
11726,0.43417646242737906,3
11727,0.4341764628679839,3
11728,0.4341764628679839,3
11729,0.4341764633085887,3
11730,0.4341764628679839,3
11731,0.4341764628679839,3
11732,0.4341764628679839,3
11733,0.4341764628679839,3
11734,0.43417646242737906,3
11735,0.43417646242737906,3
11736,0.43417646242737906,3
11737,0.43417646242737906,3
11738,0.43417646242737906,3
11739,0.43417646242737906,3
11740,0.43417646242737906,3
11741,0.4341764628679839,3
11742,0.4341764628679839,3
11743,0.4341764628679839,3
11744,0.4341764628679839,3
11745,0.4341764628679839,3
11746,0.43417646242737906,3
11747,0.43417646242737906,3
11748,0.43417646242737906,3
11749,0.43417646242737906,3
11750,0.43417646242737906,3
11751,0.4341764619867743,3
11752,0.4341764615461694,3
11753,0.43417646110556457,3
11754,0.4341764606649597,3
11755,0.4341764602243549,3
11756,0.4341764602243549,3
11757,0.4341764606649597,3
11758,0.43417646110556457,3
11759,0.4341764615461694,3
11760,0.4341764619867743,3
11761,0.43417646242737906,3
11762,0.43417646242737906,3
11763,0.43417646242737906,3
11764,0.43417646242737906,3
11765,0.43417646242737906,3
11766,0.43417646242737906,3
11767,0.43417646242737906,3
11768,0.43417646242737906,3
11769,0.43417646242737906,3
11770,0.4341764628679839,3
11771,0.4341764628679839,3
11772,0.4341764628679839,3
11773,0.4341764628679839,3
11774,0.43417646242737906,3
11775,0.4341764615461694,3
11776,0.4341764615461694,3
11777,0.4341764615461694,3
11778,0.4341764619867743,3
11779,0.43417646242737906,3
11780,0.43417646242737906,3
11781,0.43417646242737906,3
11782,0.43417646242737906,3
11783,0.4341764619867743,3
11784,0.4341764619867743,3
11785,0.43417646242737906,3
11786,0.43417646242737906,3
11787,0.43417646242737906,3
11788,0.43417646242737906,3
11789,0.43417646242737906,3
11790,0.43417646242737906,3
11791,0.4341764628679839,3
11792,0.4341764628679839,3
11793,0.4341764628679839,3
11794,0.4341764628679839,3
11795,0.4341764628679839,3
11796,0.43417646242737906,3
11797,0.43417646242737906,3
11798,0.43417646242737906,3
11799,0.43417646242737906,3
11800,0.43417646242737906,3
11801,0.43417646242737906,3
11802,0.43417646242737906,3
11803,0.43417646242737906,3
11804,0.43417646242737906,3
11805,0.43417646242737906,3
11806,0.43417646242737906,3
11807,0.43417646242737906,3
11808,0.43417646242737906,3
11809,0.43417646242737906,3
11810,0.4341764619867743,3
11811,0.4341764619867743,3
11812,0.4341764619867743,3
11813,0.43417646242737906,3
11814,0.43417646242737906,3
11815,0.4341764628679839,3
11816,0.4341764628679839,3
11817,0.4341764628679839,3
11818,0.43417646242737906,3
11819,0.43417646242737906,3
11820,0.43417646242737906,3
11821,0.43417646242737906,3
11822,0.43417646242737906,3
11823,0.43417646242737906,3
11824,0.43417646242737906,3
11825,0.43417646242737906,3
11826,0.4341764619867743,3
11827,0.4341764619867743,3
11828,0.4341764619867743,3
11829,0.4341764619867743,3
11830,0.4341764619867743,3
11831,0.4341764619867743,3
11832,0.4341764619867743,3
11833,0.4341764619867743,3
11834,0.4341764619867743,3
11835,0.4341764619867743,3
11836,0.43417646242737906,3
11837,0.43417646242737906,3
11838,0.43417646242737906,3
11839,0.43417646242737906,3
11840,0.43417646242737906,3
11841,0.43417646242737906,3
11842,0.43417646242737906,3
11843,0.43417646242737906,3
11844,0.43417646242737906,3
11845,0.43417646242737906,3
11846,0.43417646242737906,3
11847,0.43417646242737906,3
11848,0.43417646242737906,3
11849,0.43417646242737906,3
11850,0.43417646242737906,3
11851,0.43417646242737906,3
11852,0.43417646242737906,3
11853,0.43417646242737906,3
11854,0.43417646242737906,3
11855,0.43417646242737906,3
11856,0.43417646242737906,3
11857,0.43417646242737906,3
11858,0.43417646242737906,3
11859,0.43417646242737906,3
11860,0.43417646242737906,3
11861,0.43417646242737906,3
11862,0.43417646242737906,3
11863,0.43417646242737906,3
11864,0.43417646242737906,3
11865,0.43417646242737906,3
11866,0.43417646242737906,3
11867,0.43417646242737906,3
11868,0.43417646242737906,3
11869,0.43417646242737906,3
11870,0.43417646242737906,3
11871,0.43417646242737906,3
11872,0.43417646242737906,3
11873,0.43417646242737906,3
11874,0.43417646242737906,3
11875,0.43417646242737906,3
11876,0.43417646242737906,3
11877,0.43417646242737906,3
11878,0.43417646242737906,3
11879,0.43417646242737906,3
11880,0.43417646242737906,3
11881,0.43417646242737906,3
11882,0.43417646242737906,3
11883,0.43417646242737906,3
11884,0.43417646242737906,3
11885,0.43417646242737906,3
11886,0.43417646242737906,3
11887,0.43417646242737906,3
11888,0.43417646242737906,3
11889,0.43417646242737906,3
11890,0.43417646242737906,3
11891,0.43417646242737906,3
11892,0.43417646242737906,3
11893,0.43417646242737906,3
11894,0.43417646242737906,3
11895,0.43417646242737906,3
11896,0.43417646242737906,3
11897,0.43417646242737906,3
11898,0.43417646242737906,3
11899,0.43417646242737906,3
11900,0.43417646242737906,3
11901,0.43417646242737906,3
11902,0.43417646242737906,3
11903,0.4341764619867743,3
11904,0.4341764615461694,3
11905,0.43417646110556457,3
11906,0.43417646110556457,3
11907,0.43417646110556457,3
11908,0.4341764615461694,3
11909,0.4341764619867743,3
11910,0.43417646242737906,3
11911,0.43417646242737906,3
11912,0.4341764619867743,3
11913,0.4341764619867743,3
11914,0.4341764619867743,3
11915,0.4341764615461694,3
11916,0.4341764606649597,3
11917,0.4341764606649597,3
11918,0.4341764606649597,3
11919,0.4341764606649597,3
11920,0.43417646110556457,3
11921,0.4341764619867743,3
11922,0.43417646242737906,3
11923,0.43417646242737906,3
11924,0.43417646242737906,3
11925,0.43417646242737906,3
11926,0.43417646242737906,3
11927,0.43417646242737906,3
11928,0.43417646242737906,3
11929,0.43417646242737906,3
11930,0.43417646242737906,3
11931,0.43417646242737906,3
11932,0.43417646242737906,3
11933,0.43417646242737906,3
11934,0.4341764628679839,3
11935,0.4341764628679839,3
11936,0.4341764628679839,3
11937,0.4341764628679839,3
11938,0.4341764628679839,3
11939,0.43417646242737906,3
11940,0.43417646242737906,3
11941,0.43417646242737906,3
11942,0.43417646242737906,3
11943,0.43417646242737906,3
11944,0.43417646242737906,3
11945,0.43417646242737906,3
11946,0.43417646242737906,3
11947,0.43417646242737906,3
11948,0.4341764619867743,3
11949,0.4341764619867743,3
11950,0.4341764619867743,3
11951,0.4341764619867743,3
11952,0.4341764619867743,3
11953,0.43417646242737906,3
11954,0.4341764628679839,3
11955,0.4341764628679839,3
11956,0.4341764628679839,3
11957,0.4341764628679839,3
11958,0.4341764628679839,3
11959,0.43417646242737906,3
11960,0.43417646242737906,3
11961,0.43417646242737906,3
11962,0.43417646242737906,3
11963,0.43417646242737906,3
11964,0.43417646242737906,3
11965,0.43417646242737906,3
11966,0.43417646242737906,3
11967,0.43417646242737906,3
11968,0.43417646242737906,3
11969,0.43417646242737906,3
11970,0.43417646242737906,3
11971,0.43417646242737906,3
11972,0.43417646242737906,3
11973,0.4341764619867743,3
11974,0.4341764615461694,3
11975,0.43417646110556457,3
11976,0.43417646110556457,3
11977,0.43417646110556457,3
11978,0.4341764615461694,3
11979,0.4341764619867743,3
11980,0.43417646242737906,3
11981,0.43417646242737906,3
11982,0.43417646242737906,3
11983,0.43417646242737906,3
11984,0.43417646242737906,3
11985,0.43417646242737906,3
11986,0.43417646242737906,3
11987,0.43417646242737906,3
11988,0.43417646242737906,3
11989,0.43417646242737906,3
11990,0.43417646242737906,3
11991,0.43417646242737906,3
11992,0.4341764628679839,3
11993,0.4341764628679839,3
11994,0.4341764628679839,3
11995,0.4341764628679839,3
11996,0.4341764628679839,3
11997,0.43417646242737906,3
11998,0.4341764619867743,3
11999,0.4341764615461694,3
12000,0.4341764615461694,3
12001,0.4341764615461694,3
12002,0.43417646110556457,3
12003,0.43417646110556457,3
12004,0.4341764615461694,3
12005,0.4341764615461694,3
12006,0.4341764619867743,3
12007,0.43417646242737906,3
12008,0.4341764628679839,3
12009,0.4341764628679839,3
12010,0.43417646242737906,3
12011,0.4341764615461694,3
12012,0.4341764615461694,3
12013,0.4341764615461694,3
12014,0.4341764615461694,3
12015,0.4341764619867743,3
12016,0.43417646242737906,3
12017,0.43417646242737906,3
12018,0.43417646242737906,3
12019,0.43417646242737906,3
12020,0.43417646242737906,3
12021,0.43417646242737906,3
12022,0.43417646242737906,3
12023,0.4341764628679839,3
12024,0.4341764628679839,3
12025,0.4341764628679839,3
12026,0.4341764628679839,3
12027,0.4341764628679839,3
12028,0.4341764628679839,3
12029,0.4341764633085887,3
12030,0.4341764633085887,3
12031,0.4341764633085887,3
12032,0.4341764633085887,3
12033,0.43417646242737906,3
12034,0.4341764615461694,3
12035,0.43417646110556457,3
12036,0.4341764606649597,3
12037,0.4341764602243549,3
12038,0.4341764602243549,3
12039,0.4341764602243549,3
12040,0.4341764602243549,3
12041,0.4341764597837501,3
12042,0.4341764597837501,3
12043,0.4341764597837501,3
12044,0.4341764602243549,3
12045,0.4341764606649597,3
12046,0.4341764615461694,3
12047,0.4341764619867743,3
12048,0.43417646242737906,3
12049,0.43417646242737906,3
12050,0.43417646242737906,3
12051,0.43417646242737906,3
12052,0.43417646242737906,3
12053,0.4341764619867743,3
12054,0.4341764619867743,3
12055,0.4341764615461694,3
12056,0.4341764615461694,3
12057,0.4341764615461694,3
12058,0.43417646242737906,3
12059,0.43417646242737906,3
12060,0.4341764628679839,3
12061,0.4341764633085887,3
12062,0.4341764633085887,3
12063,0.4341764628679839,3
12064,0.4341764628679839,3
12065,0.4341764633085887,3
12066,0.4341764633085887,3
12067,0.4341764633085887,3
12068,0.4341764633085887,3
12069,0.4341764633085887,3
12070,0.4341764628679839,3
12071,0.4341764619867743,3
12072,0.4341764615461694,3
12073,0.4341764615461694,3
12074,0.4341764615461694,3
12075,0.43417646110556457,3
12076,0.4341764615461694,3
12077,0.4341764619867743,3
12078,0.4341764619867743,3
12079,0.4341764619867743,3
12080,0.43417646242737906,3
12081,0.43417646242737906,3
12082,0.43417646242737906,3
12083,0.43417646242737906,3
12084,0.43417646242737906,3
12085,0.43417646242737906,3
12086,0.43417646242737906,3
12087,0.43417646242737906,3
12088,0.43417646242737906,3
12089,0.43417646242737906,3
12090,0.43417646242737906,3
12091,0.43417646242737906,3
12092,0.43417646242737906,3
12093,0.43417646242737906,3
12094,0.43417646242737906,3
12095,0.43417646242737906,3
12096,0.43417646242737906,3
12097,0.43417646242737906,3
12098,0.43417646242737906,3
12099,0.43417646242737906,3
12100,0.43417646242737906,3
12101,0.43417646242737906,3
12102,0.4341764619867743,3
12103,0.4341764619867743,3
12104,0.4341764619867743,3
12105,0.4341764615461694,3
12106,0.43417646110556457,3
12107,0.4341764615461694,3
12108,0.4341764615461694,3
12109,0.4341764615461694,3
12110,0.4341764619867743,3
12111,0.43417646242737906,3
12112,0.43417646242737906,3
12113,0.43417646242737906,3
12114,0.4341764619867743,3
12115,0.4341764619867743,3
12116,0.4341764619867743,3
12117,0.4341764619867743,3
12118,0.4341764619867743,3
12119,0.4341764619867743,3
12120,0.4341764619867743,3
12121,0.4341764619867743,3
12122,0.4341764619867743,3
12123,0.4341764619867743,3
12124,0.43417646242737906,3
12125,0.43417646242737906,3
12126,0.43417646242737906,3
12127,0.4341764619867743,3
12128,0.4341764619867743,3
12129,0.4341764619867743,3
12130,0.4341764619867743,3
12131,0.4341764619867743,3
12132,0.43417646242737906,3
12133,0.43417646242737906,3
12134,0.43417646242737906,3
12135,0.43417646242737906,3
12136,0.43417646242737906,3
12137,0.43417646242737906,3
12138,0.43417646242737906,3
12139,0.43417646242737906,3
12140,0.43417646242737906,3
12141,0.43417646242737906,3
12142,0.43417646242737906,3
12143,0.43417646242737906,3
12144,0.43417646242737906,3
12145,0.43417646242737906,3
12146,0.43417646242737906,3
12147,0.43417646242737906,3
12148,0.43417646242737906,3
12149,0.43417646242737906,3
12150,0.43417646242737906,3
12151,0.43417646242737906,3
12152,0.43417646242737906,3
12153,0.43417646242737906,3
12154,0.43417646242737906,3
12155,0.43417646242737906,3
12156,0.43417646242737906,3
12157,0.43417646242737906,3
12158,0.43417646242737906,3
12159,0.43417646242737906,3
12160,0.43417646242737906,3
12161,0.43417646242737906,3
12162,0.43417646242737906,3
12163,0.43417646242737906,3
12164,0.4341764619867743,3
12165,0.4341764615461694,3
12166,0.4341764615461694,3
12167,0.4341764615461694,3
12168,0.4341764615461694,3
12169,0.4341764619867743,3
12170,0.43417646242737906,3
12171,0.43417646242737906,3
12172,0.43417646242737906,3
12173,0.43417646242737906,3
12174,0.4341764628679839,3
12175,0.4341764628679839,3
12176,0.4341764628679839,3
12177,0.4341764628679839,3
12178,0.4341764628679839,3
12179,0.43417646242737906,3
12180,0.4341764619867743,3
12181,0.4341764619867743,3
12182,0.4341764619867743,3
12183,0.4341764619867743,3
12184,0.4341764619867743,3
12185,0.43417646242737906,3
12186,0.43417646242737906,3
12187,0.43417646242737906,3
12188,0.43417646242737906,3
12189,0.43417646242737906,3
12190,0.43417646242737906,3
12191,0.43417646242737906,3
12192,0.43417646242737906,3
12193,0.43417646242737906,3
12194,0.43417646242737906,3
12195,0.43417646242737906,3
12196,0.43417646242737906,3
12197,0.43417646242737906,3
12198,0.43417646242737906,3
12199,0.43417646242737906,3
12200,0.43417646242737906,3
12201,0.43417646242737906,3
12202,0.43417646242737906,3
12203,0.43417646242737906,3
12204,0.43417646242737906,3
12205,0.4341764628679839,3
12206,0.4341764633085887,3
12207,0.4341764633085887,3
12208,0.4341764633085887,3
12209,0.4341764633085887,3
12210,0.4341764628679839,3
12211,0.4341764619867743,3
12212,0.4341764619867743,3
12213,0.4341764619867743,3
12214,0.4341764619867743,3
12215,0.43417646242737906,3
12216,0.4341764628679839,3
12217,0.4341764628679839,3
12218,0.4341764628679839,3
12219,0.4341764628679839,3
12220,0.43417646242737906,3
12221,0.43417646242737906,3
12222,0.4341764619867743,3
12223,0.4341764615461694,3
12224,0.43417646110556457,3
12225,0.4341764606649597,3
12226,0.4341764597837501,3
12227,0.4341764597837501,3
12228,0.4341764597837501,3
12229,0.4341764597837501,3
12230,0.4341764597837501,3
12231,0.4341764602243549,3
12232,0.4341764602243549,3
12233,0.4341764602243549,3
12234,0.4341764606649597,3
12235,0.43417646110556457,3
12236,0.4341764615461694,3
12237,0.4341764619867743,3
12238,0.43417646242737906,3
12239,0.43417646242737906,3
12240,0.43417646242737906,3
12241,0.43417646242737906,3
12242,0.4341764628679839,3
12243,0.4341764628679839,3
12244,0.4341764628679839,3
12245,0.4341764633085887,3
12246,0.4341764633085887,3
12247,0.4341764628679839,3
12248,0.4341764628679839,3
12249,0.4341764628679839,3
12250,0.43417646242737906,3
12251,0.43417646242737906,3
12252,0.43417646242737906,3
12253,0.43417646242737906,3
12254,0.43417646242737906,3
12255,0.43417646242737906,3
12256,0.43417646242737906,3
12257,0.43417646242737906,3
12258,0.4341764628679839,3
12259,0.4341764633085887,3
12260,0.4341764633085887,3
12261,0.4341764633085887,3
12262,0.4341764633085887,3
12263,0.4341764628679839,3
12264,0.4341764619867743,3
12265,0.4341764619867743,3
12266,0.4341764619867743,3
12267,0.4341764619867743,3
12268,0.4341764619867743,3
12269,0.43417646242737906,3
12270,0.43417646242737906,3
12271,0.4341764628679839,3
12272,0.4341764628679839,3
12273,0.4341764628679839,3
12274,0.4341764628679839,3
12275,0.4341764628679839,3
12276,0.43417646242737906,3
12277,0.43417646242737906,3
12278,0.4341764619867743,3
12279,0.4341764619867743,3
12280,0.4341764619867743,3
12281,0.4341764619867743,3
12282,0.4341764619867743,3
12283,0.4341764628679839,3
12284,0.4341764628679839,3
12285,0.4341764628679839,3
12286,0.4341764628679839,3
12287,0.4341764628679839,3
12288,0.43417646242737906,3
12289,0.43417646242737906,3
12290,0.43417646242737906,3
12291,0.43417646242737906,3
12292,0.4341764628679839,3
12293,0.4341764628679839,3
12294,0.4341764633085887,3
12295,0.4341764633085887,3
12296,0.4341764628679839,3
12297,0.4341764619867743,3
12298,0.4341764615461694,3
12299,0.43417646110556457,3
12300,0.43417646110556457,3
12301,0.4341764615461694,3
12302,0.4341764615461694,3
12303,0.43417646110556457,3
12304,0.4341764606649597,3
12305,0.4341764602243549,3
12306,0.4341764597837501,3
12307,0.4341764597837501,3
12308,0.4341764606649597,3
12309,0.43417646110556457,3
12310,0.4341764615461694,3
12311,0.4341764619867743,3
12312,0.43417646242737906,3
12313,0.43417646242737906,3
12314,0.4341764619867743,3
12315,0.4341764619867743,3
12316,0.4341764619867743,3
12317,0.4341764619867743,3
12318,0.4341764619867743,3
12319,0.43417646242737906,3
12320,0.43417646242737906,3
12321,0.43417646242737906,3
12322,0.43417646242737906,3
12323,0.43417646242737906,3
12324,0.43417646242737906,3
12325,0.43417646242737906,3
12326,0.4341764619867743,3
12327,0.4341764619867743,3
12328,0.4341764619867743,3
12329,0.4341764619867743,3
12330,0.4341764619867743,3
12331,0.43417646242737906,3
12332,0.43417646242737906,3
12333,0.43417646242737906,3
12334,0.43417646242737906,3
12335,0.43417646242737906,3
12336,0.43417646242737906,3
12337,0.43417646242737906,3
12338,0.43417646242737906,3
12339,0.4341764628679839,3
12340,0.4341764628679839,3
12341,0.4341764628679839,3
12342,0.4341764628679839,3
12343,0.4341764628679839,3
12344,0.43417646242737906,3
12345,0.43417646242737906,3
12346,0.43417646242737906,3
12347,0.43417646242737906,3
12348,0.43417646242737906,3
12349,0.43417646242737906,3
12350,0.43417646242737906,3
12351,0.43417646242737906,3
12352,0.43417646242737906,3
12353,0.43417646242737906,3
12354,0.43417646242737906,3
12355,0.43417646242737906,3
12356,0.43417646242737906,3
12357,0.43417646242737906,3
12358,0.43417646242737906,3
12359,0.43417646242737906,3
12360,0.43417646242737906,3
12361,0.43417646242737906,3
12362,0.43417646242737906,3
12363,0.43417646242737906,3
12364,0.43417646242737906,3
12365,0.43417646242737906,3
12366,0.43417646242737906,3
12367,0.43417646242737906,3
12368,0.43417646242737906,3
12369,0.43417646242737906,3
12370,0.43417646242737906,3
12371,0.43417646242737906,3
12372,0.43417646242737906,3
12373,0.43417646242737906,3
12374,0.43417646242737906,3
12375,0.43417646242737906,3
12376,0.43417646242737906,3
12377,0.4341764628679839,3
12378,0.4341764628679839,3
12379,0.4341764628679839,3
12380,0.4341764628679839,3
12381,0.4341764628679839,3
12382,0.43417646242737906,3
12383,0.43417646242737906,3
12384,0.43417646242737906,3
12385,0.4341764619867743,3
12386,0.4341764619867743,3
12387,0.4341764615461694,3
12388,0.4341764615461694,3
12389,0.4341764615461694,3
12390,0.4341764619867743,3
12391,0.4341764619867743,3
12392,0.43417646242737906,3
12393,0.43417646242737906,3
12394,0.43417646242737906,3
12395,0.43417646242737906,3
12396,0.43417646242737906,3
12397,0.43417646242737906,3
12398,0.4341764619867743,3
12399,0.4341764615461694,3
12400,0.4341764615461694,3
12401,0.4341764615461694,3
12402,0.4341764615461694,3
12403,0.43417646242737906,3
12404,0.4341764633085887,3
12405,0.4341764633085887,3
12406,0.4341764633085887,3
12407,0.4341764633085887,3
12408,0.4341764628679839,3
12409,0.43417646242737906,3
12410,0.43417646242737906,3
12411,0.43417646242737906,3
12412,0.43417646242737906,3
12413,0.43417646242737906,3
12414,0.43417646242737906,3
12415,0.43417646242737906,3
12416,0.43417646242737906,3
12417,0.43417646242737906,3
12418,0.4341764619867743,3
12419,0.4341764619867743,3
12420,0.4341764619867743,3
12421,0.4341764615461694,3
12422,0.43417646110556457,3
12423,0.43417646110556457,3
12424,0.4341764606649597,3
12425,0.4341764602243549,3
12426,0.4341764602243549,3
12427,0.4341764606649597,3
12428,0.43417646110556457,3
12429,0.4341764615461694,3
12430,0.43417646242737906,3
12431,0.4341764628679839,3
12432,0.4341764628679839,3
12433,0.4341764628679839,3
12434,0.4341764628679839,3
12435,0.43417646242737906,3
12436,0.43417646242737906,3
12437,0.43417646242737906,3
12438,0.43417646242737906,3
12439,0.43417646242737906,3
12440,0.43417646242737906,3
12441,0.43417646242737906,3
12442,0.43417646242737906,3
12443,0.43417646242737906,3
12444,0.4341764628679839,3
12445,0.4341764628679839,3
12446,0.4341764628679839,3
12447,0.4341764628679839,3
12448,0.4341764628679839,3
12449,0.43417646242737906,3
12450,0.43417646242737906,3
12451,0.43417646242737906,3
12452,0.4341764619867743,3
12453,0.4341764619867743,3
12454,0.4341764619867743,3
12455,0.4341764619867743,3
12456,0.4341764619867743,3
12457,0.43417646242737906,3
12458,0.43417646242737906,3
12459,0.43417646242737906,3
12460,0.43417646242737906,3
12461,0.43417646242737906,3
12462,0.43417646242737906,3
12463,0.4341764619867743,3
12464,0.4341764619867743,3
12465,0.4341764619867743,3
12466,0.4341764619867743,3
12467,0.4341764619867743,3
12468,0.4341764628679839,3
12469,0.4341764633085887,3
12470,0.43417646374919355,3
12471,0.43417646374919355,3
12472,0.43417646374919355,3
12473,0.4341764633085887,3
12474,0.43417646242737906,3
12475,0.4341764615461694,3
12476,0.4341764615461694,3
12477,0.4341764615461694,3
12478,0.43417646110556457,3
12479,0.4341764615461694,3
12480,0.4341764619867743,3
12481,0.4341764619867743,3
12482,0.4341764619867743,3
12483,0.43417646242737906,3
12484,0.43417646242737906,3
12485,0.43417646242737906,3
12486,0.43417646242737906,3
12487,0.43417646242737906,3
12488,0.43417646242737906,3
12489,0.43417646242737906,3
12490,0.43417646242737906,3
12491,0.43417646242737906,3
12492,0.43417646242737906,3
12493,0.4341764628679839,3
12494,0.4341764628679839,3
12495,0.4341764628679839,3
12496,0.4341764628679839,3
12497,0.4341764628679839,3
12498,0.43417646242737906,3
12499,0.43417646242737906,3
12500,0.4341764619867743,3
12501,0.4341764619867743,3
12502,0.4341764619867743,3
12503,0.4341764619867743,3
12504,0.4341764619867743,3
12505,0.43417646242737906,3
12506,0.43417646242737906,3
12507,0.43417646242737906,3
12508,0.43417646242737906,3
12509,0.43417646242737906,3
12510,0.43417646242737906,3
12511,0.43417646242737906,3
12512,0.43417646242737906,3
12513,0.4341764619867743,3
12514,0.4341764619867743,3
12515,0.4341764619867743,3
12516,0.4341764619867743,3
12517,0.4341764615461694,3
12518,0.4341764615461694,3
12519,0.43417646110556457,3
12520,0.4341764606649597,3
12521,0.4341764597837501,3
12522,0.4341764597837501,3
12523,0.4341764602243549,3
12524,0.4341764602243549,3
12525,0.4341764606649597,3
12526,0.4341764615461694,3
12527,0.4341764619867743,3
12528,0.4341764619867743,3
12529,0.4341764619867743,3
12530,0.4341764619867743,3
12531,0.4341764619867743,3
12532,0.4341764619867743,3
12533,0.4341764619867743,3
12534,0.43417646242737906,3
12535,0.4341764619867743,3
12536,0.4341764615461694,3
12537,0.4341764615461694,3
12538,0.4341764615461694,3
12539,0.4341764619867743,3
12540,0.43417646242737906,3
12541,0.4341764628679839,3
12542,0.4341764628679839,3
12543,0.4341764628679839,3
12544,0.43417646242737906,3
12545,0.43417646242737906,3
12546,0.43417646242737906,3
12547,0.43417646242737906,3
12548,0.43417646242737906,3
12549,0.43417646242737906,3
12550,0.43417646242737906,3
12551,0.43417646242737906,3
12552,0.43417646242737906,3
12553,0.4341764628679839,3
12554,0.4341764628679839,3
12555,0.4341764628679839,3
12556,0.4341764628679839,3
12557,0.4341764628679839,3
12558,0.43417646242737906,3
12559,0.43417646242737906,3
12560,0.43417646242737906,3
12561,0.43417646242737906,3
12562,0.43417646242737906,3
12563,0.43417646242737906,3
12564,0.43417646242737906,3
12565,0.43417646242737906,3
12566,0.43417646242737906,3
12567,0.43417646242737906,3
12568,0.43417646242737906,3
12569,0.43417646242737906,3
12570,0.43417646242737906,3
12571,0.43417646242737906,3
12572,0.43417646242737906,3
12573,0.43417646242737906,3
12574,0.43417646242737906,3
12575,0.43417646242737906,3
12576,0.43417646242737906,3
12577,0.43417646242737906,3
12578,0.43417646242737906,3
12579,0.43417646242737906,3
12580,0.43417646242737906,3
12581,0.43417646242737906,3
12582,0.43417646242737906,3
12583,0.43417646242737906,3
12584,0.43417646242737906,3
12585,0.43417646242737906,3
12586,0.43417646242737906,3
12587,0.43417646242737906,3
12588,0.43417646242737906,3
12589,0.43417646242737906,3
12590,0.43417646242737906,3
12591,0.43417646242737906,3
12592,0.43417646242737906,3
12593,0.43417646242737906,3
12594,0.43417646242737906,3
12595,0.43417646242737906,3
12596,0.43417646242737906,3
12597,0.43417646242737906,3
12598,0.43417646242737906,3
12599,0.43417646242737906,3
12600,0.43417646242737906,3
12601,0.4341764619867743,3
12602,0.4341764615461694,3
12603,0.43417646110556457,3
12604,0.4341764606649597,3
12605,0.4341764606649597,3
12606,0.43417646110556457,3
12607,0.4341764615461694,3
12608,0.4341764619867743,3
12609,0.43417646242737906,3
12610,0.43417646242737906,3
12611,0.43417646242737906,3
12612,0.4341764628679839,3
12613,0.4341764628679839,3
12614,0.4341764628679839,3
12615,0.4341764628679839,3
12616,0.4341764628679839,3
12617,0.43417646242737906,3
12618,0.43417646242737906,3
12619,0.43417646242737906,3
12620,0.43417646242737906,3
12621,0.43417646242737906,3
12622,0.43417646242737906,3
12623,0.43417646242737906,3
12624,0.43417646242737906,3
12625,0.43417646242737906,3
12626,0.43417646242737906,3
12627,0.43417646242737906,3
12628,0.43417646242737906,3
12629,0.4341764619867743,3
12630,0.4341764615461694,3
12631,0.43417646110556457,3
12632,0.43417646110556457,3
12633,0.43417646110556457,3
12634,0.4341764615461694,3
12635,0.4341764619867743,3
12636,0.43417646242737906,3
12637,0.43417646242737906,3
12638,0.43417646242737906,3
12639,0.43417646242737906,3
12640,0.43417646242737906,3
12641,0.43417646242737906,3
12642,0.43417646242737906,3
12643,0.43417646242737906,3
12644,0.43417646242737906,3
12645,0.43417646242737906,3
12646,0.43417646242737906,3
12647,0.43417646242737906,3
12648,0.43417646242737906,3
12649,0.43417646242737906,3
12650,0.43417646242737906,3
12651,0.43417646242737906,3
12652,0.43417646242737906,3
12653,0.4341764619867743,3
12654,0.4341764619867743,3
12655,0.4341764619867743,3
12656,0.4341764619867743,3
12657,0.4341764619867743,3
12658,0.43417646242737906,3
12659,0.43417646242737906,3
12660,0.43417646242737906,3
12661,0.43417646242737906,3
12662,0.43417646242737906,3
12663,0.43417646242737906,3
12664,0.43417646242737906,3
12665,0.43417646242737906,3
12666,0.43417646242737906,3
12667,0.43417646242737906,3
12668,0.43417646242737906,3
12669,0.4341764619867743,3
12670,0.4341764615461694,3
12671,0.4341764615461694,3
12672,0.4341764615461694,3
12673,0.4341764615461694,3
12674,0.4341764619867743,3
12675,0.4341764619867743,3
12676,0.4341764619867743,3
12677,0.4341764619867743,3
12678,0.4341764619867743,3
12679,0.4341764619867743,3
12680,0.43417646242737906,3
12681,0.43417646242737906,3
12682,0.43417646242737906,3
12683,0.4341764619867743,3
12684,0.4341764619867743,3
12685,0.4341764619867743,3
12686,0.4341764619867743,3
12687,0.4341764619867743,3
12688,0.43417646242737906,3
12689,0.43417646242737906,3
12690,0.43417646242737906,3
12691,0.43417646242737906,3
12692,0.43417646242737906,3
12693,0.43417646242737906,3
12694,0.43417646242737906,3
12695,0.4341764628679839,3
12696,0.4341764628679839,3
12697,0.4341764628679839,3
12698,0.4341764628679839,3
12699,0.4341764628679839,3
12700,0.43417646242737906,3
12701,0.43417646242737906,3
12702,0.43417646242737906,3
12703,0.43417646242737906,3
12704,0.43417646242737906,3
12705,0.43417646242737906,3
12706,0.43417646242737906,3
12707,0.43417646242737906,3
12708,0.43417646242737906,3
12709,0.43417646242737906,3
12710,0.43417646242737906,3
12711,0.43417646242737906,3
12712,0.43417646242737906,3
12713,0.43417646242737906,3
12714,0.43417646242737906,3
12715,0.43417646242737906,3
12716,0.43417646242737906,3
12717,0.43417646242737906,3
12718,0.4341764628679839,3
12719,0.4341764628679839,3
12720,0.4341764628679839,3
12721,0.4341764628679839,3
12722,0.4341764628679839,3
12723,0.43417646242737906,3
12724,0.43417646242737906,3
12725,0.43417646242737906,3
12726,0.43417646242737906,3
12727,0.43417646242737906,3
12728,0.43417646242737906,3
12729,0.43417646242737906,3
12730,0.4341764628679839,3
12731,0.4341764628679839,3
12732,0.4341764628679839,3
12733,0.4341764628679839,3
12734,0.4341764628679839,3
12735,0.43417646242737906,3
12736,0.4341764619867743,3
12737,0.4341764615461694,3
12738,0.4341764615461694,3
12739,0.4341764615461694,3
12740,0.43417646110556457,3
12741,0.43417646110556457,3
12742,0.43417646110556457,3
12743,0.43417646110556457,3
12744,0.43417646110556457,3
12745,0.4341764615461694,3
12746,0.4341764619867743,3
12747,0.43417646242737906,3
12748,0.43417646242737906,3
12749,0.43417646242737906,3
12750,0.43417646242737906,3
12751,0.43417646242737906,3
12752,0.43417646242737906,3
12753,0.43417646242737906,3
12754,0.43417646242737906,3
12755,0.43417646242737906,3
12756,0.43417646242737906,3
12757,0.43417646242737906,3
12758,0.4341764619867743,3
12759,0.4341764619867743,3
12760,0.4341764619867743,3
12761,0.43417646242737906,3
12762,0.4341764628679839,3
12763,0.4341764633085887,3
12764,0.4341764633085887,3
12765,0.4341764633085887,3
12766,0.4341764628679839,3
12767,0.43417646242737906,3
12768,0.43417646242737906,3
12769,0.43417646242737906,3
12770,0.43417646242737906,3
12771,0.43417646242737906,3
12772,0.43417646242737906,3
12773,0.43417646242737906,3
12774,0.43417646242737906,3
12775,0.43417646242737906,3
12776,0.43417646242737906,3
12777,0.43417646242737906,3
12778,0.43417646242737906,3
12779,0.43417646242737906,3
12780,0.43417646242737906,3
12781,0.43417646242737906,3
12782,0.43417646242737906,3
12783,0.43417646242737906,3
12784,0.43417646242737906,3
12785,0.43417646242737906,3
12786,0.43417646242737906,3
12787,0.4341764628679839,3
12788,0.4341764628679839,3
12789,0.4341764633085887,3
12790,0.4341764633085887,3
12791,0.4341764628679839,3
12792,0.43417646242737906,3
12793,0.43417646242737906,3
12794,0.4341764619867743,3
12795,0.4341764619867743,3
12796,0.43417646242737906,3
12797,0.43417646242737906,3
12798,0.43417646242737906,3
12799,0.43417646242737906,3
12800,0.43417646242737906,3
12801,0.43417646242737906,3
12802,0.4341764619867743,3
12803,0.4341764615461694,3
12804,0.4341764615461694,3
12805,0.4341764615461694,3
12806,0.4341764615461694,3
12807,0.4341764619867743,3
12808,0.43417646242737906,3
12809,0.43417646242737906,3
12810,0.4341764628679839,3
12811,0.4341764628679839,3
12812,0.4341764628679839,3
12813,0.4341764628679839,3
12814,0.43417646242737906,3
12815,0.4341764615461694,3
12816,0.43417646110556457,3
12817,0.43417646110556457,3
12818,0.43417646110556457,3
12819,0.4341764615461694,3
12820,0.4341764615461694,3
12821,0.4341764615461694,3
12822,0.4341764615461694,3
12823,0.4341764615461694,3
12824,0.4341764615461694,3
12825,0.4341764619867743,3
12826,0.43417646242737906,3
12827,0.4341764619867743,3
12828,0.4341764615461694,3
12829,0.43417646110556457,3
12830,0.4341764606649597,3
12831,0.4341764606649597,3
12832,0.43417646110556457,3
12833,0.4341764615461694,3
12834,0.4341764619867743,3
12835,0.43417646242737906,3
12836,0.43417646242737906,3
12837,0.43417646242737906,3
12838,0.43417646242737906,3
12839,0.4341764628679839,3
12840,0.4341764633085887,3
12841,0.4341764633085887,3
12842,0.4341764633085887,3
12843,0.4341764633085887,3
12844,0.4341764628679839,3
12845,0.43417646242737906,3
12846,0.4341764628679839,3
12847,0.4341764628679839,3
12848,0.4341764628679839,3
12849,0.4341764628679839,3
12850,0.4341764628679839,3
12851,0.43417646242737906,3
12852,0.43417646242737906,3
12853,0.43417646242737906,3
12854,0.43417646242737906,3
12855,0.43417646242737906,3
12856,0.4341764619867743,3
12857,0.4341764619867743,3
12858,0.4341764615461694,3
12859,0.43417646110556457,3
12860,0.43417646110556457,3
12861,0.4341764615461694,3
12862,0.4341764615461694,3
12863,0.4341764619867743,3
12864,0.43417646242737906,3
12865,0.43417646242737906,3
12866,0.43417646242737906,3
12867,0.4341764619867743,3
12868,0.4341764619867743,3
12869,0.4341764619867743,3
12870,0.4341764619867743,3
12871,0.4341764619867743,3
12872,0.43417646242737906,3
12873,0.43417646242737906,3
12874,0.43417646242737906,3
12875,0.43417646242737906,3
12876,0.43417646242737906,3
12877,0.43417646242737906,3
12878,0.43417646242737906,3
12879,0.43417646242737906,3
12880,0.43417646242737906,3
12881,0.43417646242737906,3
12882,0.43417646242737906,3
12883,0.43417646242737906,3
12884,0.43417646242737906,3
12885,0.43417646242737906,3
12886,0.43417646242737906,3
12887,0.43417646242737906,3
12888,0.43417646242737906,3
12889,0.43417646242737906,3
12890,0.4341764628679839,3
12891,0.4341764633085887,3
12892,0.4341764633085887,3
12893,0.4341764633085887,3
12894,0.4341764633085887,3
12895,0.4341764628679839,3
12896,0.43417646242737906,3
12897,0.43417646242737906,3
12898,0.43417646242737906,3
12899,0.43417646242737906,3
12900,0.4341764619867743,3
12901,0.43417646110556457,3
12902,0.4341764606649597,3
12903,0.4341764602243549,3
12904,0.4341764602243549,3
12905,0.4341764602243549,3
12906,0.43417646110556457,3
12907,0.4341764615461694,3
12908,0.4341764619867743,3
12909,0.4341764619867743,3
12910,0.43417646242737906,3
12911,0.43417646242737906,3
12912,0.43417646242737906,3
12913,0.43417646242737906,3
12914,0.43417646242737906,3
12915,0.43417646242737906,3
12916,0.43417646242737906,3
12917,0.43417646242737906,3
12918,0.43417646242737906,3
12919,0.43417646242737906,3
12920,0.43417646242737906,3
12921,0.43417646242737906,3
12922,0.43417646242737906,3
12923,0.43417646242737906,3
12924,0.43417646242737906,3
12925,0.43417646242737906,3
12926,0.43417646242737906,3
12927,0.43417646242737906,3
12928,0.43417646242737906,3
12929,0.43417646242737906,3
12930,0.43417646242737906,3
12931,0.4341764628679839,3
12932,0.4341764628679839,3
12933,0.4341764628679839,3
12934,0.4341764628679839,3
12935,0.4341764628679839,3
12936,0.43417646242737906,3
12937,0.43417646242737906,3
12938,0.43417646242737906,3
12939,0.4341764619867743,3
12940,0.4341764619867743,3
12941,0.4341764619867743,3
12942,0.4341764619867743,3
12943,0.4341764619867743,3
12944,0.43417646242737906,3
12945,0.4341764628679839,3
12946,0.4341764628679839,3
12947,0.4341764628679839,3
12948,0.4341764628679839,3
12949,0.4341764628679839,3
12950,0.43417646242737906,3
12951,0.43417646242737906,3
12952,0.43417646242737906,3
12953,0.43417646242737906,3
12954,0.4341764628679839,3
12955,0.4341764628679839,3
12956,0.4341764628679839,3
12957,0.4341764628679839,3
12958,0.4341764628679839,3
12959,0.43417646242737906,3
12960,0.43417646242737906,3
12961,0.4341764619867743,3
12962,0.4341764619867743,3
12963,0.4341764619867743,3
12964,0.4341764619867743,3
12965,0.4341764619867743,3
12966,0.43417646242737906,3
12967,0.43417646242737906,3
12968,0.43417646242737906,3
12969,0.43417646242737906,3
12970,0.43417646242737906,3
12971,0.43417646242737906,3
12972,0.43417646242737906,3
12973,0.43417646242737906,3
12974,0.43417646242737906,3
12975,0.43417646242737906,3
12976,0.43417646242737906,3
12977,0.43417646242737906,3
12978,0.43417646242737906,3
12979,0.43417646242737906,3
12980,0.43417646242737906,3
12981,0.43417646242737906,3
12982,0.4341764628679839,3
12983,0.4341764628679839,3
12984,0.4341764628679839,3
12985,0.4341764628679839,3
12986,0.4341764628679839,3
12987,0.43417646242737906,3
12988,0.43417646242737906,3
12989,0.4341764619867743,3
12990,0.4341764619867743,3
12991,0.4341764619867743,3
12992,0.4341764619867743,3
12993,0.4341764619867743,3
12994,0.43417646242737906,3
12995,0.43417646242737906,3
12996,0.43417646242737906,3
12997,0.43417646242737906,3
12998,0.43417646242737906,3
12999,0.43417646242737906,3
13000,0.4341764619867743,3
13001,0.4341764615461694,3
13002,0.43417646110556457,3
13003,0.4341764606649597,3
13004,0.4341764606649597,3
13005,0.43417646110556457,3
13006,0.4341764615461694,3
13007,0.4341764619867743,3
13008,0.4341764628679839,3
13009,0.4341764633085887,3
13010,0.4341764633085887,3
13011,0.4341764633085887,3
13012,0.4341764633085887,3
13013,0.4341764628679839,3
13014,0.43417646242737906,3
13015,0.43417646242737906,3
13016,0.43417646242737906,3
13017,0.43417646242737906,3
13018,0.43417646242737906,3
13019,0.43417646242737906,3
13020,0.43417646242737906,3
13021,0.43417646242737906,3
13022,0.43417646242737906,3
13023,0.43417646242737906,3
13024,0.43417646242737906,3
13025,0.4341764619867743,3
13026,0.4341764619867743,3
13027,0.4341764619867743,3
13028,0.4341764619867743,3
13029,0.4341764619867743,3
13030,0.43417646242737906,3
13031,0.43417646242737906,3
13032,0.43417646242737906,3
13033,0.43417646242737906,3
13034,0.43417646242737906,3
13035,0.43417646242737906,3
13036,0.43417646242737906,3
13037,0.43417646242737906,3
13038,0.43417646242737906,3
13039,0.43417646242737906,3
13040,0.43417646242737906,3
13041,0.43417646242737906,3
13042,0.43417646242737906,3
13043,0.43417646242737906,3
13044,0.43417646242737906,3
13045,0.43417646242737906,3
13046,0.43417646242737906,3
13047,0.43417646242737906,3
13048,0.43417646242737906,3
13049,0.43417646242737906,3
13050,0.43417646242737906,3
13051,0.43417646242737906,3
13052,0.43417646242737906,3
13053,0.43417646242737906,3
13054,0.43417646242737906,3
13055,0.43417646242737906,3
13056,0.43417646242737906,3
13057,0.43417646242737906,3
13058,0.4341764619867743,3
13059,0.4341764615461694,3
13060,0.43417646110556457,3
13061,0.43417646110556457,3
13062,0.43417646110556457,3
13063,0.4341764615461694,3
13064,0.4341764619867743,3
13065,0.43417646242737906,3
13066,0.43417646242737906,3
13067,0.43417646242737906,3
13068,0.43417646242737906,3
13069,0.43417646242737906,3
13070,0.43417646242737906,3
13071,0.43417646242737906,3
13072,0.43417646242737906,3
13073,0.43417646242737906,3
13074,0.43417646242737906,3
13075,0.4341764619867743,3
13076,0.4341764615461694,3
13077,0.43417646110556457,3
13078,0.43417646110556457,3
13079,0.43417646110556457,3
13080,0.4341764615461694,3
13081,0.4341764619867743,3
13082,0.43417646242737906,3
13083,0.43417646242737906,3
13084,0.43417646242737906,3
13085,0.4341764628679839,3
13086,0.4341764633085887,3
13087,0.4341764633085887,3
13088,0.4341764633085887,3
13089,0.4341764633085887,3
13090,0.4341764628679839,3
13091,0.43417646242737906,3
13092,0.43417646242737906,3
13093,0.43417646242737906,3
13094,0.43417646242737906,3
13095,0.43417646242737906,3
13096,0.43417646242737906,3
13097,0.43417646242737906,3
13098,0.43417646242737906,3
13099,0.43417646242737906,3
13100,0.43417646242737906,3
13101,0.43417646242737906,3
13102,0.43417646242737906,3
13103,0.43417646242737906,3
13104,0.43417646242737906,3
13105,0.43417646242737906,3
13106,0.43417646242737906,3
13107,0.43417646242737906,3
13108,0.43417646242737906,3
13109,0.43417646242737906,3
13110,0.43417646242737906,3
13111,0.43417646242737906,3
13112,0.43417646242737906,3
13113,0.43417646242737906,3
13114,0.4341764619867743,3
13115,0.4341764619867743,3
13116,0.4341764619867743,3
13117,0.4341764619867743,3
13118,0.4341764619867743,3
13119,0.43417646242737906,3
13120,0.43417646242737906,3
13121,0.43417646242737906,3
13122,0.43417646242737906,3
13123,0.43417646242737906,3
13124,0.43417646242737906,3
13125,0.4341764619867743,3
13126,0.4341764615461694,3
13127,0.4341764615461694,3
13128,0.4341764615461694,3
13129,0.4341764615461694,3
13130,0.4341764619867743,3
13131,0.43417646242737906,3
13132,0.4341764628679839,3
13133,0.4341764633085887,3
13134,0.4341764633085887,3
13135,0.4341764633085887,3
13136,0.4341764633085887,3
13137,0.4341764628679839,3
13138,0.43417646242737906,3
13139,0.43417646242737906,3
13140,0.43417646242737906,3
13141,0.43417646242737906,3
13142,0.43417646242737906,3
13143,0.43417646242737906,3
13144,0.4341764628679839,3
13145,0.4341764628679839,3
13146,0.4341764628679839,3
13147,0.4341764633085887,3
13148,0.4341764633085887,3
13149,0.4341764628679839,3
13150,0.4341764628679839,3
13151,0.4341764628679839,3
13152,0.43417646242737906,3
13153,0.43417646242737906,3
13154,0.43417646242737906,3
13155,0.4341764628679839,3
13156,0.4341764628679839,3
13157,0.4341764628679839,3
13158,0.4341764628679839,3
13159,0.4341764628679839,3
13160,0.43417646242737906,3
13161,0.43417646242737906,3
13162,0.43417646242737906,3
13163,0.43417646242737906,3
13164,0.43417646242737906,3
13165,0.4341764619867743,3
13166,0.4341764619867743,3
13167,0.4341764615461694,3
13168,0.4341764615461694,3
13169,0.4341764615461694,3
13170,0.4341764619867743,3
13171,0.4341764619867743,3
13172,0.43417646242737906,3
13173,0.4341764619867743,3
13174,0.4341764615461694,3
13175,0.4341764615461694,3
13176,0.4341764615461694,3
13177,0.4341764615461694,3
13178,0.4341764619867743,3
13179,0.43417646242737906,3
13180,0.43417646242737906,3
13181,0.43417646242737906,3
13182,0.43417646242737906,3
13183,0.43417646242737906,3
13184,0.43417646242737906,3
13185,0.43417646242737906,3
13186,0.43417646242737906,3
13187,0.43417646242737906,3
13188,0.43417646242737906,3
13189,0.43417646242737906,3
13190,0.43417646242737906,3
13191,0.43417646242737906,3
13192,0.43417646242737906,3
13193,0.43417646242737906,3
13194,0.43417646242737906,3
13195,0.43417646242737906,3
13196,0.43417646242737906,3
13197,0.43417646242737906,3
13198,0.43417646242737906,3
13199,0.43417646242737906,3
13200,0.43417646242737906,3
13201,0.43417646242737906,3
13202,0.43417646242737906,3
13203,0.43417646242737906,3
13204,0.43417646242737906,3
13205,0.43417646242737906,3
13206,0.43417646242737906,3
13207,0.43417646242737906,3
13208,0.43417646242737906,3
13209,0.43417646242737906,3
13210,0.43417646242737906,3
13211,0.43417646242737906,3
13212,0.43417646242737906,3
13213,0.43417646242737906,3
13214,0.43417646242737906,3
13215,0.43417646242737906,3
13216,0.43417646242737906,3
13217,0.43417646242737906,3
13218,0.43417646242737906,3
13219,0.43417646242737906,3
13220,0.4341764628679839,3
13221,0.4341764628679839,3
13222,0.4341764628679839,3
13223,0.4341764628679839,3
13224,0.4341764628679839,3
13225,0.4341764619867743,3
13226,0.4341764619867743,3
13227,0.4341764619867743,3
13228,0.4341764619867743,3
13229,0.4341764619867743,3
13230,0.43417646242737906,3
13231,0.43417646242737906,3
13232,0.43417646242737906,3
13233,0.43417646242737906,3
13234,0.43417646242737906,3
13235,0.43417646242737906,3
13236,0.43417646242737906,3
13237,0.43417646242737906,3
13238,0.43417646242737906,3
13239,0.43417646242737906,3
13240,0.43417646242737906,3
13241,0.43417646242737906,3
13242,0.43417646242737906,3
13243,0.43417646242737906,3
13244,0.43417646242737906,3
13245,0.43417646242737906,3
13246,0.43417646242737906,3
13247,0.43417646242737906,3
13248,0.43417646242737906,3
13249,0.43417646242737906,3
13250,0.43417646242737906,3
13251,0.4341764619867743,3
13252,0.4341764615461694,3
13253,0.4341764615461694,3
13254,0.4341764615461694,3
13255,0.4341764615461694,3
13256,0.4341764619867743,3
13257,0.43417646242737906,3
13258,0.43417646242737906,3
13259,0.43417646242737906,3
13260,0.43417646242737906,3
13261,0.43417646242737906,3
13262,0.43417646242737906,3
13263,0.43417646242737906,3
13264,0.43417646242737906,3
13265,0.43417646242737906,3
13266,0.43417646242737906,3
13267,0.43417646242737906,3
13268,0.43417646242737906,3
13269,0.4341764628679839,3
13270,0.4341764628679839,3
13271,0.43417646242737906,3
13272,0.4341764619867743,3
13273,0.4341764615461694,3
13274,0.4341764606649597,3
13275,0.4341764602243549,3
13276,0.4341764606649597,3
13277,0.43417646110556457,3
13278,0.4341764615461694,3
13279,0.4341764619867743,3
13280,0.43417646242737906,3
13281,0.43417646242737906,3
13282,0.43417646242737906,3
13283,0.43417646242737906,3
13284,0.4341764628679839,3
13285,0.4341764628679839,3
13286,0.4341764628679839,3
13287,0.4341764628679839,3
13288,0.4341764628679839,3
13289,0.43417646242737906,3
13290,0.43417646242737906,3
13291,0.43417646242737906,3
13292,0.4341764628679839,3
13293,0.4341764633085887,3
13294,0.4341764633085887,3
13295,0.4341764633085887,3
13296,0.4341764633085887,3
13297,0.4341764628679839,3
13298,0.43417646242737906,3
13299,0.4341764619867743,3
13300,0.4341764619867743,3
13301,0.4341764619867743,3
13302,0.4341764619867743,3
13303,0.4341764615461694,3
13304,0.4341764615461694,3
13305,0.43417646110556457,3
13306,0.4341764606649597,3
13307,0.4341764602243549,3
13308,0.4341764606649597,3
13309,0.43417646110556457,3
13310,0.4341764615461694,3
13311,0.4341764619867743,3
13312,0.4341764628679839,3
13313,0.4341764628679839,3
13314,0.4341764628679839,3
13315,0.4341764628679839,3
13316,0.4341764628679839,3
13317,0.43417646242737906,3
13318,0.43417646242737906,3
13319,0.43417646242737906,3
13320,0.43417646242737906,3
13321,0.43417646242737906,3
13322,0.43417646242737906,3
13323,0.43417646242737906,3
13324,0.43417646242737906,3
13325,0.43417646242737906,3
13326,0.43417646242737906,3
13327,0.43417646242737906,3
13328,0.43417646242737906,3
13329,0.43417646242737906,3
13330,0.43417646242737906,3
13331,0.43417646242737906,3
13332,0.43417646242737906,3
13333,0.43417646242737906,3
13334,0.43417646242737906,3
13335,0.43417646242737906,3
13336,0.43417646242737906,3
13337,0.43417646242737906,3
13338,0.43417646242737906,3
13339,0.43417646242737906,3
13340,0.43417646242737906,3
13341,0.43417646242737906,3
13342,0.43417646242737906,3
13343,0.43417646242737906,3
13344,0.43417646242737906,3
13345,0.43417646242737906,3
13346,0.43417646242737906,3
13347,0.43417646242737906,3
13348,0.43417646242737906,3
13349,0.43417646242737906,3
13350,0.43417646242737906,3
13351,0.43417646242737906,3
13352,0.43417646242737906,3
13353,0.43417646242737906,3
13354,0.43417646242737906,3
13355,0.43417646242737906,3
13356,0.43417646242737906,3
13357,0.4341764619867743,3
13358,0.4341764619867743,3
13359,0.43417646242737906,3
13360,0.43417646242737906,3
13361,0.43417646242737906,3
13362,0.4341764628679839,3
13363,0.4341764628679839,3
13364,0.43417646242737906,3
13365,0.43417646242737906,3
13366,0.43417646242737906,3
13367,0.43417646242737906,3
13368,0.4341764619867743,3
13369,0.4341764615461694,3
13370,0.43417646110556457,3
13371,0.4341764606649597,3
13372,0.4341764602243549,3
13373,0.4341764597837501,3
13374,0.4341764602243549,3
13375,0.4341764606649597,3
13376,0.43417646110556457,3
13377,0.4341764615461694,3
13378,0.43417646242737906,3
13379,0.43417646242737906,3
13380,0.43417646242737906,3
13381,0.43417646242737906,3
13382,0.43417646242737906,3
13383,0.43417646242737906,3
13384,0.43417646242737906,3
13385,0.43417646242737906,3
13386,0.43417646242737906,3
13387,0.4341764628679839,3
13388,0.4341764633085887,3
13389,0.4341764633085887,3
13390,0.4341764633085887,3
13391,0.4341764633085887,3
13392,0.4341764628679839,3
13393,0.43417646242737906,3
13394,0.43417646242737906,3
13395,0.43417646242737906,3
13396,0.43417646242737906,3
13397,0.4341764619867743,3
13398,0.4341764615461694,3
13399,0.43417646110556457,3
13400,0.4341764606649597,3
13401,0.4341764606649597,3
13402,0.43417646110556457,3
13403,0.4341764615461694,3
13404,0.43417646242737906,3
13405,0.4341764628679839,3
13406,0.4341764633085887,3
13407,0.4341764633085887,3
13408,0.4341764633085887,3
13409,0.4341764628679839,3
13410,0.4341764628679839,3
13411,0.43417646242737906,3
13412,0.43417646242737906,3
13413,0.43417646242737906,3
13414,0.43417646242737906,3
13415,0.43417646242737906,3
13416,0.43417646242737906,3
13417,0.43417646242737906,3
13418,0.43417646242737906,3
13419,0.43417646242737906,3
13420,0.43417646242737906,3
13421,0.43417646242737906,3
13422,0.43417646242737906,3
13423,0.43417646242737906,3
13424,0.43417646242737906,3
13425,0.4341764619867743,3
13426,0.4341764619867743,3
13427,0.4341764619867743,3
13428,0.4341764619867743,3
13429,0.4341764619867743,3
13430,0.4341764619867743,3
13431,0.4341764615461694,3
13432,0.43417646110556457,3
13433,0.4341764606649597,3
13434,0.4341764602243549,3
13435,0.4341764602243549,3
13436,0.4341764606649597,3
13437,0.43417646110556457,3
13438,0.4341764615461694,3
13439,0.4341764619867743,3
13440,0.43417646242737906,3
13441,0.43417646242737906,3
13442,0.43417646242737906,3
13443,0.4341764619867743,3
13444,0.4341764615461694,3
13445,0.43417646110556457,3
13446,0.43417646110556457,3
13447,0.43417646110556457,3
13448,0.4341764615461694,3
13449,0.4341764619867743,3
13450,0.4341764628679839,3
13451,0.4341764628679839,3
13452,0.4341764628679839,3
13453,0.4341764628679839,3
13454,0.4341764633085887,3
13455,0.4341764628679839,3
13456,0.4341764628679839,3
13457,0.4341764628679839,3
13458,0.4341764628679839,3
13459,0.43417646242737906,3
13460,0.43417646242737906,3
13461,0.43417646242737906,3
13462,0.4341764628679839,3
13463,0.4341764628679839,3
13464,0.4341764628679839,3
13465,0.4341764633085887,3
13466,0.4341764633085887,3
13467,0.4341764628679839,3
13468,0.4341764628679839,3
13469,0.4341764628679839,3
13470,0.43417646242737906,3
13471,0.43417646242737906,3
13472,0.43417646242737906,3
13473,0.43417646242737906,3
13474,0.43417646242737906,3
13475,0.43417646242737906,3
13476,0.43417646242737906,3
13477,0.43417646242737906,3
13478,0.43417646242737906,3
13479,0.43417646242737906,3
13480,0.43417646242737906,3
13481,0.43417646242737906,3
13482,0.4341764619867743,3
13483,0.43417646110556457,3
13484,0.43417646110556457,3
13485,0.43417646110556457,3
13486,0.4341764615461694,3
13487,0.4341764619867743,3
13488,0.4341764628679839,3
13489,0.43417646242737906,3
13490,0.4341764619867743,3
13491,0.4341764615461694,3
13492,0.4341764615461694,3
13493,0.4341764615461694,3
13494,0.4341764619867743,3
13495,0.43417646242737906,3
13496,0.43417646242737906,3
13497,0.43417646242737906,3
13498,0.43417646242737906,3
13499,0.43417646242737906,3
13500,0.43417646242737906,3
13501,0.43417646242737906,3
13502,0.43417646242737906,3
13503,0.43417646242737906,3
13504,0.43417646242737906,3
13505,0.43417646242737906,3
13506,0.43417646242737906,3
13507,0.43417646242737906,3
13508,0.43417646242737906,3
13509,0.43417646242737906,3
13510,0.43417646242737906,3
13511,0.43417646242737906,3
13512,0.43417646242737906,3
13513,0.43417646242737906,3
13514,0.4341764619867743,3
13515,0.4341764619867743,3
13516,0.4341764619867743,3
13517,0.4341764619867743,3
13518,0.4341764619867743,3
13519,0.43417646242737906,3
13520,0.43417646242737906,3
13521,0.43417646242737906,3
13522,0.43417646242737906,3
13523,0.43417646242737906,3
13524,0.43417646242737906,3
13525,0.43417646242737906,3
13526,0.43417646242737906,3
13527,0.43417646242737906,3
13528,0.43417646242737906,3
13529,0.43417646242737906,3
13530,0.43417646242737906,3
13531,0.43417646242737906,3
13532,0.43417646242737906,3
13533,0.43417646242737906,3
13534,0.43417646242737906,3
13535,0.43417646242737906,3
13536,0.43417646242737906,3
13537,0.43417646242737906,3
13538,0.43417646242737906,3
13539,0.43417646242737906,3
13540,0.43417646242737906,3
13541,0.43417646242737906,3
13542,0.43417646242737906,3
13543,0.4341764619867743,3
13544,0.4341764615461694,3
13545,0.4341764615461694,3
13546,0.4341764615461694,3
13547,0.4341764615461694,3
13548,0.4341764619867743,3
13549,0.4341764628679839,3
13550,0.4341764628679839,3
13551,0.4341764628679839,3
13552,0.4341764628679839,3
13553,0.4341764633085887,3
13554,0.4341764628679839,3
13555,0.4341764628679839,3
13556,0.4341764628679839,3
13557,0.4341764628679839,3
13558,0.43417646242737906,3
13559,0.43417646242737906,3
13560,0.43417646242737906,3
13561,0.43417646242737906,3
13562,0.43417646242737906,3
13563,0.4341764619867743,3
13564,0.4341764619867743,3
13565,0.4341764619867743,3
13566,0.4341764619867743,3
13567,0.4341764619867743,3
13568,0.43417646242737906,3
13569,0.43417646242737906,3
13570,0.43417646242737906,3
13571,0.43417646242737906,3
13572,0.43417646242737906,3
13573,0.43417646242737906,3
13574,0.43417646242737906,3
13575,0.43417646242737906,3
13576,0.43417646242737906,3
13577,0.43417646242737906,3
13578,0.4341764628679839,3
13579,0.4341764633085887,3
13580,0.43417646374919355,3
13581,0.43417646374919355,3
13582,0.43417646374919355,3
13583,0.4341764633085887,3
13584,0.4341764628679839,3
13585,0.43417646242737906,3
13586,0.43417646242737906,3
13587,0.43417646242737906,3
13588,0.43417646242737906,3
13589,0.43417646242737906,3
13590,0.43417646242737906,3
13591,0.43417646242737906,3
13592,0.43417646242737906,3
13593,0.43417646242737906,3
13594,0.43417646242737906,3
13595,0.43417646242737906,3
13596,0.43417646242737906,3
13597,0.43417646242737906,3
13598,0.43417646242737906,3
13599,0.4341764619867743,3
13600,0.4341764619867743,3
13601,0.4341764619867743,3
13602,0.43417646242737906,3
13603,0.43417646242737906,3
13604,0.4341764628679839,3
13605,0.4341764633085887,3
13606,0.4341764633085887,3
13607,0.4341764628679839,3
13608,0.4341764628679839,3
13609,0.4341764633085887,3
13610,0.4341764628679839,3
13611,0.4341764628679839,3
13612,0.43417646242737906,3
13613,0.4341764619867743,3
13614,0.4341764615461694,3
13615,0.4341764615461694,3
13616,0.4341764615461694,3
13617,0.4341764619867743,3
13618,0.43417646242737906,3
13619,0.43417646242737906,3
13620,0.43417646242737906,3
13621,0.4341764619867743,3
13622,0.4341764619867743,3
13623,0.4341764619867743,3
13624,0.4341764619867743,3
13625,0.4341764619867743,3
13626,0.43417646242737906,3
13627,0.43417646242737906,3
13628,0.4341764619867743,3
13629,0.4341764615461694,3
13630,0.4341764615461694,3
13631,0.4341764615461694,3
13632,0.4341764615461694,3
13633,0.4341764619867743,3
13634,0.43417646242737906,3
13635,0.43417646242737906,3
13636,0.4341764628679839,3
13637,0.4341764633085887,3
13638,0.4341764633085887,3
13639,0.4341764633085887,3
13640,0.4341764633085887,3
13641,0.4341764628679839,3
13642,0.43417646242737906,3
13643,0.43417646242737906,3
13644,0.43417646242737906,3
13645,0.43417646242737906,3
13646,0.43417646242737906,3
13647,0.43417646242737906,3
13648,0.43417646242737906,3
13649,0.43417646242737906,3
13650,0.43417646242737906,3
13651,0.43417646242737906,3
13652,0.43417646242737906,3
13653,0.43417646242737906,3
13654,0.43417646242737906,3
13655,0.43417646242737906,3
13656,0.43417646242737906,3
13657,0.43417646242737906,3
13658,0.43417646242737906,3
13659,0.43417646242737906,3
13660,0.43417646242737906,3
13661,0.43417646242737906,3
13662,0.43417646242737906,3
13663,0.43417646242737906,3
13664,0.4341764628679839,3
13665,0.4341764628679839,3
13666,0.4341764628679839,3
13667,0.4341764628679839,3
13668,0.4341764628679839,3
13669,0.43417646242737906,3
13670,0.43417646242737906,3
13671,0.43417646242737906,3
13672,0.43417646242737906,3
13673,0.43417646242737906,3
13674,0.43417646242737906,3
13675,0.43417646242737906,3
13676,0.43417646242737906,3
13677,0.43417646242737906,3
13678,0.43417646242737906,3
13679,0.4341764628679839,3
13680,0.4341764633085887,3
13681,0.4341764633085887,3
13682,0.4341764633085887,3
13683,0.4341764633085887,3
13684,0.4341764628679839,3
13685,0.43417646242737906,3
13686,0.43417646242737906,3
13687,0.43417646242737906,3
13688,0.43417646242737906,3
13689,0.4341764619867743,3
13690,0.4341764615461694,3
13691,0.4341764615461694,3
13692,0.4341764615461694,3
13693,0.4341764615461694,3
13694,0.4341764619867743,3
13695,0.43417646242737906,3
13696,0.43417646242737906,3
13697,0.43417646242737906,3
13698,0.43417646242737906,3
13699,0.43417646242737906,3
13700,0.4341764619867743,3
13701,0.4341764615461694,3
13702,0.4341764615461694,3
13703,0.4341764615461694,3
13704,0.4341764615461694,3
13705,0.4341764619867743,3
13706,0.43417646242737906,3
13707,0.43417646242737906,3
13708,0.43417646242737906,3
13709,0.43417646242737906,3
13710,0.43417646242737906,3
13711,0.4341764628679839,3
13712,0.4341764628679839,3
13713,0.4341764628679839,3
13714,0.4341764628679839,3
13715,0.4341764628679839,3
13716,0.43417646242737906,3
13717,0.43417646242737906,3
13718,0.43417646242737906,3
13719,0.43417646242737906,3
13720,0.43417646242737906,3
13721,0.43417646242737906,3
13722,0.43417646242737906,3
13723,0.43417646242737906,3
13724,0.43417646242737906,3
13725,0.43417646242737906,3
13726,0.43417646242737906,3
13727,0.43417646242737906,3
13728,0.4341764628679839,3
13729,0.4341764628679839,3
13730,0.4341764628679839,3
13731,0.4341764628679839,3
13732,0.4341764628679839,3
13733,0.43417646242737906,3
13734,0.4341764619867743,3
13735,0.4341764619867743,3
13736,0.4341764619867743,3
13737,0.4341764619867743,3
13738,0.4341764615461694,3
13739,0.4341764619867743,3
13740,0.4341764619867743,3
13741,0.4341764619867743,3
13742,0.4341764619867743,3
13743,0.43417646242737906,3
13744,0.43417646242737906,3
13745,0.43417646242737906,3
13746,0.43417646242737906,3
13747,0.43417646242737906,3
13748,0.43417646242737906,3
13749,0.43417646242737906,3
13750,0.43417646242737906,3
13751,0.43417646242737906,3
13752,0.43417646242737906,3
13753,0.43417646242737906,3
13754,0.43417646242737906,3
13755,0.43417646242737906,3
13756,0.43417646242737906,3
13757,0.43417646242737906,3
13758,0.43417646242737906,3
13759,0.43417646242737906,3
13760,0.43417646242737906,3
13761,0.43417646242737906,3
13762,0.43417646242737906,3
13763,0.43417646242737906,3
13764,0.43417646242737906,3
13765,0.43417646242737906,3
13766,0.43417646242737906,3
13767,0.43417646242737906,3
13768,0.43417646242737906,3
13769,0.43417646242737906,3
13770,0.43417646242737906,3
13771,0.4341764628679839,3
13772,0.4341764628679839,3
13773,0.43417646242737906,3
13774,0.43417646242737906,3
13775,0.43417646242737906,3
13776,0.4341764619867743,3
13777,0.4341764619867743,3
13778,0.43417646242737906,3
13779,0.43417646242737906,3
13780,0.43417646242737906,3
13781,0.43417646242737906,3
13782,0.43417646242737906,3
13783,0.43417646242737906,3
13784,0.43417646242737906,3
13785,0.43417646242737906,3
13786,0.43417646242737906,3
13787,0.43417646242737906,3
13788,0.43417646242737906,3
13789,0.43417646242737906,3
13790,0.43417646242737906,3
13791,0.43417646242737906,3
13792,0.43417646242737906,3
13793,0.43417646242737906,3
13794,0.43417646242737906,3
13795,0.43417646242737906,3
13796,0.43417646242737906,3
13797,0.43417646242737906,3
13798,0.43417646242737906,3
13799,0.43417646242737906,3
13800,0.4341764619867743,3
13801,0.4341764619867743,3
13802,0.4341764619867743,3
13803,0.4341764619867743,3
13804,0.4341764615461694,3
13805,0.4341764619867743,3
13806,0.4341764619867743,3
13807,0.4341764619867743,3
13808,0.4341764619867743,3
13809,0.43417646242737906,3
13810,0.43417646242737906,3
13811,0.43417646242737906,3
13812,0.43417646242737906,3
13813,0.43417646242737906,3
13814,0.43417646242737906,3
13815,0.43417646242737906,3
13816,0.43417646242737906,3
13817,0.43417646242737906,3
13818,0.43417646242737906,3
13819,0.43417646242737906,3
13820,0.4341764619867743,3
13821,0.4341764615461694,3
13822,0.43417646110556457,3
13823,0.4341764606649597,3
13824,0.4341764602243549,3
13825,0.4341764606649597,3
13826,0.43417646110556457,3
13827,0.43417646110556457,3
13828,0.4341764615461694,3
13829,0.4341764619867743,3
13830,0.4341764619867743,3
13831,0.4341764619867743,3
13832,0.43417646242737906,3
13833,0.43417646242737906,3
13834,0.43417646242737906,3
13835,0.43417646242737906,3
13836,0.43417646242737906,3
13837,0.4341764628679839,3
13838,0.4341764628679839,3
13839,0.4341764628679839,3
13840,0.4341764628679839,3
13841,0.4341764628679839,3
13842,0.43417646242737906,3
13843,0.43417646242737906,3
13844,0.43417646242737906,3
13845,0.43417646242737906,3
13846,0.43417646242737906,3
13847,0.4341764619867743,3
13848,0.4341764615461694,3
13849,0.4341764615461694,3
13850,0.4341764615461694,3
13851,0.4341764615461694,3
13852,0.43417646242737906,3
13853,0.4341764633085887,3
13854,0.4341764633085887,3
13855,0.4341764633085887,3
13856,0.4341764633085887,3
13857,0.4341764628679839,3
13858,0.43417646242737906,3
13859,0.43417646242737906,3
13860,0.43417646242737906,3
13861,0.43417646242737906,3
13862,0.43417646242737906,3
13863,0.43417646242737906,3
13864,0.43417646242737906,3
13865,0.43417646242737906,3
13866,0.43417646242737906,3
13867,0.4341764628679839,3
13868,0.4341764628679839,3
13869,0.4341764628679839,3
13870,0.4341764628679839,3
13871,0.4341764628679839,3
13872,0.43417646242737906,3
13873,0.43417646242737906,3
13874,0.43417646242737906,3
13875,0.43417646242737906,3
13876,0.43417646242737906,3
13877,0.43417646242737906,3
13878,0.43417646242737906,3
13879,0.43417646242737906,3
13880,0.43417646242737906,3
13881,0.4341764619867743,3
13882,0.4341764615461694,3
13883,0.43417646110556457,3
13884,0.43417646110556457,3
13885,0.43417646110556457,3
13886,0.4341764615461694,3
13887,0.43417646242737906,3
13888,0.4341764628679839,3
13889,0.4341764628679839,3
13890,0.4341764633085887,3
13891,0.4341764633085887,3
13892,0.4341764628679839,3
13893,0.4341764628679839,3
13894,0.4341764628679839,3
13895,0.43417646242737906,3
13896,0.43417646242737906,3
13897,0.43417646242737906,3
13898,0.43417646242737906,3
13899,0.43417646242737906,3
13900,0.43417646242737906,3
13901,0.4341764628679839,3
13902,0.4341764633085887,3
13903,0.4341764633085887,3
13904,0.4341764633085887,3
13905,0.4341764633085887,3
13906,0.4341764628679839,3
13907,0.43417646242737906,3
13908,0.43417646242737906,3
13909,0.4341764619867743,3
13910,0.4341764619867743,3
13911,0.4341764619867743,3
13912,0.4341764619867743,3
13913,0.4341764619867743,3
13914,0.43417646242737906,3
13915,0.43417646242737906,3
13916,0.43417646242737906,3
13917,0.43417646242737906,3
13918,0.43417646242737906,3
13919,0.43417646242737906,3
13920,0.43417646242737906,3
13921,0.43417646242737906,3
13922,0.4341764619867743,3
13923,0.4341764615461694,3
13924,0.43417646110556457,3
13925,0.4341764606649597,3
13926,0.4341764606649597,3
13927,0.43417646110556457,3
13928,0.4341764615461694,3
13929,0.43417646242737906,3
13930,0.4341764628679839,3
13931,0.4341764628679839,3
13932,0.4341764628679839,3
13933,0.4341764628679839,3
13934,0.43417646242737906,3
13935,0.43417646242737906,3
13936,0.43417646242737906,3
13937,0.43417646242737906,3
13938,0.43417646242737906,3
13939,0.43417646242737906,3
13940,0.43417646242737906,3
13941,0.4341764628679839,3
13942,0.4341764633085887,3
13943,0.4341764633085887,3
13944,0.4341764633085887,3
13945,0.4341764633085887,3
13946,0.4341764628679839,3
13947,0.43417646242737906,3
13948,0.43417646242737906,3
13949,0.43417646242737906,3
13950,0.43417646242737906,3
13951,0.4341764619867743,3
13952,0.4341764615461694,3
13953,0.43417646110556457,3
13954,0.4341764606649597,3
13955,0.4341764606649597,3
13956,0.43417646110556457,3
13957,0.4341764615461694,3
13958,0.4341764619867743,3
13959,0.43417646242737906,3
13960,0.4341764619867743,3
13961,0.4341764619867743,3
13962,0.4341764619867743,3
13963,0.4341764619867743,3
13964,0.4341764619867743,3
13965,0.43417646242737906,3
13966,0.43417646242737906,3
13967,0.43417646242737906,3
13968,0.43417646242737906,3
13969,0.43417646242737906,3
13970,0.43417646242737906,3
13971,0.43417646242737906,3
13972,0.43417646242737906,3
13973,0.43417646242737906,3
13974,0.43417646242737906,3
13975,0.4341764628679839,3
13976,0.4341764628679839,3
13977,0.4341764628679839,3
13978,0.4341764628679839,3
13979,0.4341764628679839,3
13980,0.43417646242737906,3
13981,0.43417646242737906,3
13982,0.43417646242737906,3
13983,0.43417646242737906,3
13984,0.43417646242737906,3
13985,0.43417646242737906,3
13986,0.43417646242737906,3
13987,0.43417646242737906,3
13988,0.43417646242737906,3
13989,0.43417646242737906,3
13990,0.43417646242737906,3
13991,0.43417646242737906,3
13992,0.43417646242737906,3
13993,0.43417646242737906,3
13994,0.43417646242737906,3
13995,0.43417646242737906,3
13996,0.43417646242737906,3
13997,0.43417646242737906,3
13998,0.43417646242737906,3
13999,0.43417646242737906,3
14000,0.43417646242737906,3
14001,0.43417646242737906,3
14002,0.43417646242737906,3
14003,0.43417646242737906,3
14004,0.43417646242737906,3
14005,0.43417646242737906,3
14006,0.43417646242737906,3
14007,0.4341764619867743,3
14008,0.4341764615461694,3
14009,0.4341764615461694,3
14010,0.4341764615461694,3
14011,0.4341764615461694,3
14012,0.4341764619867743,3
14013,0.4341764619867743,3
14014,0.4341764619867743,3
14015,0.4341764619867743,3
14016,0.4341764619867743,3
14017,0.4341764619867743,3
14018,0.43417646242737906,3
14019,0.43417646242737906,3
14020,0.43417646242737906,3
14021,0.43417646242737906,3
14022,0.43417646242737906,3
14023,0.43417646242737906,3
14024,0.43417646242737906,3
14025,0.43417646242737906,3
14026,0.43417646242737906,3
14027,0.43417646242737906,3
14028,0.43417646242737906,3
14029,0.43417646242737906,3
14030,0.43417646242737906,3
14031,0.43417646242737906,3
14032,0.43417646242737906,3
14033,0.43417646242737906,3
14034,0.43417646242737906,3
14035,0.4341764628679839,3
14036,0.4341764628679839,3
14037,0.4341764628679839,3
14038,0.4341764628679839,3
14039,0.4341764628679839,3
14040,0.43417646242737906,3
14041,0.43417646242737906,3
14042,0.43417646242737906,3
14043,0.43417646242737906,3
14044,0.43417646242737906,3
14045,0.43417646242737906,3
14046,0.43417646242737906,3
14047,0.43417646242737906,3
14048,0.43417646242737906,3
14049,0.43417646242737906,3
14050,0.43417646242737906,3
14051,0.43417646242737906,3
14052,0.43417646242737906,3
14053,0.43417646242737906,3
14054,0.43417646242737906,3
14055,0.43417646242737906,3
14056,0.43417646242737906,3
14057,0.43417646242737906,3
14058,0.43417646242737906,3
14059,0.43417646242737906,3
14060,0.43417646242737906,3
14061,0.43417646242737906,3
14062,0.43417646242737906,3
14063,0.43417646242737906,3
14064,0.43417646242737906,3
14065,0.4341764619867743,3
14066,0.4341764615461694,3
14067,0.43417646110556457,3
14068,0.43417646110556457,3
14069,0.43417646110556457,3
14070,0.4341764615461694,3
14071,0.4341764619867743,3
14072,0.43417646242737906,3
14073,0.43417646242737906,3
14074,0.43417646242737906,3
14075,0.43417646242737906,3
14076,0.43417646242737906,3
14077,0.43417646242737906,3
14078,0.43417646242737906,3
14079,0.43417646242737906,3
14080,0.4341764619867743,3
14081,0.4341764619867743,3
14082,0.4341764619867743,3
14083,0.4341764619867743,3
14084,0.4341764619867743,3
14085,0.4341764628679839,3
14086,0.4341764628679839,3
14087,0.43417646242737906,3
14088,0.43417646242737906,3
14089,0.43417646242737906,3
14090,0.43417646242737906,3
14091,0.43417646242737906,3
14092,0.4341764628679839,3
14093,0.4341764628679839,3
14094,0.4341764628679839,3
14095,0.4341764619867743,3
14096,0.43417646110556457,3
14097,0.43417646110556457,3
14098,0.43417646110556457,3
14099,0.43417646110556457,3
14100,0.43417646110556457,3
14101,0.4341764619867743,3
14102,0.4341764615461694,3
14103,0.4341764615461694,3
14104,0.4341764615461694,3
14105,0.4341764619867743,3
14106,0.43417646242737906,3
14107,0.4341764628679839,3
14108,0.4341764628679839,3
14109,0.4341764628679839,3
14110,0.4341764628679839,3
14111,0.43417646242737906,3
14112,0.43417646242737906,3
14113,0.43417646242737906,3
14114,0.43417646242737906,3
14115,0.43417646242737906,3
14116,0.43417646242737906,3
14117,0.43417646242737906,3
14118,0.43417646242737906,3
14119,0.43417646242737906,3
14120,0.43417646242737906,3
14121,0.43417646242737906,3
14122,0.43417646242737906,3
14123,0.43417646242737906,3
14124,0.43417646242737906,3
14125,0.43417646242737906,3
14126,0.43417646242737906,3
14127,0.43417646242737906,3
14128,0.43417646242737906,3
14129,0.43417646242737906,3
14130,0.43417646242737906,3
14131,0.43417646242737906,3
14132,0.4341764628679839,3
14133,0.4341764628679839,3
14134,0.4341764628679839,3
14135,0.4341764628679839,3
14136,0.4341764628679839,3
14137,0.43417646242737906,3
14138,0.43417646242737906,3
14139,0.43417646242737906,3
14140,0.43417646242737906,3
14141,0.4341764628679839,3
14142,0.4341764628679839,3
14143,0.4341764628679839,3
14144,0.4341764628679839,3
14145,0.4341764628679839,3
14146,0.43417646242737906,3
14147,0.4341764628679839,3
14148,0.4341764628679839,3
14149,0.4341764628679839,3
14150,0.4341764628679839,3
14151,0.4341764628679839,3
14152,0.43417646242737906,3
14153,0.43417646242737906,3
14154,0.43417646242737906,3
14155,0.43417646242737906,3
14156,0.4341764628679839,3
14157,0.4341764628679839,3
14158,0.4341764628679839,3
14159,0.4341764628679839,3
14160,0.4341764628679839,3
14161,0.43417646242737906,3
14162,0.43417646242737906,3
14163,0.43417646242737906,3
14164,0.43417646242737906,3
14165,0.43417646242737906,3
14166,0.43417646242737906,3
14167,0.43417646242737906,3
14168,0.43417646242737906,3
14169,0.43417646242737906,3
14170,0.43417646242737906,3
14171,0.43417646242737906,3
14172,0.43417646242737906,3
14173,0.43417646242737906,3
14174,0.43417646242737906,3
14175,0.43417646242737906,3
14176,0.43417646242737906,3
14177,0.43417646242737906,3
14178,0.43417646242737906,3
14179,0.43417646242737906,3
14180,0.43417646242737906,3
14181,0.43417646242737906,3
14182,0.43417646242737906,3
14183,0.43417646242737906,3
14184,0.43417646242737906,3
14185,0.43417646242737906,3
14186,0.43417646242737906,3
14187,0.43417646242737906,3
14188,0.43417646242737906,3
14189,0.43417646242737906,3
14190,0.43417646242737906,3
14191,0.43417646242737906,3
14192,0.43417646242737906,3
14193,0.43417646242737906,3
14194,0.43417646242737906,3
14195,0.43417646242737906,3
14196,0.43417646242737906,3
14197,0.43417646242737906,3
14198,0.43417646242737906,3
14199,0.43417646242737906,3
14200,0.43417646242737906,3
14201,0.4341764619867743,3
14202,0.4341764615461694,3
14203,0.4341764606649597,3
14204,0.4341764602243549,3
14205,0.4341764602243549,3
14206,0.4341764606649597,3
14207,0.43417646110556457,3
14208,0.4341764615461694,3
14209,0.4341764619867743,3
14210,0.4341764619867743,3
14211,0.4341764619867743,3
14212,0.4341764619867743,3
14213,0.43417646242737906,3
14214,0.43417646242737906,3
14215,0.43417646242737906,3
14216,0.43417646242737906,3
14217,0.4341764628679839,3
14218,0.4341764628679839,3
14219,0.4341764628679839,3
14220,0.4341764628679839,3
14221,0.4341764628679839,3
14222,0.43417646242737906,3
14223,0.43417646242737906,3
14224,0.43417646242737906,3
14225,0.43417646242737906,3
14226,0.43417646242737906,3
14227,0.43417646242737906,3
14228,0.43417646242737906,3
14229,0.43417646242737906,3
14230,0.43417646242737906,3
14231,0.4341764619867743,3
14232,0.4341764619867743,3
14233,0.4341764619867743,3
14234,0.4341764619867743,3
14235,0.4341764619867743,3
14236,0.43417646242737906,3
14237,0.43417646242737906,3
14238,0.43417646242737906,3
14239,0.43417646242737906,3
14240,0.43417646242737906,3
14241,0.43417646242737906,3
14242,0.43417646242737906,3
14243,0.43417646242737906,3
14244,0.43417646242737906,3
14245,0.43417646242737906,3
14246,0.43417646242737906,3
14247,0.43417646242737906,3
14248,0.43417646242737906,3
14249,0.43417646242737906,3
14250,0.43417646242737906,3
14251,0.43417646242737906,3
14252,0.43417646242737906,3
14253,0.43417646242737906,3
14254,0.43417646242737906,3
14255,0.43417646242737906,3
14256,0.43417646242737906,3
14257,0.43417646242737906,3
14258,0.4341764628679839,3
14259,0.4341764628679839,3
14260,0.4341764628679839,3
14261,0.4341764628679839,3
14262,0.4341764628679839,3
14263,0.4341764619867743,3
14264,0.4341764615461694,3
14265,0.43417646110556457,3
14266,0.4341764606649597,3
14267,0.4341764606649597,3
14268,0.43417646110556457,3
14269,0.4341764615461694,3
14270,0.4341764619867743,3
14271,0.43417646242737906,3
14272,0.43417646242737906,3
14273,0.4341764628679839,3
14274,0.4341764628679839,3
14275,0.4341764628679839,3
14276,0.4341764628679839,3
14277,0.43417646242737906,3
14278,0.4341764615461694,3
14279,0.4341764615461694,3
14280,0.4341764615461694,3
14281,0.4341764615461694,3
14282,0.43417646242737906,3
14283,0.4341764628679839,3
14284,0.4341764628679839,3
14285,0.4341764628679839,3
14286,0.4341764628679839,3
14287,0.43417646242737906,3
14288,0.43417646242737906,3
14289,0.43417646242737906,3
14290,0.43417646242737906,3
14291,0.43417646242737906,3
14292,0.4341764619867743,3
14293,0.4341764615461694,3
14294,0.43417646110556457,3
14295,0.43417646110556457,3
14296,0.43417646110556457,3
14297,0.4341764615461694,3
14298,0.4341764619867743,3
14299,0.4341764619867743,3
14300,0.4341764615461694,3
14301,0.43417646110556457,3
14302,0.43417646110556457,3
14303,0.4341764606649597,3
14304,0.4341764606649597,3
14305,0.4341764606649597,3
14306,0.43417646110556457,3
14307,0.43417646110556457,3
14308,0.4341764615461694,3
14309,0.4341764619867743,3
14310,0.43417646242737906,3
14311,0.43417646242737906,3
14312,0.43417646242737906,3
14313,0.43417646242737906,3
14314,0.43417646242737906,3
14315,0.43417646242737906,3
14316,0.43417646242737906,3
14317,0.43417646242737906,3
14318,0.43417646242737906,3
14319,0.4341764628679839,3
14320,0.4341764628679839,3
14321,0.4341764628679839,3
14322,0.4341764628679839,3
14323,0.4341764633085887,3
14324,0.4341764633085887,3
14325,0.4341764633085887,3
14326,0.4341764633085887,3
14327,0.4341764633085887,3
14328,0.4341764633085887,3
14329,0.4341764628679839,3
14330,0.4341764628679839,3
14331,0.4341764628679839,3
14332,0.4341764628679839,3
14333,0.43417646242737906,3
14334,0.43417646242737906,3
14335,0.43417646242737906,3
14336,0.43417646242737906,3
14337,0.43417646242737906,3
14338,0.43417646242737906,3
14339,0.43417646242737906,3
14340,0.43417646242737906,3
14341,0.43417646242737906,3
14342,0.43417646242737906,3
14343,0.43417646242737906,3
14344,0.43417646242737906,3
14345,0.43417646242737906,3
14346,0.43417646242737906,3
14347,0.43417646242737906,3
14348,0.43417646242737906,3
14349,0.43417646242737906,3
14350,0.43417646242737906,3
14351,0.4341764619867743,3
14352,0.4341764619867743,3
14353,0.4341764619867743,3
14354,0.4341764619867743,3
14355,0.4341764619867743,3
14356,0.43417646242737906,3
14357,0.43417646242737906,3
14358,0.43417646242737906,3
14359,0.43417646242737906,3
14360,0.43417646242737906,3
14361,0.43417646242737906,3
14362,0.43417646242737906,3
14363,0.43417646242737906,3
14364,0.43417646242737906,3
14365,0.4341764628679839,3
14366,0.4341764628679839,3
14367,0.4341764628679839,3
14368,0.4341764628679839,3
14369,0.4341764628679839,3
14370,0.43417646242737906,3
14371,0.43417646242737906,3
14372,0.43417646242737906,3
14373,0.43417646242737906,3
14374,0.43417646242737906,3
14375,0.43417646242737906,3
14376,0.4341764619867743,3
14377,0.4341764619867743,3
14378,0.4341764619867743,3
14379,0.4341764619867743,3
14380,0.4341764619867743,3
14381,0.4341764619867743,3
14382,0.4341764619867743,3
14383,0.4341764619867743,3
14384,0.4341764619867743,3
14385,0.4341764619867743,3
14386,0.43417646242737906,3
14387,0.43417646242737906,3
14388,0.43417646242737906,3
14389,0.43417646242737906,3
14390,0.43417646242737906,3
14391,0.43417646242737906,3
14392,0.43417646242737906,3
14393,0.4341764619867743,3
14394,0.4341764619867743,3
14395,0.4341764619867743,3
14396,0.4341764619867743,3
14397,0.4341764619867743,3
14398,0.4341764619867743,3
14399,0.43417646242737906,3
14400,0.4341764602243549,3
