Minute,Forecast_SM
1,0.43434247
2,0.4341275
3,0.4335004
4,0.4331704
5,0.43261427
6,0.43232876
7,0.4324916
8,0.43219465
9,0.43208224
10,0.43207574
11,0.43275183
12,0.43312138
13,0.43357903
14,0.43405133
15,0.4344532
16,0.43466693
17,0.43462536
18,0.4348725
19,0.43506247
20,0.43526936
21,0.43544766
22,0.4352364
23,0.4346815
24,0.4342523
25,0.4335607
26,0.43338364
27,0.43305385
28,0.4329541
29,0.4327728
30,0.43294835
31,0.43635333
32,0.4362122
33,0.4357576
34,0.43605956
35,0.43615988
36,0.4363968
37,0.43648183
38,0.43648437
39,0.4362978
40,0.43596974
41,0.43497616
42,0.4349481
43,0.4350163
44,0.4347447
45,0.43401352
46,0.4333364
47,0.43300295
48,0.4326325
49,0.43249664
50,0.4324522
51,0.43290764
52,0.43247405
53,0.43238196
54,0.4323136
55,0.43249482
56,0.43275478
57,0.4328584
58,0.43313575
59,0.43335688
60,0.4333345
61,0.4345181
62,0.4341572
63,0.43377754
64,0.43366933
65,0.43348777
66,0.43329573
67,0.43344516
68,0.43338498
69,0.43317124
70,0.43292838
71,0.4337342
72,0.43358526
73,0.43328705
74,0.4334227
75,0.43338543
76,0.4332708
77,0.4330828
78,0.4329676
79,0.4332548
80,0.4331998
81,0.43450642
82,0.43441412
83,0.43440026
84,0.43434036
85,0.43414757
86,0.43361932
87,0.43332824
88,0.43284607
89,0.43230507
90,0.43192115
91,0.43344036
92,0.4324495
93,0.43198422
94,0.43155503
95,0.4315929
96,0.431601
97,0.43182662
98,0.43199837
99,0.43224344
100,0.43234408
101,0.43352783
102,0.43335953
103,0.4333095
104,0.4333993
105,0.4332209
106,0.4330961
107,0.4329369
108,0.43276465
109,0.4326779
110,0.43233237
111,0.43216
112,0.4317814
113,0.43185827
114,0.43173003
115,0.43184525
116,0.43160006
117,0.43155715
118,0.43125457
119,0.43135244
120,0.4310552
121,0.43337902
122,0.43269873
123,0.43255603
124,0.4323577
125,0.43221
126,0.43169308
127,0.43195033
128,0.43167186
129,0.43164924
130,0.43155298
131,0.43208662
132,0.43172508
133,0.431792
134,0.43179473
135,0.43207604
136,0.43206263
137,0.43208143
138,0.43211874
139,0.43238822
140,0.43239498
141,0.43354768
142,0.43296763
143,0.4326519
144,0.4324798
145,0.4322432
146,0.4320199
147,0.4322285
148,0.43221906
149,0.43208376
150,0.43173134
151,0.4342415
152,0.43358326
153,0.4333673
154,0.43330196
155,0.4333689
156,0.4331121
157,0.43286657
158,0.43251613
159,0.43241107
160,0.43196762
161,0.43231705
162,0.4322733
163,0.4325876
164,0.43261412
165,0.432615
166,0.432302
167,0.43250856
168,0.4323064
169,0.43244952
170,0.4324128
171,0.43341112
172,0.43222964
173,0.43215436
174,0.4318024
175,0.43201458
176,0.4317567
177,0.43182805
178,0.4317984
179,0.4319085
180,0.4320841
181,0.43251508
182,0.43246922
183,0.43231952
184,0.43232253
185,0.4323321
186,0.43248245
187,0.4327044
188,0.4327382
189,0.43273407
190,0.4324463
191,0.43453386
192,0.43393567
193,0.43373317
194,0.43380654
195,0.43381524
196,0.43333617
197,0.43333468
198,0.4331108
199,0.43317938
200,0.4330184
201,0.43307275
202,0.4333541
203,0.43380654
204,0.4336117
205,0.4337633
206,0.43363696
207,0.43417615
208,0.43418244
209,0.43432128
210,0.4343022
211,0.43508396
212,0.43432465
213,0.43387365
214,0.4334818
215,0.43267232
216,0.42865494
217,0.4267471
218,0.4241343
219,0.42433617
220,0.4259848
221,0.42558926
222,0.424052
223,0.42377448
224,0.4230389
225,0.4242153
226,0.42344433
227,0.42460394
228,0.42615047
229,0.42389336
230,0.42219558
231,0.4227164
232,0.4223099
233,0.42322174
234,0.4218416
235,0.4223975
236,0.42392802
237,0.42185423
238,0.42075643
239,0.42042285
240,0.4196214
241,0.42154184
242,0.4183426
243,0.41590142
244,0.40893444
245,0.40557054
246,0.4011479
247,0.39927322
248,0.39808628
249,0.39928228
250,0.3965367
251,0.39947882
252,0.39792168
253,0.39597625
254,0.39628816
255,0.39550155
256,0.39654183
257,0.39801952
258,0.39513296
259,0.3966404
260,0.3973671
261,0.39560753
262,0.3953815
263,0.3953716
264,0.39722598
265,0.39777598
266,0.39456618
267,0.39610472
268,0.39671764
269,0.39505056
270,0.39474136
271,0.39822155
272,0.39630088
273,0.39607495
274,0.39395168
275,0.39417255
276,0.39314997
277,0.3937478
278,0.3939031
279,0.39379424
280,0.39323944
281,0.39435038
282,0.39393383
283,0.39385617
284,0.39362794
285,0.39362004
286,0.39450392
287,0.39409027
288,0.39438707
289,0.3946948
290,0.394063
291,0.39461324
292,0.39483333
293,0.3952681
294,0.39513046
295,0.39517027
296,0.39539412
297,0.39467785
298,0.3942724
299,0.39487404
300,0.3944138
301,0.39427286
302,0.39453632
303,0.3946468
304,0.3950638
305,0.39460132
306,0.3946645
307,0.39470935
308,0.39462367
309,0.39478898
310,0.39478153
311,0.3942171
312,0.3947769
313,0.39467812
314,0.39480558
315,0.39468813
316,0.39502525
317,0.3953002
318,0.39543527
319,0.39556476
320,0.39533356
321,0.39531305
322,0.3959237
323,0.39553684
324,0.39548707
325,0.3952843
326,0.3953032
327,0.39515465
328,0.3954411
329,0.39540395
330,0.39513323
331,0.39483315
332,0.39533502
333,0.39577603
334,0.3958011
335,0.3960024
336,0.39657855
337,0.39611694
338,0.39620438
339,0.39634156
340,0.39617413
341,0.39620042
342,0.39669406
343,0.39678463
344,0.3971331
345,0.39672425
346,0.39705
347,0.3966324
348,0.39651507
349,0.39679825
350,0.39666018
351,0.39581227
352,0.39660993
353,0.3963964
354,0.39628074
355,0.39569154
356,0.39586428
357,0.39578944
358,0.39603937
359,0.39600843
360,0.39629444
361,0.3961592
362,0.3967158
363,0.39635903
364,0.39676577
365,0.39680684
366,0.39716396
367,0.39703023
368,0.3974265
369,0.3973926
370,0.39739344
371,0.39688325
372,0.397866
373,0.39834327
374,0.3982516
375,0.39805168
376,0.398484
377,0.39801913
378,0.3980741
379,0.3980505
380,0.39791203
381,0.39740276
382,0.3978023
383,0.39780128
384,0.3981907
385,0.397858
386,0.3980388
387,0.39773497
388,0.3982136
389,0.3985571
390,0.39892656
391,0.3984834
392,0.39923665
393,0.399159
394,0.39936277
395,0.39891136
396,0.399398
397,0.39965177
398,0.40006638
399,0.4001162
400,0.40067926
401,0.40044722
402,0.40092182
403,0.40062344
404,0.40112314
405,0.4012197
406,0.4012791
407,0.4010367
408,0.4013279
409,0.40111482
410,0.40132236
411,0.4008961
412,0.40153262
413,0.40177155
414,0.40181094
415,0.40194947
416,0.40259755
417,0.40224984
418,0.40244356
419,0.40216318
420,0.40219402
421,0.40158197
422,0.40171993
423,0.4015599
424,0.40172738
425,0.40133575
426,0.40151906
427,0.40143463
428,0.4018756
429,0.4022345
430,0.40237358
431,0.40216914
432,0.40254298
433,0.4023058
434,0.4024305
435,0.40198898
436,0.40189672
437,0.40160605
438,0.40124252
439,0.4010916
440,0.40163112
441,0.40101814
442,0.40146124
443,0.40146017
444,0.40162805
445,0.40124652
446,0.4006866
447,0.39996508
448,0.39985988
449,0.39864334
450,0.39876828
451,0.39878216
452,0.39873517
453,0.3973212
454,0.39617392
455,0.39581594
456,0.3963162
457,0.39565986
458,0.395915
459,0.39589265
460,0.3959158
461,0.3947774
462,0.39414176
463,0.3934077
464,0.39280435
465,0.3919184
466,0.3914844
467,0.39078686
468,0.39069623
469,0.38989827
470,0.38916317
471,0.38814092
472,0.38781965
473,0.3867012
474,0.38597962
475,0.38541457
476,0.3850443
477,0.3840139
478,0.38326517
479,0.38246143
480,0.38170898
481,0.38038865
482,0.37984863
483,0.3795028
484,0.3794318
485,0.378561
486,0.37823838
487,0.37769654
488,0.37758112
489,0.3767248
490,0.37663022
491,0.37631822
492,0.37618837
493,0.37434894
494,0.37398443
495,0.37351987
496,0.3735087
497,0.37253106
498,0.37198588
499,0.37119308
500,0.37117982
501,0.37042925
502,0.37022397
503,0.36947381
504,0.36927328
505,0.36780506
506,0.36731926
507,0.36621377
508,0.36662468
509,0.36592668
510,0.3660225
511,0.3647925
512,0.36460575
513,0.36344644
514,0.36293253
515,0.36260065
516,0.3632261
517,0.36317417
518,0.36354396
519,0.36275136
520,0.36292672
521,0.36203995
522,0.36148903
523,0.36078945
524,0.36148828
525,0.36086032
526,0.36174777
527,0.36147043
528,0.36149937
529,0.36081386
530,0.36067006
531,0.3602036
532,0.36100158
533,0.3599548
534,0.36023697
535,0.36024478
536,0.36061656
537,0.3606457
538,0.36126146
539,0.36140093
540,0.36268592
541,0.3625328
542,0.36330688
543,0.3633866
544,0.3635859
545,0.36290443
546,0.3621366
547,0.36211362
548,0.36310646
549,0.3636475
550,0.36522335
551,0.36585826
552,0.36624664
553,0.3663111
554,0.3664024
555,0.3671924
556,0.36801526
557,0.36835906
558,0.36950472
559,0.36945313
560,0.36927298
561,0.36912057
562,0.36882365
563,0.36993548
564,0.37135842
565,0.3744072
566,0.37669957
567,0.37740687
568,0.37795064
569,0.37717596
570,0.37675527
571,0.37662646
572,0.3762509
573,0.37567198
574,0.3754002
575,0.3755454
576,0.37569222
577,0.37564903
578,0.3758272
579,0.37602574
580,0.3762126
581,0.37638265
582,0.376196
583,0.37622327
584,0.37646213
585,0.37616768
586,0.37634018
587,0.37637413
588,0.37625116
589,0.37638897
590,0.37626025
591,0.3761943
592,0.37636122
593,0.37618765
594,0.37646013
595,0.37648147
596,0.37628838
597,0.37638623
598,0.37624505
599,0.3760665
600,0.3760905
601,0.37604955
602,0.3759575
603,0.3759783
604,0.37594718
605,0.37600088
606,0.376002
607,0.37624726
608,0.37641492
609,0.3762719
610,0.37619033
611,0.37630907
612,0.37627533
613,0.37619796
614,0.3759526
615,0.37593126
616,0.37599346
617,0.37581995
618,0.37579173
619,0.37591535
620,0.37598586
621,0.37608021
622,0.3759464
623,0.37582067
624,0.37570593
625,0.3755365
626,0.3754796
627,0.3755024
628,0.37564617
629,0.37565732
630,0.37543285
631,0.37550476
632,0.37550727
633,0.37528577
634,0.37534136
635,0.37550965
636,0.37560356
637,0.37556493
638,0.3754747
639,0.3755365
640,0.3753534
641,0.37507397
642,0.3751423
643,0.37516284
644,0.3751533
645,0.37509435
646,0.37495795
647,0.37503734
648,0.37499288
649,0.37475455
650,0.37454516
651,0.37458912
652,0.37461433
653,0.37448326
654,0.3743588
655,0.37442222
656,0.37434494
657,0.37407196
658,0.37396917
659,0.3739651
660,0.37391305
661,0.37385628
662,0.37381083
663,0.37382078
664,0.37374374
665,0.37361163
666,0.37350905
667,0.37341043
668,0.37333238
669,0.37313554
670,0.37291336
671,0.3729646
672,0.37288275
673,0.37250632
674,0.37239006
675,0.3722719
676,0.37221316
677,0.3720949
678,0.37203434
679,0.37219512
680,0.37207565
681,0.37175202
682,0.3717133
683,0.37165135
684,0.3715276
685,0.37134156
686,0.3711335
687,0.37122372
688,0.3712342
689,0.37102622
690,0.3709746
691,0.37092647
692,0.37090266
693,0.37071076
694,0.37056077
695,0.37075853
696,0.37067798
697,0.37034532
698,0.37025964
699,0.37014145
700,0.37010026
701,0.3699822
702,0.3698068
703,0.3697821
704,0.3697298
705,0.36963248
706,0.36980549
707,0.3697599
708,0.36981148
709,0.36968255
710,0.36950922
711,0.369616
712,0.3697295
713,0.3695453
714,0.36963102
715,0.3696076
716,0.36962298
717,0.36945117
718,0.36938474
719,0.36954772
720,0.36955363
721,0.3693487
722,0.3695137
723,0.36948842
724,0.3695485
725,0.3693927
726,0.36942098
727,0.369764
728,0.36998108
729,0.36994728
730,0.37022406
731,0.37035024
732,0.37047976
733,0.37040386
734,0.37045884
735,0.3707303
736,0.37075812
737,0.370573
738,0.3707719
739,0.37091154
740,0.37108907
741,0.37117228
742,0.3714065
743,0.37170333
744,0.37193474
745,0.3720762
746,0.3724502
747,0.37264577
748,0.37275532
749,0.3727091
750,0.37282237
751,0.37313223
752,0.37337184
753,0.37340325
754,0.37380537
755,0.3741205
756,0.3743844
757,0.3745573
758,0.37490898
759,0.37534305
760,0.37550688
761,0.37555638
762,0.37600914
763,0.37632203
764,0.3765165
765,0.37651372
766,0.37671766
767,0.37704265
768,0.37723377
769,0.37745643
770,0.377902
771,0.3782201
772,0.37844345
773,0.3785405
774,0.37876996
775,0.37899333
776,0.37904057
777,0.37909448
778,0.37932312
779,0.37952197
780,0.37972328
781,0.37983936
782,0.3799647
783,0.38001052
784,0.38001218
785,0.38016725
786,0.38033995
787,0.3805312
788,0.3806627
789,0.3807027
790,0.38077933
791,0.38079354
792,0.38074726
793,0.38073403
794,0.38077614
795,0.3808981
796,0.38094407
797,0.38096392
798,0.38102546
799,0.38102707
800,0.38094422
801,0.38092417
802,0.38097322
803,0.38107878
804,0.38112414
805,0.3811627
806,0.3811626
807,0.3811335
808,0.3810745
809,0.38103363
810,0.38102746
811,0.3811031
812,0.38115555
813,0.381203
814,0.3812494
815,0.38126668
816,0.3811637
817,0.38110414
818,0.38107193
819,0.38109684
820,0.38109368
821,0.38111272
822,0.3810632
823,0.3809858
824,0.38091585
825,0.38087907
826,0.38090387
827,0.380965
828,0.38096482
829,0.38098162
830,0.38099843
831,0.38099602
832,0.38093182
833,0.38091347
834,0.38091066
835,0.38093475
836,0.3808805
837,0.38081953
838,0.38079602
839,0.38077053
840,0.38070863
841,0.38066253
842,0.38070083
843,0.3807311
844,0.3807307
845,0.3807206
846,0.38068908
847,0.3806661
848,0.38056627
849,0.38048458
850,0.38050002
851,0.38050938
852,0.38047522
853,0.3804811
854,0.3805031
855,0.38048616
856,0.38046783
857,0.38041914
858,0.38040218
859,0.38040197
860,0.3803499
861,0.38033527
862,0.38035122
863,0.38030827
864,0.3802724
865,0.38024434
866,0.38027665
867,0.38032728
868,0.3803112
869,0.3803161
870,0.38032275
871,0.3802922
872,0.38021246
873,0.38012055
874,0.38011056
875,0.38009018
876,0.38007113
877,0.38013637
878,0.3802184
879,0.38026637
880,0.38029462
881,0.3802889
882,0.38030484
883,0.38030824
884,0.3802572
885,0.38023382
886,0.38019875
887,0.3801859
888,0.3802158
889,0.38021335
890,0.3802754
891,0.38034818
892,0.3803906
893,0.38044283
894,0.38045466
895,0.3804886
896,0.38044327
897,0.3803621
898,0.38035706
899,0.38030872
900,0.38029125
901,0.3803029
902,0.38029474
903,0.38031226
904,0.3803183
905,0.38032168
906,0.3803606
907,0.3803826
908,0.38038072
909,0.38038456
910,0.38038993
911,0.38039848
912,0.38036847
913,0.38034686
914,0.3803854
915,0.38039473
916,0.38038325
917,0.38037246
918,0.38036513
919,0.38039118
920,0.38038307
921,0.38038328
922,0.38042057
923,0.38043252
924,0.38044167
925,0.380429
926,0.38041607
927,0.38043153
928,0.38040793
929,0.38038594
930,0.3804244
931,0.3804527
932,0.38046628
933,0.3804781
934,0.38048577
935,0.38049978
936,0.38048127
937,0.38047773
938,0.38051295
939,0.380515
940,0.38049695
941,0.38049284
942,0.38049626
943,0.38050848
944,0.3804911
945,0.38048398
946,0.3805243
947,0.38053688
948,0.38053125
949,0.38053802
950,0.3805573
951,0.38057593
952,0.38053718
953,0.3805214
954,0.3805656
955,0.3805886
956,0.38058627
957,0.38059124
958,0.38060975
959,0.3806253
960,0.3806028
961,0.38060108
962,0.38063082
963,0.3806258
964,0.3806236
965,0.38062957
966,0.38063493
967,0.3806481
968,0.38062823
969,0.38062
970,0.3806422
971,0.38064876
972,0.3806504
973,0.38065308
974,0.3806668
975,0.38067538
976,0.38065657
977,0.38066167
978,0.3806912
979,0.38068414
980,0.38067067
981,0.38067394
982,0.38068715
983,0.3806992
984,0.38068143
985,0.38067386
986,0.380683
987,0.3806672
988,0.38065752
989,0.38066608
990,0.3806806
991,0.38070586
992,0.38069087
993,0.38067836
994,0.3807067
995,0.380704
996,0.38068685
997,0.38067943
998,0.3806666
999,0.38066638
1000,0.38065287
1001,0.38065842
1002,0.38067362
1003,0.38066474
1004,0.38065836
1005,0.38065726
1006,0.3806638
1007,0.38068378
1008,0.3806774
1009,0.380679
1010,0.38068497
1011,0.38067216
1012,0.380666
1013,0.38066024
1014,0.38064837
1015,0.38064504
1016,0.38062617
1017,0.38063937
1018,0.380667
1019,0.38066807
1020,0.3806605
1021,0.38065502
1022,0.38064778
1023,0.38064608
1024,0.3806336
1025,0.38064095
1026,0.38064525
1027,0.38063446
1028,0.380621
1029,0.38061208
1030,0.38061535
1031,0.3806194
1032,0.38060048
1033,0.38060603
1034,0.38062635
1035,0.38063255
1036,0.38062447
1037,0.38060912
1038,0.38060024
1039,0.38059202
1040,0.3805685
1041,0.38057652
1042,0.38058972
1043,0.3805857
1044,0.38057503
1045,0.38056478
1046,0.38056242
1047,0.3805541
1048,0.38053358
1049,0.38053483
1050,0.380541
1051,0.38053623
1052,0.38052288
1053,0.38051477
1054,0.38051704
1055,0.3805079
1056,0.38049287
1057,0.3805144
1058,0.38053477
1059,0.38052925
1060,0.38051206
1061,0.38049173
1062,0.38048056
1063,0.38046175
1064,0.38044032
1065,0.38044655
1066,0.38045156
1067,0.3804479
1068,0.38044277
1069,0.38044012
1070,0.38044965
1071,0.38044786
1072,0.38043183
1073,0.38043708
1074,0.38045254
1075,0.38045377
1076,0.3804412
1077,0.38042518
1078,0.3804151
1079,0.38040215
1080,0.38039505
1081,0.38041472
1082,0.38043806
1083,0.380443
1084,0.38044563
1085,0.38044333
1086,0.38044062
1087,0.38043144
1088,0.3804216
1089,0.38043088
1090,0.3804367
1091,0.3804384
1092,0.38044307
1093,0.3804458
1094,0.38044983
1095,0.3804369
1096,0.38043487
1097,0.3804516
1098,0.38046512
1099,0.38047355
1100,0.38047764
1101,0.38047612
1102,0.3804749
1103,0.38046744
1104,0.3804636
1105,0.38047194
1106,0.38048115
1107,0.38048565
1108,0.38048714
1109,0.380489
1110,0.38049188
1111,0.38048634
1112,0.3804822
1113,0.3804825
1114,0.38049462
1115,0.38050458
1116,0.38050437
1117,0.38050932
1118,0.38050792
1119,0.38049793
1120,0.38049465
1121,0.3804956
1122,0.3805001
1123,0.38050306
1124,0.38050342
1125,0.38050967
1126,0.38051334
1127,0.38051093
1128,0.3805098
1129,0.38051322
1130,0.380522
1131,0.38052368
1132,0.38052252
1133,0.38052765
1134,0.38052794
1135,0.38052273
1136,0.38051587
1137,0.38051945
1138,0.38053206
1139,0.38053274
1140,0.3805295
1141,0.38053757
1142,0.38053983
1143,0.38053533
1144,0.38053295
1145,0.38053545
1146,0.3805423
1147,0.3805424
1148,0.38053715
1149,0.38053742
1150,0.38053802
1151,0.38053453
1152,0.38052738
1153,0.38053238
1154,0.38054374
1155,0.38054588
1156,0.38054848
1157,0.38055682
1158,0.38055983
1159,0.3805577
1160,0.3805526
1161,0.38055184
1162,0.38055542
1163,0.38055018
1164,0.3805435
1165,0.3805459
1166,0.38054258
1167,0.3805391
1168,0.38054046
1169,0.3805492
1170,0.3805608
1171,0.38055933
1172,0.38055477
1173,0.38055536
1174,0.38055268
1175,0.38054466
1176,0.38053715
1177,0.38053998
1178,0.38054353
1179,0.3805424
1180,0.3805451
1181,0.38055015
1182,0.38055247
1183,0.38055193
1184,0.3805477
1185,0.38054672
1186,0.38055018
1187,0.3805428
1188,0.38053516
1189,0.3805349
1190,0.38053086
1191,0.3805312
1192,0.3805333
1193,0.38053825
1194,0.38054764
1195,0.38054508
1196,0.38054267
1197,0.38054204
1198,0.38053417
1199,0.3805287
1200,0.38052428
1201,0.38052452
1202,0.380527
1203,0.38052633
1204,0.38053143
1205,0.38053617
1206,0.38053766
1207,0.38053954
1208,0.38053715
1209,0.38053742
1210,0.38053894
1211,0.38053185
1212,0.38052657
1213,0.38052523
1214,0.38052318
1215,0.38052386
1216,0.3805233
1217,0.38052937
1218,0.38053817
1219,0.38053533
1220,0.38053566
1221,0.38053748
1222,0.38053507
1223,0.38053244
1224,0.38052598
1225,0.380527
1226,0.3805291
1227,0.3805251
1228,0.38052428
1229,0.38052276
1230,0.38052273
1231,0.38052276
1232,0.38052106
1233,0.38052642
1234,0.38053104
1235,0.3805272
1236,0.3805257
1237,0.38052645
1238,0.3805254
1239,0.38052386
1240,0.38052037
1241,0.38052204
1242,0.3805223
1243,0.38051775
1244,0.38051933
1245,0.38052064
1246,0.38052016
1247,0.38051924
1248,0.3805165
1249,0.380522
1250,0.38052678
1251,0.38052213
1252,0.38051933
1253,0.38051867
1254,0.38051742
1255,0.38051522
1256,0.38051313
1257,0.38051838
1258,0.38052154
1259,0.38051796
1260,0.38051793
1261,0.38052016
1262,0.38052085
1263,0.38051853
1264,0.38051447
1265,0.38051644
1266,0.3805181
1267,0.38051516
1268,0.3805151
1269,0.38051522
1270,0.38051468
1271,0.38051438
1272,0.38051343
1273,0.38051888
1274,0.38052124
1275,0.3805166
1276,0.38051623
1277,0.3805164
1278,0.38051537
1279,0.38051492
1280,0.38051504
1281,0.38051873
1282,0.38051933
1283,0.38051692
1284,0.3805185
1285,0.38052
1286,0.38051948
1287,0.3805178
1288,0.380517
1289,0.3805206
1290,0.38052133
1291,0.3805182
1292,0.38051713
1293,0.3805166
1294,0.3805178
1295,0.38051844
1296,0.38051888
1297,0.3805236
1298,0.38052392
1299,0.38052005
1300,0.3805197
1301,0.38051948
1302,0.38051972
1303,0.38052025
1304,0.38052094
1305,0.3805243
1306,0.38052565
1307,0.3805246
1308,0.38052437
1309,0.3805227
1310,0.38052106
1311,0.38052
1312,0.38052088
1313,0.38052484
1314,0.38052523
1315,0.38052228
1316,0.38052118
1317,0.38052043
1318,0.38052163
1319,0.38052306
1320,0.3805255
1321,0.38053045
1322,0.38052937
1323,0.380526
1324,0.38052636
1325,0.38052452
1326,0.38052312
1327,0.38052166
1328,0.38052097
1329,0.38052562
1330,0.38052782
1331,0.3805268
1332,0.38052693
1333,0.3805264
1334,0.38052663
1335,0.38052616
1336,0.3805276
1337,0.3805322
1338,0.38053206
1339,0.380529
1340,0.38052702
1341,0.38052553
1342,0.38052577
1343,0.3805253
1344,0.38052627
1345,0.3805306
1346,0.38053206
1347,0.38053218
1348,0.3805327
1349,0.38053215
1350,0.38053146
1351,0.38052934
1352,0.3805295
1353,0.38053277
1354,0.38053313
1355,0.38053137
1356,0.38053045
1357,0.3805304
1358,0.38053045
1359,0.3805301
1360,0.3805321
1361,0.38053608
1362,0.38053617
1363,0.38053435
1364,0.3805336
1365,0.3805328
1366,0.3805317
1367,0.38052946
1368,0.38053006
1369,0.38053367
1370,0.38053495
1371,0.38053456
1372,0.38053408
1373,0.38053417
1374,0.3805332
1375,0.38053125
1376,0.38053188
1377,0.38053375
1378,0.3805333
1379,0.38053182
1380,0.38053122
1381,0.3805314
1382,0.3805311
1383,0.38053086
1384,0.38053253
1385,0.3805346
1386,0.3805346
1387,0.38053405
1388,0.38053283
1389,0.38053077
1390,0.3805283
1391,0.38052619
1392,0.38052666
1393,0.38052887
1394,0.38052976
1395,0.38052976
1396,0.38053003
1397,0.3805305
1398,0.38052952
1399,0.38052836
1400,0.3805295
1401,0.38053033
1402,0.3805293
1403,0.38052797
1404,0.3805274
1405,0.38052732
1406,0.38052636
1407,0.38052553
1408,0.38052675
1409,0.38052866
1410,0.38052905
1411,0.38052866
1412,0.38052827
1413,0.38052753
1414,0.38052633
1415,0.38052502
1416,0.3805254
1417,0.38052678
1418,0.38052717
1419,0.38052684
1420,0.38052678
1421,0.3805268
1422,0.38052595
1423,0.38052577
1424,0.3805266
1425,0.38052702
1426,0.38052753
1427,0.38052687
1428,0.3805264
1429,0.38052693
1430,0.38052619
1431,0.38052532
1432,0.38052624
1433,0.38052714
1434,0.38052687
1435,0.38052586
1436,0.38052568
1437,0.380526
1438,0.3805252
1439,0.38052467
1440,0.3805254
1441,0.38052675
1442,0.380527
1443,0.3805256
1444,0.3805257
1445,0.38052598
1446,0.380525
1447,0.3805248
1448,0.38052502
1449,0.38052607
1450,0.38052657
1451,0.38052508
1452,0.3805249
1453,0.3805257
1454,0.38052514
1455,0.38052487
1456,0.3805255
1457,0.3805264
1458,0.38052645
1459,0.38052553
1460,0.38052565
1461,0.38052583
1462,0.3805251
1463,0.3805249
1464,0.3805255
1465,0.3805264
1466,0.38052604
1467,0.38052487
1468,0.3805253
1469,0.38052553
1470,0.38052532
1471,0.38052598
1472,0.38052657
1473,0.38052756
1474,0.38052726
1475,0.38052577
1476,0.38052586
1477,0.38052577
1478,0.38052455
1479,0.38052428
1480,0.38052514
1481,0.38052663
1482,0.38052717
1483,0.380527
1484,0.38052756
1485,0.3805277
1486,0.38052723
1487,0.38052717
1488,0.38052726
1489,0.38052744
1490,0.38052648
1491,0.38052508
1492,0.38052532
1493,0.38052568
1494,0.38052586
1495,0.3805268
1496,0.3805276
1497,0.3805287
1498,0.38052875
1499,0.380528
1500,0.38052812
1501,0.38052702
1502,0.38052577
1503,0.38052577
1504,0.3805262
1505,0.38052717
1506,0.3805274
1507,0.3805272
1508,0.38052776
1509,0.380528
1510,0.38052773
1511,0.38052782
1512,0.38052797
1513,0.38052803
1514,0.3805271
1515,0.38052598
1516,0.38052654
1517,0.38052663
1518,0.38052645
1519,0.3805271
1520,0.3805277
1521,0.38052872
1522,0.3805286
1523,0.38052773
1524,0.38052776
1525,0.38052702
1526,0.38052654
1527,0.38052663
1528,0.38052684
1529,0.38052782
1530,0.38052773
1531,0.38052714
1532,0.38052762
1533,0.38052782
1534,0.38052794
1535,0.380528
1536,0.38052803
1537,0.3805284
1538,0.38052773
1539,0.38052693
1540,0.3805272
1541,0.3805271
1542,0.3805268
1543,0.3805272
1544,0.3805279
1545,0.38052878
1546,0.3805284
1547,0.38052776
1548,0.380528
1549,0.38052776
1550,0.38052776
1551,0.3805279
1552,0.3805282
1553,0.38052872
1554,0.3805277
1555,0.38052687
1556,0.38052732
1557,0.38052732
1558,0.38052726
1559,0.38052738
1560,0.3805279
1561,0.38052872
1562,0.3805284
1563,0.3805279
1564,0.38052803
1565,0.38052765
1566,0.38052732
1567,0.3805274
1568,0.3805278
1569,0.38052827
1570,0.38052765
1571,0.38052702
1572,0.38052717
1573,0.38052735
1574,0.38052773
1575,0.3805279
1576,0.3805283
1577,0.38052857
1578,0.38052762
1579,0.3805272
1580,0.38052738
1581,0.38052693
1582,0.38052684
1583,0.38052714
1584,0.3805277
1585,0.38052833
1586,0.38052788
1587,0.3805275
1588,0.38052756
1589,0.38052717
1590,0.380527
1591,0.3805272
1592,0.38052756
1593,0.38052776
1594,0.38052705
1595,0.38052663
1596,0.38052696
1597,0.380527
1598,0.38052717
1599,0.3805274
1600,0.38052782
1601,0.38052803
1602,0.38052735
1603,0.380527
1604,0.38052684
1605,0.3805264
1606,0.38052654
1607,0.38052684
1608,0.3805274
1609,0.3805279
1610,0.38052744
1611,0.3805271
1612,0.38052705
1613,0.38052678
1614,0.3805268
1615,0.38052702
1616,0.38052735
1617,0.38052744
1618,0.38052693
1619,0.38052675
1620,0.38052684
1621,0.38052672
1622,0.38052672
1623,0.38052696
1624,0.38052753
1625,0.38052776
1626,0.3805272
1627,0.38052687
1628,0.38052666
1629,0.3805264
1630,0.38052645
1631,0.38052672
1632,0.38052738
1633,0.38052773
1634,0.38052723
1635,0.38052687
1636,0.38052687
1637,0.38052675
1638,0.38052663
1639,0.3805266
1640,0.38052693
1641,0.3805271
1642,0.38052675
1643,0.38052663
1644,0.38052663
1645,0.38052654
1646,0.38052657
1647,0.38052678
1648,0.38052738
1649,0.38052765
1650,0.38052726
1651,0.38052693
1652,0.38052663
1653,0.38052636
1654,0.38052627
1655,0.38052633
1656,0.3805268
1657,0.380527
1658,0.38052663
1659,0.38052666
1660,0.3805268
1661,0.3805268
1662,0.3805268
1663,0.38052687
1664,0.38052726
1665,0.38052732
1666,0.38052687
1667,0.38052666
1668,0.38052648
1669,0.38052636
1670,0.38052627
1671,0.38052645
1672,0.3805271
1673,0.3805274
1674,0.3805272
1675,0.3805271
1676,0.38052714
1677,0.380527
1678,0.3805268
1679,0.38052684
1680,0.38052705
1681,0.380527
1682,0.38052678
1683,0.38052672
1684,0.38052678
1685,0.38052687
1686,0.38052693
1687,0.3805272
1688,0.38052756
1689,0.38052753
1690,0.38052723
1691,0.38052705
1692,0.38052687
1693,0.38052675
1694,0.38052666
1695,0.38052687
1696,0.38052735
1697,0.3805274
1698,0.38052726
1699,0.38052735
1700,0.38052738
1701,0.38052723
1702,0.38052705
1703,0.38052717
1704,0.38052732
1705,0.38052717
1706,0.380527
1707,0.38052693
1708,0.38052705
1709,0.38052714
1710,0.3805272
1711,0.38052744
1712,0.3805277
1713,0.38052762
1714,0.38052738
1715,0.38052714
1716,0.38052702
1717,0.38052693
1718,0.3805268
1719,0.380527
1720,0.38052732
1721,0.38052735
1722,0.38052723
1723,0.38052726
1724,0.38052735
1725,0.38052726
1726,0.3805272
1727,0.38052735
1728,0.38052738
1729,0.38052726
1730,0.3805271
1731,0.380527
1732,0.38052714
1733,0.3805271
1734,0.38052705
1735,0.38052732
1736,0.3805275
1737,0.38052744
1738,0.38052723
1739,0.3805271
1740,0.3805271
1741,0.38052705
1742,0.38052702
1743,0.38052723
1744,0.3805274
1745,0.38052738
1746,0.38052717
1747,0.3805271
1748,0.3805272
1749,0.3805272
1750,0.38052717
1751,0.38052723
1752,0.38052738
1753,0.3805274
1754,0.3805272
1755,0.38052705
1756,0.3805272
1757,0.38052714
1758,0.38052705
1759,0.38052726
1760,0.38052738
1761,0.38052735
1762,0.38052717
1763,0.38052702
1764,0.3805271
1765,0.3805271
1766,0.3805271
1767,0.38052732
1768,0.38052735
1769,0.38052726
1770,0.38052705
1771,0.380527
1772,0.38052714
1773,0.38052705
1774,0.3805271
1775,0.38052726
1776,0.38052738
1777,0.38052735
1778,0.3805271
1779,0.38052702
1780,0.38052705
1781,0.38052693
1782,0.38052696
1783,0.3805272
1784,0.38052726
1785,0.38052723
1786,0.3805271
1787,0.38052705
1788,0.38052717
1789,0.3805271
1790,0.3805271
1791,0.38052717
1792,0.38052714
1793,0.3805271
1794,0.38052696
1795,0.38052693
1796,0.38052702
1797,0.38052702
1798,0.38052714
1799,0.38052735
1800,0.38052738
1801,0.38052732
1802,0.38052705
1803,0.38052693
1804,0.38052687
1805,0.3805268
1806,0.38052693
1807,0.3805271
1808,0.38052717
1809,0.38052717
1810,0.3805271
1811,0.38052717
1812,0.38052726
1813,0.38052717
1814,0.38052714
1815,0.38052717
1816,0.38052714
1817,0.38052702
1818,0.38052684
1819,0.38052684
1820,0.38052696
1821,0.38052696
1822,0.38052714
1823,0.38052735
1824,0.38052738
1825,0.38052732
1826,0.3805271
1827,0.38052696
1828,0.380527
1829,0.38052696
1830,0.380527
1831,0.38052705
1832,0.38052714
1833,0.38052714
1834,0.38052702
1835,0.3805271
1836,0.38052717
1837,0.3805271
1838,0.38052714
1839,0.38052717
1840,0.3805272
1841,0.38052714
1842,0.38052693
1843,0.38052687
1844,0.380527
1845,0.380527
1846,0.38052714
1847,0.38052723
1848,0.38052726
1849,0.3805272
1850,0.380527
1851,0.380527
1852,0.38052705
1853,0.380527
1854,0.38052705
1855,0.38052714
1856,0.38052717
1857,0.38052714
1858,0.380527
1859,0.38052702
1860,0.38052705
1861,0.38052702
1862,0.38052714
1863,0.3805272
1864,0.38052726
1865,0.3805272
1866,0.380527
1867,0.380527
1868,0.38052702
1869,0.380527
1870,0.3805271
1871,0.38052717
1872,0.3805272
1873,0.38052717
1874,0.38052705
1875,0.3805271
1876,0.38052714
1877,0.3805271
1878,0.38052717
1879,0.38052723
1880,0.38052723
1881,0.38052714
1882,0.380527
1883,0.380527
1884,0.380527
1885,0.380527
1886,0.38052714
1887,0.38052726
1888,0.38052732
1889,0.38052723
1890,0.3805271
1891,0.3805271
1892,0.3805271
1893,0.38052705
1894,0.38052714
1895,0.38052717
1896,0.38052717
1897,0.38052714
1898,0.38052705
1899,0.3805271
1900,0.38052714
1901,0.3805271
1902,0.3805272
1903,0.38052723
1904,0.38052726
1905,0.38052717
1906,0.38052702
1907,0.38052702
1908,0.38052702
1909,0.38052705
1910,0.38052717
1911,0.38052723
1912,0.38052726
1913,0.3805272
1914,0.38052714
1915,0.38052714
1916,0.3805271
1917,0.38052705
1918,0.3805271
1919,0.38052717
1920,0.3805272
1921,0.38052714
1922,0.38052705
1923,0.3805271
1924,0.38052714
1925,0.38052714
1926,0.3805272
1927,0.38052723
1928,0.38052723
1929,0.38052717
1930,0.38052705
1931,0.38052705
1932,0.38052705
1933,0.38052705
1934,0.38052714
1935,0.3805272
1936,0.38052723
1937,0.3805272
1938,0.38052714
1939,0.38052714
1940,0.3805271
1941,0.3805271
1942,0.38052714
1943,0.38052717
1944,0.3805272
1945,0.38052714
1946,0.3805271
1947,0.3805271
1948,0.3805271
1949,0.38052714
1950,0.38052717
1951,0.3805272
1952,0.38052723
1953,0.38052714
1954,0.3805271
1955,0.3805271
1956,0.3805271
1957,0.3805271
1958,0.38052714
1959,0.3805272
1960,0.3805272
1961,0.38052717
1962,0.38052714
1963,0.38052714
1964,0.38052714
1965,0.3805271
1966,0.38052714
1967,0.38052717
1968,0.38052717
1969,0.3805271
1970,0.38052705
1971,0.3805271
1972,0.3805271
1973,0.38052714
1974,0.38052717
1975,0.3805272
1976,0.3805272
1977,0.38052717
1978,0.3805271
1979,0.3805271
1980,0.3805271
1981,0.3805271
1982,0.3805271
1983,0.38052714
1984,0.38052714
1985,0.3805271
1986,0.3805271
1987,0.38052714
1988,0.38052714
1989,0.38052714
1990,0.38052717
1991,0.3805272
1992,0.38052717
1993,0.3805271
1994,0.38052705
1995,0.38052702
1996,0.38052702
1997,0.38052705
1998,0.38052714
1999,0.38052717
2000,0.38052717
2001,0.38052714
2002,0.38052714
2003,0.38052714
2004,0.38052714
2005,0.3805271
2006,0.3805271
2007,0.38052714
2008,0.3805271
2009,0.38052705
2010,0.38052705
2011,0.3805271
2012,0.38052714
2013,0.38052714
2014,0.38052717
2015,0.3805272
2016,0.38052717
2017,0.3805271
2018,0.38052705
2019,0.38052705
2020,0.38052705
2021,0.3805271
2022,0.38052714
2023,0.38052717
2024,0.38052717
2025,0.38052714
2026,0.38052714
2027,0.38052714
2028,0.38052714
2029,0.38052714
2030,0.38052714
2031,0.38052714
2032,0.38052714
2033,0.3805271
2034,0.38052705
2035,0.3805271
2036,0.38052714
2037,0.38052714
2038,0.38052717
2039,0.3805272
2040,0.38052717
2041,0.3805271
2042,0.38052705
2043,0.3805271
2044,0.3805271
2045,0.3805271
2046,0.38052714
2047,0.38052717
2048,0.38052714
2049,0.38052714
2050,0.3805271
2051,0.3805271
2052,0.38052714
2053,0.38052714
2054,0.38052714
2055,0.38052717
2056,0.38052714
2057,0.3805271
2058,0.3805271
2059,0.3805271
2060,0.3805271
2061,0.38052714
2062,0.38052717
2063,0.38052717
2064,0.38052714
2065,0.3805271
2066,0.3805271
2067,0.3805271
2068,0.38052714
2069,0.3805271
2070,0.38052714
2071,0.38052717
2072,0.38052714
2073,0.3805271
2074,0.3805271
2075,0.3805271
2076,0.38052714
2077,0.38052714
2078,0.38052717
2079,0.38052717
2080,0.38052714
2081,0.3805271
2082,0.3805271
2083,0.3805271
2084,0.3805271
2085,0.38052714
2086,0.38052717
2087,0.38052717
2088,0.38052714
2089,0.38052714
2090,0.3805271
2091,0.38052714
2092,0.38052714
2093,0.38052714
2094,0.38052714
2095,0.38052717
2096,0.38052714
2097,0.3805271
2098,0.3805271
2099,0.3805271
2100,0.38052714
2101,0.38052714
2102,0.38052717
2103,0.38052717
2104,0.38052714
2105,0.3805271
2106,0.3805271
2107,0.3805271
2108,0.3805271
2109,0.3805271
2110,0.38052714
2111,0.38052717
2112,0.38052714
2113,0.38052714
2114,0.38052714
2115,0.38052714
2116,0.38052714
2117,0.38052714
2118,0.38052714
2119,0.38052714
2120,0.38052714
2121,0.3805271
2122,0.3805271
2123,0.3805271
2124,0.38052714
2125,0.38052714
2126,0.38052717
2127,0.38052717
2128,0.38052714
2129,0.3805271
2130,0.3805271
2131,0.3805271
2132,0.3805271
2133,0.3805271
2134,0.38052714
2135,0.38052717
2136,0.38052717
2137,0.38052714
2138,0.38052714
2139,0.38052714
2140,0.38052714
2141,0.38052714
2142,0.38052714
2143,0.38052714
2144,0.38052714
2145,0.3805271
2146,0.3805271
2147,0.3805271
2148,0.38052714
2149,0.38052714
2150,0.38052717
2151,0.38052717
2152,0.38052714
2153,0.38052714
2154,0.3805271
2155,0.3805271
2156,0.3805271
2157,0.3805271
2158,0.38052714
2159,0.38052714
2160,0.38052714
2161,0.3805271
2162,0.3805271
2163,0.38052714
2164,0.38052714
2165,0.38052714
2166,0.38052717
2167,0.38052714
2168,0.38052714
2169,0.3805271
2170,0.3805271
2171,0.3805271
2172,0.38052714
2173,0.38052714
2174,0.38052714
2175,0.38052717
2176,0.38052714
2177,0.3805271
2178,0.3805271
2179,0.38052714
2180,0.38052714
2181,0.38052714
2182,0.38052714
2183,0.38052714
2184,0.38052714
2185,0.3805271
2186,0.3805271
2187,0.3805271
2188,0.38052714
2189,0.38052714
2190,0.38052714
2191,0.38052714
2192,0.38052714
2193,0.3805271
2194,0.3805271
2195,0.38052714
2196,0.38052714
2197,0.38052714
2198,0.38052714
2199,0.38052714
2200,0.38052714
2201,0.3805271
2202,0.3805271
2203,0.38052714
2204,0.38052714
2205,0.38052714
2206,0.38052714
2207,0.38052714
2208,0.38052714
2209,0.3805271
2210,0.3805271
2211,0.3805271
2212,0.3805271
2213,0.38052714
2214,0.38052714
2215,0.38052714
2216,0.38052714
2217,0.38052714
2218,0.3805271
2219,0.38052714
2220,0.3805271
2221,0.38052714
2222,0.38052714
2223,0.38052714
2224,0.38052714
2225,0.3805271
2226,0.38052714
2227,0.38052714
2228,0.38052714
2229,0.38052714
2230,0.38052714
2231,0.38052714
2232,0.38052714
2233,0.3805271
2234,0.3805271
2235,0.38052714
2236,0.38052714
2237,0.38052714
2238,0.38052714
2239,0.38052714
2240,0.38052714
2241,0.38052714
2242,0.38052714
2243,0.38052714
2244,0.38052714
2245,0.38052714
2246,0.38052714
2247,0.38052714
2248,0.38052714
2249,0.38052714
2250,0.38052714
2251,0.38052714
2252,0.38052714
2253,0.38052714
2254,0.38052714
2255,0.38052714
2256,0.38052714
2257,0.3805271
2258,0.3805271
2259,0.38052714
2260,0.38052714
2261,0.38052714
2262,0.38052714
2263,0.38052714
2264,0.38052714
2265,0.38052714
2266,0.38052714
2267,0.38052714
2268,0.38052714
2269,0.38052714
2270,0.38052714
2271,0.38052714
2272,0.38052714
2273,0.38052714
2274,0.3805271
2275,0.38052714
2276,0.38052714
2277,0.38052714
2278,0.38052714
2279,0.38052714
2280,0.38052714
2281,0.38052714
2282,0.38052714
2283,0.38052714
2284,0.38052714
2285,0.38052714
2286,0.38052714
2287,0.38052714
2288,0.38052714
2289,0.3805271
2290,0.38052714
2291,0.38052714
2292,0.38052714
2293,0.38052714
2294,0.38052714
2295,0.38052714
2296,0.38052714
2297,0.3805271
2298,0.38052714
2299,0.38052714
2300,0.38052714
2301,0.38052714
2302,0.38052714
2303,0.38052714
2304,0.38052714
2305,0.38052714
2306,0.38052714
2307,0.38052714
2308,0.38052714
2309,0.38052714
2310,0.38052714
2311,0.38052714
2312,0.38052714
2313,0.38052714
2314,0.38052714
2315,0.38052714
2316,0.38052714
2317,0.38052714
2318,0.38052714
2319,0.38052714
2320,0.38052714
2321,0.3805271
2322,0.38052714
2323,0.38052714
2324,0.38052714
2325,0.38052714
2326,0.38052714
2327,0.38052714
2328,0.38052714
2329,0.38052714
2330,0.38052714
2331,0.38052714
2332,0.38052714
2333,0.38052714
2334,0.38052714
2335,0.38052714
2336,0.38052714
2337,0.38052714
2338,0.38052714
2339,0.38052714
2340,0.38052714
2341,0.38052714
2342,0.38052714
2343,0.38052714
2344,0.38052714
2345,0.3805271
2346,0.38052714
2347,0.38052714
2348,0.38052714
2349,0.38052714
2350,0.38052714
2351,0.38052714
2352,0.38052714
2353,0.38052714
2354,0.38052714
2355,0.38052714
2356,0.38052714
2357,0.38052714
2358,0.38052714
2359,0.38052714
2360,0.38052714
2361,0.38052714
2362,0.38052714
2363,0.38052714
2364,0.38052714
2365,0.38052714
2366,0.38052714
2367,0.38052714
2368,0.38052714
2369,0.38052714
2370,0.38052714
2371,0.38052714
2372,0.38052714
2373,0.38052714
2374,0.38052714
2375,0.38052714
2376,0.38052714
2377,0.38052714
2378,0.38052714
2379,0.38052714
2380,0.38052714
2381,0.38052714
2382,0.38052714
2383,0.38052714
2384,0.38052714
2385,0.38052714
2386,0.38052714
2387,0.38052714
2388,0.38052714
2389,0.38052714
2390,0.38052714
2391,0.38052714
2392,0.38052714
2393,0.38052714
2394,0.38052714
2395,0.38052714
2396,0.38052714
2397,0.38052714
2398,0.38052714
2399,0.38052714
2400,0.38052714
2401,0.38052714
2402,0.38052714
2403,0.38052714
2404,0.38052714
2405,0.38052714
2406,0.38052714
2407,0.38052714
2408,0.38052714
2409,0.38052714
2410,0.38052714
2411,0.38052714
2412,0.38052714
2413,0.38052714
2414,0.38052714
2415,0.38052714
2416,0.38052714
2417,0.38052714
2418,0.38052714
2419,0.38052714
2420,0.38052714
2421,0.38052714
2422,0.38052714
2423,0.38052714
2424,0.38052714
2425,0.38052714
2426,0.38052714
2427,0.38052714
2428,0.38052714
2429,0.38052714
2430,0.38052714
2431,0.38052714
2432,0.38052714
2433,0.38052714
2434,0.38052714
2435,0.38052714
2436,0.38052714
2437,0.38052714
2438,0.38052714
2439,0.38052714
2440,0.38052714
2441,0.38052714
2442,0.38052714
2443,0.38052714
2444,0.38052714
2445,0.38052714
2446,0.38052714
2447,0.38052714
2448,0.38052714
2449,0.38052714
2450,0.38052714
2451,0.38052714
2452,0.38052714
2453,0.38052714
2454,0.38052714
2455,0.38052714
2456,0.38052714
2457,0.38052714
2458,0.38052714
2459,0.38052714
2460,0.38052714
2461,0.38052714
2462,0.38052714
2463,0.38052714
2464,0.38052714
2465,0.38052714
2466,0.38052714
2467,0.38052714
2468,0.38052714
2469,0.38052714
2470,0.38052714
2471,0.38052714
2472,0.38052714
2473,0.38052714
2474,0.38052714
2475,0.38052714
2476,0.38052714
2477,0.38052714
2478,0.38052714
2479,0.38052714
2480,0.38052714
2481,0.38052714
2482,0.38052714
2483,0.38052714
2484,0.38052714
2485,0.38052714
2486,0.38052714
2487,0.38052714
2488,0.38052714
2489,0.38052714
2490,0.38052714
2491,0.38052714
2492,0.38052714
2493,0.38052714
2494,0.38052714
2495,0.38052714
2496,0.38052714
2497,0.38052714
2498,0.38052714
2499,0.38052714
2500,0.38052714
2501,0.38052714
2502,0.38052714
2503,0.38052714
2504,0.38052714
2505,0.38052714
2506,0.38052714
2507,0.38052714
2508,0.38052714
2509,0.38052714
2510,0.38052714
2511,0.38052714
2512,0.38052714
2513,0.38052714
2514,0.38052714
2515,0.38052714
2516,0.38052714
2517,0.38052714
2518,0.38052714
2519,0.38052714
2520,0.38052714
2521,0.38052714
2522,0.38052714
2523,0.38052714
2524,0.38052714
2525,0.38052714
2526,0.38052714
2527,0.38052714
2528,0.38052714
2529,0.38052714
2530,0.38052714
2531,0.38052714
2532,0.38052714
2533,0.38052714
2534,0.38052714
2535,0.38052714
2536,0.38052714
2537,0.38052714
2538,0.38052714
2539,0.38052714
2540,0.38052714
2541,0.38052714
2542,0.38052714
2543,0.38052714
2544,0.38052714
2545,0.38052714
2546,0.38052714
2547,0.38052714
2548,0.38052714
2549,0.38052714
2550,0.38052714
2551,0.38052714
2552,0.38052714
2553,0.38052714
2554,0.38052714
2555,0.38052714
2556,0.38052714
2557,0.38052714
2558,0.38052714
2559,0.38052714
2560,0.38052714
2561,0.38052714
2562,0.38052714
2563,0.38052714
2564,0.38052714
2565,0.38052714
2566,0.38052714
2567,0.38052714
2568,0.38052714
2569,0.38052714
2570,0.38052714
2571,0.38052714
2572,0.38052714
2573,0.38052714
2574,0.38052714
2575,0.38052714
2576,0.38052714
2577,0.38052714
2578,0.38052714
2579,0.38052714
2580,0.38052714
2581,0.38052714
2582,0.38052714
2583,0.38052714
2584,0.38052714
2585,0.38052714
2586,0.38052714
2587,0.38052714
2588,0.38052714
2589,0.38052714
2590,0.38052714
2591,0.38052714
2592,0.38052714
2593,0.38052714
2594,0.38052714
2595,0.38052714
2596,0.38052714
2597,0.38052714
2598,0.38052714
2599,0.38052714
2600,0.38052714
2601,0.38052714
2602,0.38052714
2603,0.38052714
2604,0.38052714
2605,0.38052714
2606,0.38052714
2607,0.38052714
2608,0.38052714
2609,0.38052714
2610,0.38052714
2611,0.38052714
2612,0.38052714
2613,0.38052714
2614,0.38052714
2615,0.38052714
2616,0.38052714
2617,0.38052714
2618,0.38052714
2619,0.38052714
2620,0.38052714
2621,0.38052714
2622,0.38052714
2623,0.38052714
2624,0.38052714
2625,0.38052714
2626,0.38052714
2627,0.38052714
2628,0.38052714
2629,0.38052714
2630,0.38052714
2631,0.38052714
2632,0.38052714
2633,0.38052714
2634,0.38052714
2635,0.38052714
2636,0.38052714
2637,0.38052714
2638,0.38052714
2639,0.38052714
2640,0.38052714
2641,0.38052714
2642,0.38052714
2643,0.38052714
2644,0.38052714
2645,0.38052714
2646,0.38052714
2647,0.38052714
2648,0.38052714
2649,0.38052714
2650,0.38052714
2651,0.38052714
2652,0.38052714
2653,0.38052714
2654,0.38052714
2655,0.38052714
2656,0.38052714
2657,0.38052714
2658,0.38052714
2659,0.38052714
2660,0.38052714
2661,0.38052714
2662,0.38052714
2663,0.38052714
2664,0.38052714
2665,0.38052714
2666,0.38052714
2667,0.38052714
2668,0.38052714
2669,0.38052714
2670,0.38052714
2671,0.38052714
2672,0.38052714
2673,0.38052714
2674,0.38052714
2675,0.38052714
2676,0.38052714
2677,0.38052714
2678,0.38052714
2679,0.38052714
2680,0.38052714
2681,0.38052714
2682,0.38052714
2683,0.38052714
2684,0.38052714
2685,0.38052714
2686,0.38052714
2687,0.38052714
2688,0.38052714
2689,0.38052714
2690,0.38052714
2691,0.38052714
2692,0.38052714
2693,0.38052714
2694,0.38052714
2695,0.38052714
2696,0.38052714
2697,0.38052714
2698,0.38052714
2699,0.38052714
2700,0.38052714
2701,0.38052714
2702,0.38052714
2703,0.38052714
2704,0.38052714
2705,0.38052714
2706,0.38052714
2707,0.38052714
2708,0.38052714
2709,0.38052714
2710,0.38052714
2711,0.38052714
2712,0.38052714
2713,0.38052714
2714,0.38052714
2715,0.38052714
2716,0.38052714
2717,0.38052714
2718,0.38052714
2719,0.38052714
2720,0.38052714
2721,0.38052714
2722,0.38052714
2723,0.38052714
2724,0.38052714
2725,0.38052714
2726,0.38052714
2727,0.38052714
2728,0.38052714
2729,0.38052714
2730,0.38052714
2731,0.38052714
2732,0.38052714
2733,0.38052714
2734,0.38052714
2735,0.38052714
2736,0.38052714
2737,0.38052714
2738,0.38052714
2739,0.38052714
2740,0.38052714
2741,0.38052714
2742,0.38052714
2743,0.38052714
2744,0.38052714
2745,0.38052714
2746,0.38052714
2747,0.38052714
2748,0.38052714
2749,0.38052714
2750,0.38052714
2751,0.38052714
2752,0.38052714
2753,0.38052714
2754,0.38052714
2755,0.38052714
2756,0.38052714
2757,0.38052714
2758,0.38052714
2759,0.38052714
2760,0.38052714
2761,0.38052714
2762,0.38052714
2763,0.38052714
2764,0.38052714
2765,0.38052714
2766,0.38052714
2767,0.38052714
2768,0.38052714
2769,0.38052714
2770,0.38052714
2771,0.38052714
2772,0.38052714
2773,0.38052714
2774,0.38052714
2775,0.38052714
2776,0.38052714
2777,0.38052714
2778,0.38052714
2779,0.38052714
2780,0.38052714
2781,0.38052714
2782,0.38052714
2783,0.38052714
2784,0.38052714
2785,0.38052714
2786,0.38052714
2787,0.38052714
2788,0.38052714
2789,0.38052714
2790,0.38052714
2791,0.38052714
2792,0.38052714
2793,0.38052714
2794,0.38052714
2795,0.38052714
2796,0.38052714
2797,0.38052714
2798,0.38052714
2799,0.38052714
2800,0.38052714
2801,0.38052714
2802,0.38052714
2803,0.38052714
2804,0.38052714
2805,0.38052714
2806,0.38052714
2807,0.38052714
2808,0.38052714
2809,0.38052714
2810,0.38052714
2811,0.38052714
2812,0.38052714
2813,0.38052714
2814,0.38052714
2815,0.38052714
2816,0.38052714
2817,0.38052714
2818,0.38052714
2819,0.38052714
2820,0.38052714
2821,0.38052714
2822,0.38052714
2823,0.38052714
2824,0.38052714
2825,0.38052714
2826,0.38052714
2827,0.38052714
2828,0.38052714
2829,0.38052714
2830,0.38052714
2831,0.38052714
2832,0.38052714
2833,0.38052714
2834,0.38052714
2835,0.38052714
2836,0.38052714
2837,0.38052714
2838,0.38052714
2839,0.38052714
2840,0.38052714
2841,0.38052714
2842,0.38052714
2843,0.38052714
2844,0.38052714
2845,0.38052714
2846,0.38052714
2847,0.38052714
2848,0.38052714
2849,0.38052714
2850,0.38052714
2851,0.38052714
2852,0.38052714
2853,0.38052714
2854,0.38052714
2855,0.38052714
2856,0.38052714
2857,0.38052714
2858,0.38052714
2859,0.38052714
2860,0.38052714
2861,0.38052714
2862,0.38052714
2863,0.38052714
2864,0.38052714
2865,0.38052714
2866,0.38052714
2867,0.38052714
2868,0.38052714
2869,0.38052714
2870,0.38052714
2871,0.38052714
2872,0.38052714
2873,0.38052714
2874,0.38052714
2875,0.38052714
2876,0.38052714
2877,0.38052714
2878,0.38052714
2879,0.38052714
2880,0.38052714
2881,0.38052714
2882,0.38052714
2883,0.38052714
2884,0.38052714
2885,0.38052714
2886,0.38052714
2887,0.38052714
2888,0.38052714
2889,0.38052714
2890,0.38052714
2891,0.38052714
2892,0.38052714
2893,0.38052714
2894,0.38052714
2895,0.38052714
2896,0.38052714
2897,0.38052714
2898,0.38052714
2899,0.38052714
2900,0.38052714
2901,0.38052714
2902,0.38052714
2903,0.38052714
2904,0.38052714
2905,0.38052714
2906,0.38052714
2907,0.38052714
2908,0.38052714
2909,0.38052714
2910,0.38052714
2911,0.38052714
2912,0.38052714
2913,0.38052714
2914,0.38052714
2915,0.38052714
2916,0.38052714
2917,0.38052714
2918,0.38052714
2919,0.38052714
2920,0.38052714
2921,0.38052714
2922,0.38052714
2923,0.38052714
2924,0.38052714
2925,0.38052714
2926,0.38052714
2927,0.38052714
2928,0.38052714
2929,0.38052714
2930,0.38052714
2931,0.38052714
2932,0.38052714
2933,0.38052714
2934,0.38052714
2935,0.38052714
2936,0.38052714
2937,0.38052714
2938,0.38052714
2939,0.38052714
2940,0.38052714
2941,0.38052714
2942,0.38052714
2943,0.38052714
2944,0.38052714
2945,0.38052714
2946,0.38052714
2947,0.38052714
2948,0.38052714
2949,0.38052714
2950,0.38052714
2951,0.38052714
2952,0.38052714
2953,0.38052714
2954,0.38052714
2955,0.38052714
2956,0.38052714
2957,0.38052714
2958,0.38052714
2959,0.38052714
2960,0.38052714
2961,0.38052714
2962,0.38052714
2963,0.38052714
2964,0.38052714
2965,0.38052714
2966,0.38052714
2967,0.38052714
2968,0.38052714
2969,0.38052714
2970,0.38052714
2971,0.38052714
2972,0.38052714
2973,0.38052714
2974,0.38052714
2975,0.38052714
2976,0.38052714
2977,0.38052714
2978,0.38052714
2979,0.38052714
2980,0.38052714
2981,0.38052714
2982,0.38052714
2983,0.38052714
2984,0.38052714
2985,0.38052714
2986,0.38052714
2987,0.38052714
2988,0.38052714
2989,0.38052714
2990,0.38052714
2991,0.38052714
2992,0.38052714
2993,0.38052714
2994,0.38052714
2995,0.38052714
2996,0.38052714
2997,0.38052714
2998,0.38052714
2999,0.38052714
3000,0.38052714
3001,0.38052714
3002,0.38052714
3003,0.38052714
3004,0.38052714
3005,0.38052714
3006,0.38052714
3007,0.38052714
3008,0.38052714
3009,0.38052714
3010,0.38052714
3011,0.38052714
3012,0.38052714
3013,0.38052714
3014,0.38052714
3015,0.38052714
3016,0.38052714
3017,0.38052714
3018,0.38052714
3019,0.38052714
3020,0.38052714
3021,0.38052714
3022,0.38052714
3023,0.38052714
3024,0.38052714
3025,0.38052714
3026,0.38052714
3027,0.38052714
3028,0.38052714
3029,0.38052714
3030,0.38052714
3031,0.38052714
3032,0.38052714
3033,0.38052714
3034,0.38052714
3035,0.38052714
3036,0.38052714
3037,0.38052714
3038,0.38052714
3039,0.38052714
3040,0.38052714
3041,0.38052714
3042,0.38052714
3043,0.38052714
3044,0.38052714
3045,0.38052714
3046,0.38052714
3047,0.38052714
3048,0.38052714
3049,0.38052714
3050,0.38052714
3051,0.38052714
3052,0.38052714
3053,0.38052714
3054,0.38052714
3055,0.38052714
3056,0.38052714
3057,0.38052714
3058,0.38052714
3059,0.38052714
3060,0.38052714
3061,0.38052714
3062,0.38052714
3063,0.38052714
3064,0.38052714
3065,0.38052714
3066,0.38052714
3067,0.38052714
3068,0.38052714
3069,0.38052714
3070,0.38052714
3071,0.38052714
3072,0.38052714
3073,0.38052714
3074,0.38052714
3075,0.38052714
3076,0.38052714
3077,0.38052714
3078,0.38052714
3079,0.38052714
3080,0.38052714
3081,0.38052714
3082,0.38052714
3083,0.38052714
3084,0.38052714
3085,0.38052714
3086,0.38052714
3087,0.38052714
3088,0.38052714
3089,0.38052714
3090,0.38052714
3091,0.38052714
3092,0.38052714
3093,0.38052714
3094,0.38052714
3095,0.38052714
3096,0.38052714
3097,0.38052714
3098,0.38052714
3099,0.38052714
3100,0.38052714
3101,0.38052714
3102,0.38052714
3103,0.38052714
3104,0.38052714
3105,0.38052714
3106,0.38052714
3107,0.38052714
3108,0.38052714
3109,0.38052714
3110,0.38052714
3111,0.38052714
3112,0.38052714
3113,0.38052714
3114,0.38052714
3115,0.38052714
3116,0.38052714
3117,0.38052714
3118,0.38052714
3119,0.38052714
3120,0.38052714
3121,0.38052714
3122,0.38052714
3123,0.38052714
3124,0.38052714
3125,0.38052714
3126,0.38052714
3127,0.38052714
3128,0.38052714
3129,0.38052714
3130,0.38052714
3131,0.38052714
3132,0.38052714
3133,0.38052714
3134,0.38052714
3135,0.38052714
3136,0.38052714
3137,0.38052714
3138,0.38052714
3139,0.38052714
3140,0.38052714
3141,0.38052714
3142,0.38052714
3143,0.38052714
3144,0.38052714
3145,0.38052714
3146,0.38052714
3147,0.38052714
3148,0.38052714
3149,0.38052714
3150,0.38052714
3151,0.38052714
3152,0.38052714
3153,0.38052714
3154,0.38052714
3155,0.38052714
3156,0.38052714
3157,0.38052714
3158,0.38052714
3159,0.38052714
3160,0.38052714
3161,0.38052714
3162,0.38052714
3163,0.38052714
3164,0.38052714
3165,0.38052714
3166,0.38052714
3167,0.38052714
3168,0.38052714
3169,0.38052714
3170,0.38052714
3171,0.38052714
3172,0.38052714
3173,0.38052714
3174,0.38052714
3175,0.38052714
3176,0.38052714
3177,0.38052714
3178,0.38052714
3179,0.38052714
3180,0.38052714
3181,0.38052714
3182,0.38052714
3183,0.38052714
3184,0.38052714
3185,0.38052714
3186,0.38052714
3187,0.38052714
3188,0.38052714
3189,0.38052714
3190,0.38052714
3191,0.38052714
3192,0.38052714
3193,0.38052714
3194,0.38052714
3195,0.38052714
3196,0.38052714
3197,0.38052714
3198,0.38052714
3199,0.38052714
3200,0.38052714
3201,0.38052714
3202,0.38052714
3203,0.38052714
3204,0.38052714
3205,0.38052714
3206,0.38052714
3207,0.38052714
3208,0.38052714
3209,0.38052714
3210,0.38052714
3211,0.38052714
3212,0.38052714
3213,0.38052714
3214,0.38052714
3215,0.38052714
3216,0.38052714
3217,0.38052714
3218,0.38052714
3219,0.38052714
3220,0.38052714
3221,0.38052714
3222,0.38052714
3223,0.38052714
3224,0.38052714
3225,0.38052714
3226,0.38052714
3227,0.38052714
3228,0.38052714
3229,0.38052714
3230,0.38052714
3231,0.38052714
3232,0.38052714
3233,0.38052714
3234,0.38052714
3235,0.38052714
3236,0.38052714
3237,0.38052714
3238,0.38052714
3239,0.38052714
3240,0.38052714
3241,0.38052714
3242,0.38052714
3243,0.38052714
3244,0.38052714
3245,0.38052714
3246,0.38052714
3247,0.38052714
3248,0.38052714
3249,0.38052714
3250,0.38052714
3251,0.38052714
3252,0.38052714
3253,0.38052714
3254,0.38052714
3255,0.38052714
3256,0.38052714
3257,0.38052714
3258,0.38052714
3259,0.38052714
3260,0.38052714
3261,0.38052714
3262,0.38052714
3263,0.38052714
3264,0.38052714
3265,0.38052714
3266,0.38052714
3267,0.38052714
3268,0.38052714
3269,0.38052714
3270,0.38052714
3271,0.38052714
3272,0.38052714
3273,0.38052714
3274,0.38052714
3275,0.38052714
3276,0.38052714
3277,0.38052714
3278,0.38052714
3279,0.38052714
3280,0.38052714
3281,0.38052714
3282,0.38052714
3283,0.38052714
3284,0.38052714
3285,0.38052714
3286,0.38052714
3287,0.38052714
3288,0.38052714
3289,0.38052714
3290,0.38052714
3291,0.38052714
3292,0.38052714
3293,0.38052714
3294,0.38052714
3295,0.38052714
3296,0.38052714
3297,0.38052714
3298,0.38052714
3299,0.38052714
3300,0.38052714
3301,0.38052714
3302,0.38052714
3303,0.38052714
3304,0.38052714
3305,0.38052714
3306,0.38052714
3307,0.38052714
3308,0.38052714
3309,0.38052714
3310,0.38052714
3311,0.38052714
3312,0.38052714
3313,0.38052714
3314,0.38052714
3315,0.38052714
3316,0.38052714
3317,0.38052714
3318,0.38052714
3319,0.38052714
3320,0.38052714
3321,0.38052714
3322,0.38052714
3323,0.38052714
3324,0.38052714
3325,0.38052714
3326,0.38052714
3327,0.38052714
3328,0.38052714
3329,0.38052714
3330,0.38052714
3331,0.38052714
3332,0.38052714
3333,0.38052714
3334,0.38052714
3335,0.38052714
3336,0.38052714
3337,0.38052714
3338,0.38052714
3339,0.38052714
3340,0.38052714
3341,0.38052714
3342,0.38052714
3343,0.38052714
3344,0.38052714
3345,0.38052714
3346,0.38052714
3347,0.38052714
3348,0.38052714
3349,0.38052714
3350,0.38052714
3351,0.38052714
3352,0.38052714
3353,0.38052714
3354,0.38052714
3355,0.38052714
3356,0.38052714
3357,0.38052714
3358,0.38052714
3359,0.38052714
3360,0.38052714
3361,0.38052714
3362,0.38052714
3363,0.38052714
3364,0.38052714
3365,0.38052714
3366,0.38052714
3367,0.38052714
3368,0.38052714
3369,0.38052714
3370,0.38052714
3371,0.38052714
3372,0.38052714
3373,0.38052714
3374,0.38052714
3375,0.38052714
3376,0.38052714
3377,0.38052714
3378,0.38052714
3379,0.38052714
3380,0.38052714
3381,0.38052714
3382,0.38052714
3383,0.38052714
3384,0.38052714
3385,0.38052714
3386,0.38052714
3387,0.38052714
3388,0.38052714
3389,0.38052714
3390,0.38052714
3391,0.38052714
3392,0.38052714
3393,0.38052714
3394,0.38052714
3395,0.38052714
3396,0.38052714
3397,0.38052714
3398,0.38052714
3399,0.38052714
3400,0.38052714
3401,0.38052714
3402,0.38052714
3403,0.38052714
3404,0.38052714
3405,0.38052714
3406,0.38052714
3407,0.38052714
3408,0.38052714
3409,0.38052714
3410,0.38052714
3411,0.38052714
3412,0.38052714
3413,0.38052714
3414,0.38052714
3415,0.38052714
3416,0.38052714
3417,0.38052714
3418,0.38052714
3419,0.38052714
3420,0.38052714
3421,0.38052714
3422,0.38052714
3423,0.38052714
3424,0.38052714
3425,0.38052714
3426,0.38052714
3427,0.38052714
3428,0.38052714
3429,0.38052714
3430,0.38052714
3431,0.38052714
3432,0.38052714
3433,0.38052714
3434,0.38052714
3435,0.38052714
3436,0.38052714
3437,0.38052714
3438,0.38052714
3439,0.38052714
3440,0.38052714
3441,0.38052714
3442,0.38052714
3443,0.38052714
3444,0.38052714
3445,0.38052714
3446,0.38052714
3447,0.38052714
3448,0.38052714
3449,0.38052714
3450,0.38052714
3451,0.38052714
3452,0.38052714
3453,0.38052714
3454,0.38052714
3455,0.38052714
3456,0.38052714
3457,0.38052714
3458,0.38052714
3459,0.38052714
3460,0.38052714
3461,0.38052714
3462,0.38052714
3463,0.38052714
3464,0.38052714
3465,0.38052714
3466,0.38052714
3467,0.38052714
3468,0.38052714
3469,0.38052714
3470,0.38052714
3471,0.38052714
3472,0.38052714
3473,0.38052714
3474,0.38052714
3475,0.38052714
3476,0.38052714
3477,0.38052714
3478,0.38052714
3479,0.38052714
3480,0.38052714
3481,0.38052714
3482,0.38052714
3483,0.38052714
3484,0.38052714
3485,0.38052714
3486,0.38052714
3487,0.38052714
3488,0.38052714
3489,0.38052714
3490,0.38052714
3491,0.38052714
3492,0.38052714
3493,0.38052714
3494,0.38052714
3495,0.38052714
3496,0.38052714
3497,0.38052714
3498,0.38052714
3499,0.38052714
3500,0.38052714
3501,0.38052714
3502,0.38052714
3503,0.38052714
3504,0.38052714
3505,0.38052714
3506,0.38052714
3507,0.38052714
3508,0.38052714
3509,0.38052714
3510,0.38052714
3511,0.38052714
3512,0.38052714
3513,0.38052714
3514,0.38052714
3515,0.38052714
3516,0.38052714
3517,0.38052714
3518,0.38052714
3519,0.38052714
3520,0.38052714
3521,0.38052714
3522,0.38052714
3523,0.38052714
3524,0.38052714
3525,0.38052714
3526,0.38052714
3527,0.38052714
3528,0.38052714
3529,0.38052714
3530,0.38052714
3531,0.38052714
3532,0.38052714
3533,0.38052714
3534,0.38052714
3535,0.38052714
3536,0.38052714
3537,0.38052714
3538,0.38052714
3539,0.38052714
3540,0.38052714
3541,0.38052714
3542,0.38052714
3543,0.38052714
3544,0.38052714
3545,0.38052714
3546,0.38052714
3547,0.38052714
3548,0.38052714
3549,0.38052714
3550,0.38052714
3551,0.38052714
3552,0.38052714
3553,0.38052714
3554,0.38052714
3555,0.38052714
3556,0.38052714
3557,0.38052714
3558,0.38052714
3559,0.38052714
3560,0.38052714
3561,0.38052714
3562,0.38052714
3563,0.38052714
3564,0.38052714
3565,0.38052714
3566,0.38052714
3567,0.38052714
3568,0.38052714
3569,0.38052714
3570,0.38052714
3571,0.38052714
3572,0.38052714
3573,0.38052714
3574,0.38052714
3575,0.38052714
3576,0.38052714
3577,0.38052714
3578,0.38052714
3579,0.38052714
3580,0.38052714
3581,0.38052714
3582,0.38052714
3583,0.38052714
3584,0.38052714
3585,0.38052714
3586,0.38052714
3587,0.38052714
3588,0.38052714
3589,0.38052714
3590,0.38052714
3591,0.38052714
3592,0.38052714
3593,0.38052714
3594,0.38052714
3595,0.38052714
3596,0.38052714
3597,0.38052714
3598,0.38052714
3599,0.38052714
3600,0.38052714
3601,0.38052714
3602,0.38052714
3603,0.38052714
3604,0.38052714
3605,0.38052714
3606,0.38052714
3607,0.38052714
3608,0.38052714
3609,0.38052714
3610,0.38052714
3611,0.38052714
3612,0.38052714
3613,0.38052714
3614,0.38052714
3615,0.38052714
3616,0.38052714
3617,0.38052714
3618,0.38052714
3619,0.38052714
3620,0.38052714
3621,0.38052714
3622,0.38052714
3623,0.38052714
3624,0.38052714
3625,0.38052714
3626,0.38052714
3627,0.38052714
3628,0.38052714
3629,0.38052714
3630,0.38052714
3631,0.38052714
3632,0.38052714
3633,0.38052714
3634,0.38052714
3635,0.38052714
3636,0.38052714
3637,0.38052714
3638,0.38052714
3639,0.38052714
3640,0.38052714
3641,0.38052714
3642,0.38052714
3643,0.38052714
3644,0.38052714
3645,0.38052714
3646,0.38052714
3647,0.38052714
3648,0.38052714
3649,0.38052714
3650,0.38052714
3651,0.38052714
3652,0.38052714
3653,0.38052714
3654,0.38052714
3655,0.38052714
3656,0.38052714
3657,0.38052714
3658,0.38052714
3659,0.38052714
3660,0.38052714
3661,0.38052714
3662,0.38052714
3663,0.38052714
3664,0.38052714
3665,0.38052714
3666,0.38052714
3667,0.38052714
3668,0.38052714
3669,0.38052714
3670,0.38052714
3671,0.38052714
3672,0.38052714
3673,0.38052714
3674,0.38052714
3675,0.38052714
3676,0.38052714
3677,0.38052714
3678,0.38052714
3679,0.38052714
3680,0.38052714
3681,0.38052714
3682,0.38052714
3683,0.38052714
3684,0.38052714
3685,0.38052714
3686,0.38052714
3687,0.38052714
3688,0.38052714
3689,0.38052714
3690,0.38052714
3691,0.38052714
3692,0.38052714
3693,0.38052714
3694,0.38052714
3695,0.38052714
3696,0.38052714
3697,0.38052714
3698,0.38052714
3699,0.38052714
3700,0.38052714
3701,0.38052714
3702,0.38052714
3703,0.38052714
3704,0.38052714
3705,0.38052714
3706,0.38052714
3707,0.38052714
3708,0.38052714
3709,0.38052714
3710,0.38052714
3711,0.38052714
3712,0.38052714
3713,0.38052714
3714,0.38052714
3715,0.38052714
3716,0.38052714
3717,0.38052714
3718,0.38052714
3719,0.38052714
3720,0.38052714
3721,0.38052714
3722,0.38052714
3723,0.38052714
3724,0.38052714
3725,0.38052714
3726,0.38052714
3727,0.38052714
3728,0.38052714
3729,0.38052714
3730,0.38052714
3731,0.38052714
3732,0.38052714
3733,0.38052714
3734,0.38052714
3735,0.38052714
3736,0.38052714
3737,0.38052714
3738,0.38052714
3739,0.38052714
3740,0.38052714
3741,0.38052714
3742,0.38052714
3743,0.38052714
3744,0.38052714
3745,0.38052714
3746,0.38052714
3747,0.38052714
3748,0.38052714
3749,0.38052714
3750,0.38052714
3751,0.38052714
3752,0.38052714
3753,0.38052714
3754,0.38052714
3755,0.38052714
3756,0.38052714
3757,0.38052714
3758,0.38052714
3759,0.38052714
3760,0.38052714
3761,0.38052714
3762,0.38052714
3763,0.38052714
3764,0.38052714
3765,0.38052714
3766,0.38052714
3767,0.38052714
3768,0.38052714
3769,0.38052714
3770,0.38052714
3771,0.38052714
3772,0.38052714
3773,0.38052714
3774,0.38052714
3775,0.38052714
3776,0.38052714
3777,0.38052714
3778,0.38052714
3779,0.38052714
3780,0.38052714
3781,0.38052714
3782,0.38052714
3783,0.38052714
3784,0.38052714
3785,0.38052714
3786,0.38052714
3787,0.38052714
3788,0.38052714
3789,0.38052714
3790,0.38052714
3791,0.38052714
3792,0.38052714
3793,0.38052714
3794,0.38052714
3795,0.38052714
3796,0.38052714
3797,0.38052714
3798,0.38052714
3799,0.38052714
3800,0.38052714
3801,0.38052714
3802,0.38052714
3803,0.38052714
3804,0.38052714
3805,0.38052714
3806,0.38052714
3807,0.38052714
3808,0.38052714
3809,0.38052714
3810,0.38052714
3811,0.38052714
3812,0.38052714
3813,0.38052714
3814,0.38052714
3815,0.38052714
3816,0.38052714
3817,0.38052714
3818,0.38052714
3819,0.38052714
3820,0.38052714
3821,0.38052714
3822,0.38052714
3823,0.38052714
3824,0.38052714
3825,0.38052714
3826,0.38052714
3827,0.38052714
3828,0.38052714
3829,0.38052714
3830,0.38052714
3831,0.38052714
3832,0.38052714
3833,0.38052714
3834,0.38052714
3835,0.38052714
3836,0.38052714
3837,0.38052714
3838,0.38052714
3839,0.38052714
3840,0.38052714
3841,0.38052714
3842,0.38052714
3843,0.38052714
3844,0.38052714
3845,0.38052714
3846,0.38052714
3847,0.38052714
3848,0.38052714
3849,0.38052714
3850,0.38052714
3851,0.38052714
3852,0.38052714
3853,0.38052714
3854,0.38052714
3855,0.38052714
3856,0.38052714
3857,0.38052714
3858,0.38052714
3859,0.38052714
3860,0.38052714
3861,0.38052714
3862,0.38052714
3863,0.38052714
3864,0.38052714
3865,0.38052714
3866,0.38052714
3867,0.38052714
3868,0.38052714
3869,0.38052714
3870,0.38052714
3871,0.38052714
3872,0.38052714
3873,0.38052714
3874,0.38052714
3875,0.38052714
3876,0.38052714
3877,0.38052714
3878,0.38052714
3879,0.38052714
3880,0.38052714
3881,0.38052714
3882,0.38052714
3883,0.38052714
3884,0.38052714
3885,0.38052714
3886,0.38052714
3887,0.38052714
3888,0.38052714
3889,0.38052714
3890,0.38052714
3891,0.38052714
3892,0.38052714
3893,0.38052714
3894,0.38052714
3895,0.38052714
3896,0.38052714
3897,0.38052714
3898,0.38052714
3899,0.38052714
3900,0.38052714
3901,0.38052714
3902,0.38052714
3903,0.38052714
3904,0.38052714
3905,0.38052714
3906,0.38052714
3907,0.38052714
3908,0.38052714
3909,0.38052714
3910,0.38052714
3911,0.38052714
3912,0.38052714
3913,0.38052714
3914,0.38052714
3915,0.38052714
3916,0.38052714
3917,0.38052714
3918,0.38052714
3919,0.38052714
3920,0.38052714
3921,0.38052714
3922,0.38052714
3923,0.38052714
3924,0.38052714
3925,0.38052714
3926,0.38052714
3927,0.38052714
3928,0.38052714
3929,0.38052714
3930,0.38052714
3931,0.38052714
3932,0.38052714
3933,0.38052714
3934,0.38052714
3935,0.38052714
3936,0.38052714
3937,0.38052714
3938,0.38052714
3939,0.38052714
3940,0.38052714
3941,0.38052714
3942,0.38052714
3943,0.38052714
3944,0.38052714
3945,0.38052714
3946,0.38052714
3947,0.38052714
3948,0.38052714
3949,0.38052714
3950,0.38052714
3951,0.38052714
3952,0.38052714
3953,0.38052714
3954,0.38052714
3955,0.38052714
3956,0.38052714
3957,0.38052714
3958,0.38052714
3959,0.38052714
3960,0.38052714
3961,0.38052714
3962,0.38052714
3963,0.38052714
3964,0.38052714
3965,0.38052714
3966,0.38052714
3967,0.38052714
3968,0.38052714
3969,0.38052714
3970,0.38052714
3971,0.38052714
3972,0.38052714
3973,0.38052714
3974,0.38052714
3975,0.38052714
3976,0.38052714
3977,0.38052714
3978,0.38052714
3979,0.38052714
3980,0.38052714
3981,0.38052714
3982,0.38052714
3983,0.38052714
3984,0.38052714
3985,0.38052714
3986,0.38052714
3987,0.38052714
3988,0.38052714
3989,0.38052714
3990,0.38052714
3991,0.38052714
3992,0.38052714
3993,0.38052714
3994,0.38052714
3995,0.38052714
3996,0.38052714
3997,0.38052714
3998,0.38052714
3999,0.38052714
4000,0.38052714
4001,0.38052714
4002,0.38052714
4003,0.38052714
4004,0.38052714
4005,0.38052714
4006,0.38052714
4007,0.38052714
4008,0.38052714
4009,0.38052714
4010,0.38052714
4011,0.38052714
4012,0.38052714
4013,0.38052714
4014,0.38052714
4015,0.38052714
4016,0.38052714
4017,0.38052714
4018,0.38052714
4019,0.38052714
4020,0.38052714
4021,0.38052714
4022,0.38052714
4023,0.38052714
4024,0.38052714
4025,0.38052714
4026,0.38052714
4027,0.38052714
4028,0.38052714
4029,0.38052714
4030,0.38052714
4031,0.38052714
4032,0.38052714
4033,0.38052714
4034,0.38052714
4035,0.38052714
4036,0.38052714
4037,0.38052714
4038,0.38052714
4039,0.38052714
4040,0.38052714
4041,0.38052714
4042,0.38052714
4043,0.38052714
4044,0.38052714
4045,0.38052714
4046,0.38052714
4047,0.38052714
4048,0.38052714
4049,0.38052714
4050,0.38052714
4051,0.38052714
4052,0.38052714
4053,0.38052714
4054,0.38052714
4055,0.38052714
4056,0.38052714
4057,0.38052714
4058,0.38052714
4059,0.38052714
4060,0.38052714
4061,0.38052714
4062,0.38052714
4063,0.38052714
4064,0.38052714
4065,0.38052714
4066,0.38052714
4067,0.38052714
4068,0.38052714
4069,0.38052714
4070,0.38052714
4071,0.38052714
4072,0.38052714
4073,0.38052714
4074,0.38052714
4075,0.38052714
4076,0.38052714
4077,0.38052714
4078,0.38052714
4079,0.38052714
4080,0.38052714
4081,0.38052714
4082,0.38052714
4083,0.38052714
4084,0.38052714
4085,0.38052714
4086,0.38052714
4087,0.38052714
4088,0.38052714
4089,0.38052714
4090,0.38052714
4091,0.38052714
4092,0.38052714
4093,0.38052714
4094,0.38052714
4095,0.38052714
4096,0.38052714
4097,0.38052714
4098,0.38052714
4099,0.38052714
4100,0.38052714
4101,0.38052714
4102,0.38052714
4103,0.38052714
4104,0.38052714
4105,0.38052714
4106,0.38052714
4107,0.38052714
4108,0.38052714
4109,0.38052714
4110,0.38052714
4111,0.38052714
4112,0.38052714
4113,0.38052714
4114,0.38052714
4115,0.38052714
4116,0.38052714
4117,0.38052714
4118,0.38052714
4119,0.38052714
4120,0.38052714
4121,0.38052714
4122,0.38052714
4123,0.38052714
4124,0.38052714
4125,0.38052714
4126,0.38052714
4127,0.38052714
4128,0.38052714
4129,0.38052714
4130,0.38052714
4131,0.38052714
4132,0.38052714
4133,0.38052714
4134,0.38052714
4135,0.38052714
4136,0.38052714
4137,0.38052714
4138,0.38052714
4139,0.38052714
4140,0.38052714
4141,0.38052714
4142,0.38052714
4143,0.38052714
4144,0.38052714
4145,0.38052714
4146,0.38052714
4147,0.38052714
4148,0.38052714
4149,0.38052714
4150,0.38052714
4151,0.38052714
4152,0.38052714
4153,0.38052714
4154,0.38052714
4155,0.38052714
4156,0.38052714
4157,0.38052714
4158,0.38052714
4159,0.38052714
4160,0.38052714
4161,0.38052714
4162,0.38052714
4163,0.38052714
4164,0.38052714
4165,0.38052714
4166,0.38052714
4167,0.38052714
4168,0.38052714
4169,0.38052714
4170,0.38052714
4171,0.38052714
4172,0.38052714
4173,0.38052714
4174,0.38052714
4175,0.38052714
4176,0.38052714
4177,0.38052714
4178,0.38052714
4179,0.38052714
4180,0.38052714
4181,0.38052714
4182,0.38052714
4183,0.38052714
4184,0.38052714
4185,0.38052714
4186,0.38052714
4187,0.38052714
4188,0.38052714
4189,0.38052714
4190,0.38052714
4191,0.38052714
4192,0.38052714
4193,0.38052714
4194,0.38052714
4195,0.38052714
4196,0.38052714
4197,0.38052714
4198,0.38052714
4199,0.38052714
4200,0.38052714
4201,0.38052714
4202,0.38052714
4203,0.38052714
4204,0.38052714
4205,0.38052714
4206,0.38052714
4207,0.38052714
4208,0.38052714
4209,0.38052714
4210,0.38052714
4211,0.38052714
4212,0.38052714
4213,0.38052714
4214,0.38052714
4215,0.38052714
4216,0.38052714
4217,0.38052714
4218,0.38052714
4219,0.38052714
4220,0.38052714
4221,0.38052714
4222,0.38052714
4223,0.38052714
4224,0.38052714
4225,0.38052714
4226,0.38052714
4227,0.38052714
4228,0.38052714
4229,0.38052714
4230,0.38052714
4231,0.38052714
4232,0.38052714
4233,0.38052714
4234,0.38052714
4235,0.38052714
4236,0.38052714
4237,0.38052714
4238,0.38052714
4239,0.38052714
4240,0.38052714
4241,0.38052714
4242,0.38052714
4243,0.38052714
4244,0.38052714
4245,0.38052714
4246,0.38052714
4247,0.38052714
4248,0.38052714
4249,0.38052714
4250,0.38052714
4251,0.38052714
4252,0.38052714
4253,0.38052714
4254,0.38052714
4255,0.38052714
4256,0.38052714
4257,0.38052714
4258,0.38052714
4259,0.38052714
4260,0.38052714
4261,0.38052714
4262,0.38052714
4263,0.38052714
4264,0.38052714
4265,0.38052714
4266,0.38052714
4267,0.38052714
4268,0.38052714
4269,0.38052714
4270,0.38052714
4271,0.38052714
4272,0.38052714
4273,0.38052714
4274,0.38052714
4275,0.38052714
4276,0.38052714
4277,0.38052714
4278,0.38052714
4279,0.38052714
4280,0.38052714
4281,0.38052714
4282,0.38052714
4283,0.38052714
4284,0.38052714
4285,0.38052714
4286,0.38052714
4287,0.38052714
4288,0.38052714
4289,0.38052714
4290,0.38052714
4291,0.38052714
4292,0.38052714
4293,0.38052714
4294,0.38052714
4295,0.38052714
4296,0.38052714
4297,0.38052714
4298,0.38052714
4299,0.38052714
4300,0.38052714
4301,0.38052714
4302,0.38052714
4303,0.38052714
4304,0.38052714
4305,0.38052714
4306,0.38052714
4307,0.38052714
4308,0.38052714
4309,0.38052714
4310,0.38052714
4311,0.38052714
4312,0.38052714
4313,0.38052714
4314,0.38052714
4315,0.38052714
4316,0.38052714
4317,0.38052714
4318,0.38052714
4319,0.38052714
4320,0.38052714
4321,0.38052714
4322,0.38052714
4323,0.38052714
4324,0.38052714
4325,0.38052714
4326,0.38052714
4327,0.38052714
4328,0.38052714
4329,0.38052714
4330,0.38052714
4331,0.38052714
4332,0.38052714
4333,0.38052714
4334,0.38052714
4335,0.38052714
4336,0.38052714
4337,0.38052714
4338,0.38052714
4339,0.38052714
4340,0.38052714
4341,0.38052714
4342,0.38052714
4343,0.38052714
4344,0.38052714
4345,0.38052714
4346,0.38052714
4347,0.38052714
4348,0.38052714
4349,0.38052714
4350,0.38052714
4351,0.38052714
4352,0.38052714
4353,0.38052714
4354,0.38052714
4355,0.38052714
4356,0.38052714
4357,0.38052714
4358,0.38052714
4359,0.38052714
4360,0.38052714
4361,0.38052714
4362,0.38052714
4363,0.38052714
4364,0.38052714
4365,0.38052714
4366,0.38052714
4367,0.38052714
4368,0.38052714
4369,0.38052714
4370,0.38052714
4371,0.38052714
4372,0.38052714
4373,0.38052714
4374,0.38052714
4375,0.38052714
4376,0.38052714
4377,0.38052714
4378,0.38052714
4379,0.38052714
4380,0.38052714
4381,0.38052714
4382,0.38052714
4383,0.38052714
4384,0.38052714
4385,0.38052714
4386,0.38052714
4387,0.38052714
4388,0.38052714
4389,0.38052714
4390,0.38052714
4391,0.38052714
4392,0.38052714
4393,0.38052714
4394,0.38052714
4395,0.38052714
4396,0.38052714
4397,0.38052714
4398,0.38052714
4399,0.38052714
4400,0.38052714
4401,0.38052714
4402,0.38052714
4403,0.38052714
4404,0.38052714
4405,0.38052714
4406,0.38052714
4407,0.38052714
4408,0.38052714
4409,0.38052714
4410,0.38052714
4411,0.38052714
4412,0.38052714
4413,0.38052714
4414,0.38052714
4415,0.38052714
4416,0.38052714
4417,0.38052714
4418,0.38052714
4419,0.38052714
4420,0.38052714
4421,0.38052714
4422,0.38052714
4423,0.38052714
4424,0.38052714
4425,0.38052714
4426,0.38052714
4427,0.38052714
4428,0.38052714
4429,0.38052714
4430,0.38052714
4431,0.38052714
4432,0.38052714
4433,0.38052714
4434,0.38052714
4435,0.38052714
4436,0.38052714
4437,0.38052714
4438,0.38052714
4439,0.38052714
4440,0.38052714
4441,0.38052714
4442,0.38052714
4443,0.38052714
4444,0.38052714
4445,0.38052714
4446,0.38052714
4447,0.38052714
4448,0.38052714
4449,0.38052714
4450,0.38052714
4451,0.38052714
4452,0.38052714
4453,0.38052714
4454,0.38052714
4455,0.38052714
4456,0.38052714
4457,0.38052714
4458,0.38052714
4459,0.38052714
4460,0.38052714
4461,0.38052714
4462,0.38052714
4463,0.38052714
4464,0.38052714
4465,0.38052714
4466,0.38052714
4467,0.38052714
4468,0.38052714
4469,0.38052714
4470,0.38052714
4471,0.38052714
4472,0.38052714
4473,0.38052714
4474,0.38052714
4475,0.38052714
4476,0.38052714
4477,0.38052714
4478,0.38052714
4479,0.38052714
4480,0.38052714
4481,0.38052714
4482,0.38052714
4483,0.38052714
4484,0.38052714
4485,0.38052714
4486,0.38052714
4487,0.38052714
4488,0.38052714
4489,0.38052714
4490,0.38052714
4491,0.38052714
4492,0.38052714
4493,0.38052714
4494,0.38052714
4495,0.38052714
4496,0.38052714
4497,0.38052714
4498,0.38052714
4499,0.38052714
4500,0.38052714
4501,0.38052714
4502,0.38052714
4503,0.38052714
4504,0.38052714
4505,0.38052714
4506,0.38052714
4507,0.38052714
4508,0.38052714
4509,0.38052714
4510,0.38052714
4511,0.38052714
4512,0.38052714
4513,0.38052714
4514,0.38052714
4515,0.38052714
4516,0.38052714
4517,0.38052714
4518,0.38052714
4519,0.38052714
4520,0.38052714
4521,0.38052714
4522,0.38052714
4523,0.38052714
4524,0.38052714
4525,0.38052714
4526,0.38052714
4527,0.38052714
4528,0.38052714
4529,0.38052714
4530,0.38052714
4531,0.38052714
4532,0.38052714
4533,0.38052714
4534,0.38052714
4535,0.38052714
4536,0.38052714
4537,0.38052714
4538,0.38052714
4539,0.38052714
4540,0.38052714
4541,0.38052714
4542,0.38052714
4543,0.38052714
4544,0.38052714
4545,0.38052714
4546,0.38052714
4547,0.38052714
4548,0.38052714
4549,0.38052714
4550,0.38052714
4551,0.38052714
4552,0.38052714
4553,0.38052714
4554,0.38052714
4555,0.38052714
4556,0.38052714
4557,0.38052714
4558,0.38052714
4559,0.38052714
4560,0.38052714
4561,0.38052714
4562,0.38052714
4563,0.38052714
4564,0.38052714
4565,0.38052714
4566,0.38052714
4567,0.38052714
4568,0.38052714
4569,0.38052714
4570,0.38052714
4571,0.38052714
4572,0.38052714
4573,0.38052714
4574,0.38052714
4575,0.38052714
4576,0.38052714
4577,0.38052714
4578,0.38052714
4579,0.38052714
4580,0.38052714
4581,0.38052714
4582,0.38052714
4583,0.38052714
4584,0.38052714
4585,0.38052714
4586,0.38052714
4587,0.38052714
4588,0.38052714
4589,0.38052714
4590,0.38052714
4591,0.38052714
4592,0.38052714
4593,0.38052714
4594,0.38052714
4595,0.38052714
4596,0.38052714
4597,0.38052714
4598,0.38052714
4599,0.38052714
4600,0.38052714
4601,0.38052714
4602,0.38052714
4603,0.38052714
4604,0.38052714
4605,0.38052714
4606,0.38052714
4607,0.38052714
4608,0.38052714
4609,0.38052714
4610,0.38052714
4611,0.38052714
4612,0.38052714
4613,0.38052714
4614,0.38052714
4615,0.38052714
4616,0.38052714
4617,0.38052714
4618,0.38052714
4619,0.38052714
4620,0.38052714
4621,0.38052714
4622,0.38052714
4623,0.38052714
4624,0.38052714
4625,0.38052714
4626,0.38052714
4627,0.38052714
4628,0.38052714
4629,0.38052714
4630,0.38052714
4631,0.38052714
4632,0.38052714
4633,0.38052714
4634,0.38052714
4635,0.38052714
4636,0.38052714
4637,0.38052714
4638,0.38052714
4639,0.38052714
4640,0.38052714
4641,0.38052714
4642,0.38052714
4643,0.38052714
4644,0.38052714
4645,0.38052714
4646,0.38052714
4647,0.38052714
4648,0.38052714
4649,0.38052714
4650,0.38052714
4651,0.38052714
4652,0.38052714
4653,0.38052714
4654,0.38052714
4655,0.38052714
4656,0.38052714
4657,0.38052714
4658,0.38052714
4659,0.38052714
4660,0.38052714
4661,0.38052714
4662,0.38052714
4663,0.38052714
4664,0.38052714
4665,0.38052714
4666,0.38052714
4667,0.38052714
4668,0.38052714
4669,0.38052714
4670,0.38052714
4671,0.38052714
4672,0.38052714
4673,0.38052714
4674,0.38052714
4675,0.38052714
4676,0.38052714
4677,0.38052714
4678,0.38052714
4679,0.38052714
4680,0.38052714
4681,0.38052714
4682,0.38052714
4683,0.38052714
4684,0.38052714
4685,0.38052714
4686,0.38052714
4687,0.38052714
4688,0.38052714
4689,0.38052714
4690,0.38052714
4691,0.38052714
4692,0.38052714
4693,0.38052714
4694,0.38052714
4695,0.38052714
4696,0.38052714
4697,0.38052714
4698,0.38052714
4699,0.38052714
4700,0.38052714
4701,0.38052714
4702,0.38052714
4703,0.38052714
4704,0.38052714
4705,0.38052714
4706,0.38052714
4707,0.38052714
4708,0.38052714
4709,0.38052714
4710,0.38052714
4711,0.38052714
4712,0.38052714
4713,0.38052714
4714,0.38052714
4715,0.38052714
4716,0.38052714
4717,0.38052714
4718,0.38052714
4719,0.38052714
4720,0.38052714
4721,0.38052714
4722,0.38052714
4723,0.38052714
4724,0.38052714
4725,0.38052714
4726,0.38052714
4727,0.38052714
4728,0.38052714
4729,0.38052714
4730,0.38052714
4731,0.38052714
4732,0.38052714
4733,0.38052714
4734,0.38052714
4735,0.38052714
4736,0.38052714
4737,0.38052714
4738,0.38052714
4739,0.38052714
4740,0.38052714
4741,0.38052714
4742,0.38052714
4743,0.38052714
4744,0.38052714
4745,0.38052714
4746,0.38052714
4747,0.38052714
4748,0.38052714
4749,0.38052714
4750,0.38052714
4751,0.38052714
4752,0.38052714
4753,0.38052714
4754,0.38052714
4755,0.38052714
4756,0.38052714
4757,0.38052714
4758,0.38052714
4759,0.38052714
4760,0.38052714
4761,0.38052714
4762,0.38052714
4763,0.38052714
4764,0.38052714
4765,0.38052714
4766,0.38052714
4767,0.38052714
4768,0.38052714
4769,0.38052714
4770,0.38052714
4771,0.38052714
4772,0.38052714
4773,0.38052714
4774,0.38052714
4775,0.38052714
4776,0.38052714
4777,0.38052714
4778,0.38052714
4779,0.38052714
4780,0.38052714
4781,0.38052714
4782,0.38052714
4783,0.38052714
4784,0.38052714
4785,0.38052714
4786,0.38052714
4787,0.38052714
4788,0.38052714
4789,0.38052714
4790,0.38052714
4791,0.38052714
4792,0.38052714
4793,0.38052714
4794,0.38052714
4795,0.38052714
4796,0.38052714
4797,0.38052714
4798,0.38052714
4799,0.38052714
4800,0.38052714
4801,0.38052714
4802,0.38052714
4803,0.38052714
4804,0.38052714
4805,0.38052714
4806,0.38052714
4807,0.38052714
4808,0.38052714
4809,0.38052714
4810,0.38052714
4811,0.38052714
4812,0.38052714
4813,0.38052714
4814,0.38052714
4815,0.38052714
4816,0.38052714
4817,0.38052714
4818,0.38052714
4819,0.38052714
4820,0.38052714
4821,0.38052714
4822,0.38052714
4823,0.38052714
4824,0.38052714
4825,0.38052714
4826,0.38052714
4827,0.38052714
4828,0.38052714
4829,0.38052714
4830,0.38052714
4831,0.38052714
4832,0.38052714
4833,0.38052714
4834,0.38052714
4835,0.38052714
4836,0.38052714
4837,0.38052714
4838,0.38052714
4839,0.38052714
4840,0.38052714
4841,0.38052714
4842,0.38052714
4843,0.38052714
4844,0.38052714
4845,0.38052714
4846,0.38052714
4847,0.38052714
4848,0.38052714
4849,0.38052714
4850,0.38052714
4851,0.38052714
4852,0.38052714
4853,0.38052714
4854,0.38052714
4855,0.38052714
4856,0.38052714
4857,0.38052714
4858,0.38052714
4859,0.38052714
4860,0.38052714
4861,0.38052714
4862,0.38052714
4863,0.38052714
4864,0.38052714
4865,0.38052714
4866,0.38052714
4867,0.38052714
4868,0.38052714
4869,0.38052714
4870,0.38052714
4871,0.38052714
4872,0.38052714
4873,0.38052714
4874,0.38052714
4875,0.38052714
4876,0.38052714
4877,0.38052714
4878,0.38052714
4879,0.38052714
4880,0.38052714
4881,0.38052714
4882,0.38052714
4883,0.38052714
4884,0.38052714
4885,0.38052714
4886,0.38052714
4887,0.38052714
4888,0.38052714
4889,0.38052714
4890,0.38052714
4891,0.38052714
4892,0.38052714
4893,0.38052714
4894,0.38052714
4895,0.38052714
4896,0.38052714
4897,0.38052714
4898,0.38052714
4899,0.38052714
4900,0.38052714
4901,0.38052714
4902,0.38052714
4903,0.38052714
4904,0.38052714
4905,0.38052714
4906,0.38052714
4907,0.38052714
4908,0.38052714
4909,0.38052714
4910,0.38052714
4911,0.38052714
4912,0.38052714
4913,0.38052714
4914,0.38052714
4915,0.38052714
4916,0.38052714
4917,0.38052714
4918,0.38052714
4919,0.38052714
4920,0.38052714
4921,0.38052714
4922,0.38052714
4923,0.38052714
4924,0.38052714
4925,0.38052714
4926,0.38052714
4927,0.38052714
4928,0.38052714
4929,0.38052714
4930,0.38052714
4931,0.38052714
4932,0.38052714
4933,0.38052714
4934,0.38052714
4935,0.38052714
4936,0.38052714
4937,0.38052714
4938,0.38052714
4939,0.38052714
4940,0.38052714
4941,0.38052714
4942,0.38052714
4943,0.38052714
4944,0.38052714
4945,0.38052714
4946,0.38052714
4947,0.38052714
4948,0.38052714
4949,0.38052714
4950,0.38052714
4951,0.38052714
4952,0.38052714
4953,0.38052714
4954,0.38052714
4955,0.38052714
4956,0.38052714
4957,0.38052714
4958,0.38052714
4959,0.38052714
4960,0.38052714
4961,0.38052714
4962,0.38052714
4963,0.38052714
4964,0.38052714
4965,0.38052714
4966,0.38052714
4967,0.38052714
4968,0.38052714
4969,0.38052714
4970,0.38052714
4971,0.38052714
4972,0.38052714
4973,0.38052714
4974,0.38052714
4975,0.38052714
4976,0.38052714
4977,0.38052714
4978,0.38052714
4979,0.38052714
4980,0.38052714
4981,0.38052714
4982,0.38052714
4983,0.38052714
4984,0.38052714
4985,0.38052714
4986,0.38052714
4987,0.38052714
4988,0.38052714
4989,0.38052714
4990,0.38052714
4991,0.38052714
4992,0.38052714
4993,0.38052714
4994,0.38052714
4995,0.38052714
4996,0.38052714
4997,0.38052714
4998,0.38052714
4999,0.38052714
5000,0.38052714
5001,0.38052714
5002,0.38052714
5003,0.38052714
5004,0.38052714
5005,0.38052714
5006,0.38052714
5007,0.38052714
5008,0.38052714
5009,0.38052714
5010,0.38052714
5011,0.38052714
5012,0.38052714
5013,0.38052714
5014,0.38052714
5015,0.38052714
5016,0.38052714
5017,0.38052714
5018,0.38052714
5019,0.38052714
5020,0.38052714
5021,0.38052714
5022,0.38052714
5023,0.38052714
5024,0.38052714
5025,0.38052714
5026,0.38052714
5027,0.38052714
5028,0.38052714
5029,0.38052714
5030,0.38052714
5031,0.38052714
5032,0.38052714
5033,0.38052714
5034,0.38052714
5035,0.38052714
5036,0.38052714
5037,0.38052714
5038,0.38052714
5039,0.38052714
5040,0.38052714
5041,0.38052714
5042,0.38052714
5043,0.38052714
5044,0.38052714
5045,0.38052714
5046,0.38052714
5047,0.38052714
5048,0.38052714
5049,0.38052714
5050,0.38052714
5051,0.38052714
5052,0.38052714
5053,0.38052714
5054,0.38052714
5055,0.38052714
5056,0.38052714
5057,0.38052714
5058,0.38052714
5059,0.38052714
5060,0.38052714
5061,0.38052714
5062,0.38052714
5063,0.38052714
5064,0.38052714
5065,0.38052714
5066,0.38052714
5067,0.38052714
5068,0.38052714
5069,0.38052714
5070,0.38052714
5071,0.38052714
5072,0.38052714
5073,0.38052714
5074,0.38052714
5075,0.38052714
5076,0.38052714
5077,0.38052714
5078,0.38052714
5079,0.38052714
5080,0.38052714
5081,0.38052714
5082,0.38052714
5083,0.38052714
5084,0.38052714
5085,0.38052714
5086,0.38052714
5087,0.38052714
5088,0.38052714
5089,0.38052714
5090,0.38052714
5091,0.38052714
5092,0.38052714
5093,0.38052714
5094,0.38052714
5095,0.38052714
5096,0.38052714
5097,0.38052714
5098,0.38052714
5099,0.38052714
5100,0.38052714
5101,0.38052714
5102,0.38052714
5103,0.38052714
5104,0.38052714
5105,0.38052714
5106,0.38052714
5107,0.38052714
5108,0.38052714
5109,0.38052714
5110,0.38052714
5111,0.38052714
5112,0.38052714
5113,0.38052714
5114,0.38052714
5115,0.38052714
5116,0.38052714
5117,0.38052714
5118,0.38052714
5119,0.38052714
5120,0.38052714
5121,0.38052714
5122,0.38052714
5123,0.38052714
5124,0.38052714
5125,0.38052714
5126,0.38052714
5127,0.38052714
5128,0.38052714
5129,0.38052714
5130,0.38052714
5131,0.38052714
5132,0.38052714
5133,0.38052714
5134,0.38052714
5135,0.38052714
5136,0.38052714
5137,0.38052714
5138,0.38052714
5139,0.38052714
5140,0.38052714
5141,0.38052714
5142,0.38052714
5143,0.38052714
5144,0.38052714
5145,0.38052714
5146,0.38052714
5147,0.38052714
5148,0.38052714
5149,0.38052714
5150,0.38052714
5151,0.38052714
5152,0.38052714
5153,0.38052714
5154,0.38052714
5155,0.38052714
5156,0.38052714
5157,0.38052714
5158,0.38052714
5159,0.38052714
5160,0.38052714
5161,0.38052714
5162,0.38052714
5163,0.38052714
5164,0.38052714
5165,0.38052714
5166,0.38052714
5167,0.38052714
5168,0.38052714
5169,0.38052714
5170,0.38052714
5171,0.38052714
5172,0.38052714
5173,0.38052714
5174,0.38052714
5175,0.38052714
5176,0.38052714
5177,0.38052714
5178,0.38052714
5179,0.38052714
5180,0.38052714
5181,0.38052714
5182,0.38052714
5183,0.38052714
5184,0.38052714
5185,0.38052714
5186,0.38052714
5187,0.38052714
5188,0.38052714
5189,0.38052714
5190,0.38052714
5191,0.38052714
5192,0.38052714
5193,0.38052714
5194,0.38052714
5195,0.38052714
5196,0.38052714
5197,0.38052714
5198,0.38052714
5199,0.38052714
5200,0.38052714
5201,0.38052714
5202,0.38052714
5203,0.38052714
5204,0.38052714
5205,0.38052714
5206,0.38052714
5207,0.38052714
5208,0.38052714
5209,0.38052714
5210,0.38052714
5211,0.38052714
5212,0.38052714
5213,0.38052714
5214,0.38052714
5215,0.38052714
5216,0.38052714
5217,0.38052714
5218,0.38052714
5219,0.38052714
5220,0.38052714
5221,0.38052714
5222,0.38052714
5223,0.38052714
5224,0.38052714
5225,0.38052714
5226,0.38052714
5227,0.38052714
5228,0.38052714
5229,0.38052714
5230,0.38052714
5231,0.38052714
5232,0.38052714
5233,0.38052714
5234,0.38052714
5235,0.38052714
5236,0.38052714
5237,0.38052714
5238,0.38052714
5239,0.38052714
5240,0.38052714
5241,0.38052714
5242,0.38052714
5243,0.38052714
5244,0.38052714
5245,0.38052714
5246,0.38052714
5247,0.38052714
5248,0.38052714
5249,0.38052714
5250,0.38052714
5251,0.38052714
5252,0.38052714
5253,0.38052714
5254,0.38052714
5255,0.38052714
5256,0.38052714
5257,0.38052714
5258,0.38052714
5259,0.38052714
5260,0.38052714
5261,0.38052714
5262,0.38052714
5263,0.38052714
5264,0.38052714
5265,0.38052714
5266,0.38052714
5267,0.38052714
5268,0.38052714
5269,0.38052714
5270,0.38052714
5271,0.38052714
5272,0.38052714
5273,0.38052714
5274,0.38052714
5275,0.38052714
5276,0.38052714
5277,0.38052714
5278,0.38052714
5279,0.38052714
5280,0.38052714
5281,0.38052714
5282,0.38052714
5283,0.38052714
5284,0.38052714
5285,0.38052714
5286,0.38052714
5287,0.38052714
5288,0.38052714
5289,0.38052714
5290,0.38052714
5291,0.38052714
5292,0.38052714
5293,0.38052714
5294,0.38052714
5295,0.38052714
5296,0.38052714
5297,0.38052714
5298,0.38052714
5299,0.38052714
5300,0.38052714
5301,0.38052714
5302,0.38052714
5303,0.38052714
5304,0.38052714
5305,0.38052714
5306,0.38052714
5307,0.38052714
5308,0.38052714
5309,0.38052714
5310,0.38052714
5311,0.38052714
5312,0.38052714
5313,0.38052714
5314,0.38052714
5315,0.38052714
5316,0.38052714
5317,0.38052714
5318,0.38052714
5319,0.38052714
5320,0.38052714
5321,0.38052714
5322,0.38052714
5323,0.38052714
5324,0.38052714
5325,0.38052714
5326,0.38052714
5327,0.38052714
5328,0.38052714
5329,0.38052714
5330,0.38052714
5331,0.38052714
5332,0.38052714
5333,0.38052714
5334,0.38052714
5335,0.38052714
5336,0.38052714
5337,0.38052714
5338,0.38052714
5339,0.38052714
5340,0.38052714
5341,0.38052714
5342,0.38052714
5343,0.38052714
5344,0.38052714
5345,0.38052714
5346,0.38052714
5347,0.38052714
5348,0.38052714
5349,0.38052714
5350,0.38052714
5351,0.38052714
5352,0.38052714
5353,0.38052714
5354,0.38052714
5355,0.38052714
5356,0.38052714
5357,0.38052714
5358,0.38052714
5359,0.38052714
5360,0.38052714
5361,0.38052714
5362,0.38052714
5363,0.38052714
5364,0.38052714
5365,0.38052714
5366,0.38052714
5367,0.38052714
5368,0.38052714
5369,0.38052714
5370,0.38052714
5371,0.38052714
5372,0.38052714
5373,0.38052714
5374,0.38052714
5375,0.38052714
5376,0.38052714
5377,0.38052714
5378,0.38052714
5379,0.38052714
5380,0.38052714
5381,0.38052714
5382,0.38052714
5383,0.38052714
5384,0.38052714
5385,0.38052714
5386,0.38052714
5387,0.38052714
5388,0.38052714
5389,0.38052714
5390,0.38052714
5391,0.38052714
5392,0.38052714
5393,0.38052714
5394,0.38052714
5395,0.38052714
5396,0.38052714
5397,0.38052714
5398,0.38052714
5399,0.38052714
5400,0.38052714
5401,0.38052714
5402,0.38052714
5403,0.38052714
5404,0.38052714
5405,0.38052714
5406,0.38052714
5407,0.38052714
5408,0.38052714
5409,0.38052714
5410,0.38052714
5411,0.38052714
5412,0.38052714
5413,0.38052714
5414,0.38052714
5415,0.38052714
5416,0.38052714
5417,0.38052714
5418,0.38052714
5419,0.38052714
5420,0.38052714
5421,0.38052714
5422,0.38052714
5423,0.38052714
5424,0.38052714
5425,0.38052714
5426,0.38052714
5427,0.38052714
5428,0.38052714
5429,0.38052714
5430,0.38052714
5431,0.38052714
5432,0.38052714
5433,0.38052714
5434,0.38052714
5435,0.38052714
5436,0.38052714
5437,0.38052714
5438,0.38052714
5439,0.38052714
5440,0.38052714
5441,0.38052714
5442,0.38052714
5443,0.38052714
5444,0.38052714
5445,0.38052714
5446,0.38052714
5447,0.38052714
5448,0.38052714
5449,0.38052714
5450,0.38052714
5451,0.38052714
5452,0.38052714
5453,0.38052714
5454,0.38052714
5455,0.38052714
5456,0.38052714
5457,0.38052714
5458,0.38052714
5459,0.38052714
5460,0.38052714
5461,0.38052714
5462,0.38052714
5463,0.38052714
5464,0.38052714
5465,0.38052714
5466,0.38052714
5467,0.38052714
5468,0.38052714
5469,0.38052714
5470,0.38052714
5471,0.38052714
5472,0.38052714
5473,0.38052714
5474,0.38052714
5475,0.38052714
5476,0.38052714
5477,0.38052714
5478,0.38052714
5479,0.38052714
5480,0.38052714
5481,0.38052714
5482,0.38052714
5483,0.38052714
5484,0.38052714
5485,0.38052714
5486,0.38052714
5487,0.38052714
5488,0.38052714
5489,0.38052714
5490,0.38052714
5491,0.38052714
5492,0.38052714
5493,0.38052714
5494,0.38052714
5495,0.38052714
5496,0.38052714
5497,0.38052714
5498,0.38052714
5499,0.38052714
5500,0.38052714
5501,0.38052714
5502,0.38052714
5503,0.38052714
5504,0.38052714
5505,0.38052714
5506,0.38052714
5507,0.38052714
5508,0.38052714
5509,0.38052714
5510,0.38052714
5511,0.38052714
5512,0.38052714
5513,0.38052714
5514,0.38052714
5515,0.38052714
5516,0.38052714
5517,0.38052714
5518,0.38052714
5519,0.38052714
5520,0.38052714
5521,0.38052714
5522,0.38052714
5523,0.38052714
5524,0.38052714
5525,0.38052714
5526,0.38052714
5527,0.38052714
5528,0.38052714
5529,0.38052714
5530,0.38052714
5531,0.38052714
5532,0.38052714
5533,0.38052714
5534,0.38052714
5535,0.38052714
5536,0.38052714
5537,0.38052714
5538,0.38052714
5539,0.38052714
5540,0.38052714
5541,0.38052714
5542,0.38052714
5543,0.38052714
5544,0.38052714
5545,0.38052714
5546,0.38052714
5547,0.38052714
5548,0.38052714
5549,0.38052714
5550,0.38052714
5551,0.38052714
5552,0.38052714
5553,0.38052714
5554,0.38052714
5555,0.38052714
5556,0.38052714
5557,0.38052714
5558,0.38052714
5559,0.38052714
5560,0.38052714
5561,0.38052714
5562,0.38052714
5563,0.38052714
5564,0.38052714
5565,0.38052714
5566,0.38052714
5567,0.38052714
5568,0.38052714
5569,0.38052714
5570,0.38052714
5571,0.38052714
5572,0.38052714
5573,0.38052714
5574,0.38052714
5575,0.38052714
5576,0.38052714
5577,0.38052714
5578,0.38052714
5579,0.38052714
5580,0.38052714
5581,0.38052714
5582,0.38052714
5583,0.38052714
5584,0.38052714
5585,0.38052714
5586,0.38052714
5587,0.38052714
5588,0.38052714
5589,0.38052714
5590,0.38052714
5591,0.38052714
5592,0.38052714
5593,0.38052714
5594,0.38052714
5595,0.38052714
5596,0.38052714
5597,0.38052714
5598,0.38052714
5599,0.38052714
5600,0.38052714
5601,0.38052714
5602,0.38052714
5603,0.38052714
5604,0.38052714
5605,0.38052714
5606,0.38052714
5607,0.38052714
5608,0.38052714
5609,0.38052714
5610,0.38052714
5611,0.38052714
5612,0.38052714
5613,0.38052714
5614,0.38052714
5615,0.38052714
5616,0.38052714
5617,0.38052714
5618,0.38052714
5619,0.38052714
5620,0.38052714
5621,0.38052714
5622,0.38052714
5623,0.38052714
5624,0.38052714
5625,0.38052714
5626,0.38052714
5627,0.38052714
5628,0.38052714
5629,0.38052714
5630,0.38052714
5631,0.38052714
5632,0.38052714
5633,0.38052714
5634,0.38052714
5635,0.38052714
5636,0.38052714
5637,0.38052714
5638,0.38052714
5639,0.38052714
5640,0.38052714
5641,0.38052714
5642,0.38052714
5643,0.38052714
5644,0.38052714
5645,0.38052714
5646,0.38052714
5647,0.38052714
5648,0.38052714
5649,0.38052714
5650,0.38052714
5651,0.38052714
5652,0.38052714
5653,0.38052714
5654,0.38052714
5655,0.38052714
5656,0.38052714
5657,0.38052714
5658,0.38052714
5659,0.38052714
5660,0.38052714
5661,0.38052714
5662,0.38052714
5663,0.38052714
5664,0.38052714
5665,0.38052714
5666,0.38052714
5667,0.38052714
5668,0.38052714
5669,0.38052714
5670,0.38052714
5671,0.38052714
5672,0.38052714
5673,0.38052714
5674,0.38052714
5675,0.38052714
5676,0.38052714
5677,0.38052714
5678,0.38052714
5679,0.38052714
5680,0.38052714
5681,0.38052714
5682,0.38052714
5683,0.38052714
5684,0.38052714
5685,0.38052714
5686,0.38052714
5687,0.38052714
5688,0.38052714
5689,0.38052714
5690,0.38052714
5691,0.38052714
5692,0.38052714
5693,0.38052714
5694,0.38052714
5695,0.38052714
5696,0.38052714
5697,0.38052714
5698,0.38052714
5699,0.38052714
5700,0.38052714
5701,0.38052714
5702,0.38052714
5703,0.38052714
5704,0.38052714
5705,0.38052714
5706,0.38052714
5707,0.38052714
5708,0.38052714
5709,0.38052714
5710,0.38052714
5711,0.38052714
5712,0.38052714
5713,0.38052714
5714,0.38052714
5715,0.38052714
5716,0.38052714
5717,0.38052714
5718,0.38052714
5719,0.38052714
5720,0.38052714
5721,0.38052714
5722,0.38052714
5723,0.38052714
5724,0.38052714
5725,0.38052714
5726,0.38052714
5727,0.38052714
5728,0.38052714
5729,0.38052714
5730,0.38052714
5731,0.38052714
5732,0.38052714
5733,0.38052714
5734,0.38052714
5735,0.38052714
5736,0.38052714
5737,0.38052714
5738,0.38052714
5739,0.38052714
5740,0.38052714
5741,0.38052714
5742,0.38052714
5743,0.38052714
5744,0.38052714
5745,0.38052714
5746,0.38052714
5747,0.38052714
5748,0.38052714
5749,0.38052714
5750,0.38052714
5751,0.38052714
5752,0.38052714
5753,0.38052714
5754,0.38052714
5755,0.38052714
5756,0.38052714
5757,0.38052714
5758,0.38052714
5759,0.38052714
5760,0.38052714
5761,0.38052714
5762,0.38052714
5763,0.38052714
5764,0.38052714
5765,0.38052714
5766,0.38052714
5767,0.38052714
5768,0.38052714
5769,0.38052714
5770,0.38052714
5771,0.38052714
5772,0.38052714
5773,0.38052714
5774,0.38052714
5775,0.38052714
5776,0.38052714
5777,0.38052714
5778,0.38052714
5779,0.38052714
5780,0.38052714
5781,0.38052714
5782,0.38052714
5783,0.38052714
5784,0.38052714
5785,0.38052714
5786,0.38052714
5787,0.38052714
5788,0.38052714
5789,0.38052714
5790,0.38052714
5791,0.38052714
5792,0.38052714
5793,0.38052714
5794,0.38052714
5795,0.38052714
5796,0.38052714
5797,0.38052714
5798,0.38052714
5799,0.38052714
5800,0.38052714
5801,0.38052714
5802,0.38052714
5803,0.38052714
5804,0.38052714
5805,0.38052714
5806,0.38052714
5807,0.38052714
5808,0.38052714
5809,0.38052714
5810,0.38052714
5811,0.38052714
5812,0.38052714
5813,0.38052714
5814,0.38052714
5815,0.38052714
5816,0.38052714
5817,0.38052714
5818,0.38052714
5819,0.38052714
5820,0.38052714
5821,0.38052714
5822,0.38052714
5823,0.38052714
5824,0.38052714
5825,0.38052714
5826,0.38052714
5827,0.38052714
5828,0.38052714
5829,0.38052714
5830,0.38052714
5831,0.38052714
5832,0.38052714
5833,0.38052714
5834,0.38052714
5835,0.38052714
5836,0.38052714
5837,0.38052714
5838,0.38052714
5839,0.38052714
5840,0.38052714
5841,0.38052714
5842,0.38052714
5843,0.38052714
5844,0.38052714
5845,0.38052714
5846,0.38052714
5847,0.38052714
5848,0.38052714
5849,0.38052714
5850,0.38052714
5851,0.38052714
5852,0.38052714
5853,0.38052714
5854,0.38052714
5855,0.38052714
5856,0.38052714
5857,0.38052714
5858,0.38052714
5859,0.38052714
5860,0.38052714
5861,0.38052714
5862,0.38052714
5863,0.38052714
5864,0.38052714
5865,0.38052714
5866,0.38052714
5867,0.38052714
5868,0.38052714
5869,0.38052714
5870,0.38052714
5871,0.38052714
5872,0.38052714
5873,0.38052714
5874,0.38052714
5875,0.38052714
5876,0.38052714
5877,0.38052714
5878,0.38052714
5879,0.38052714
5880,0.38052714
5881,0.38052714
5882,0.38052714
5883,0.38052714
5884,0.38052714
5885,0.38052714
5886,0.38052714
5887,0.38052714
5888,0.38052714
5889,0.38052714
5890,0.38052714
5891,0.38052714
5892,0.38052714
5893,0.38052714
5894,0.38052714
5895,0.38052714
5896,0.38052714
5897,0.38052714
5898,0.38052714
5899,0.38052714
5900,0.38052714
5901,0.38052714
5902,0.38052714
5903,0.38052714
5904,0.38052714
5905,0.38052714
5906,0.38052714
5907,0.38052714
5908,0.38052714
5909,0.38052714
5910,0.38052714
5911,0.38052714
5912,0.38052714
5913,0.38052714
5914,0.38052714
5915,0.38052714
5916,0.38052714
5917,0.38052714
5918,0.38052714
5919,0.38052714
5920,0.38052714
5921,0.38052714
5922,0.38052714
5923,0.38052714
5924,0.38052714
5925,0.38052714
5926,0.38052714
5927,0.38052714
5928,0.38052714
5929,0.38052714
5930,0.38052714
5931,0.38052714
5932,0.38052714
5933,0.38052714
5934,0.38052714
5935,0.38052714
5936,0.38052714
5937,0.38052714
5938,0.38052714
5939,0.38052714
5940,0.38052714
5941,0.38052714
5942,0.38052714
5943,0.38052714
5944,0.38052714
5945,0.38052714
5946,0.38052714
5947,0.38052714
5948,0.38052714
5949,0.38052714
5950,0.38052714
5951,0.38052714
5952,0.38052714
5953,0.38052714
5954,0.38052714
5955,0.38052714
5956,0.38052714
5957,0.38052714
5958,0.38052714
5959,0.38052714
5960,0.38052714
5961,0.38052714
5962,0.38052714
5963,0.38052714
5964,0.38052714
5965,0.38052714
5966,0.38052714
5967,0.38052714
5968,0.38052714
5969,0.38052714
5970,0.38052714
5971,0.38052714
5972,0.38052714
5973,0.38052714
5974,0.38052714
5975,0.38052714
5976,0.38052714
5977,0.38052714
5978,0.38052714
5979,0.38052714
5980,0.38052714
5981,0.38052714
5982,0.38052714
5983,0.38052714
5984,0.38052714
5985,0.38052714
5986,0.38052714
5987,0.38052714
5988,0.38052714
5989,0.38052714
5990,0.38052714
5991,0.38052714
5992,0.38052714
5993,0.38052714
5994,0.38052714
5995,0.38052714
5996,0.38052714
5997,0.38052714
5998,0.38052714
5999,0.38052714
6000,0.38052714
6001,0.38052714
6002,0.38052714
6003,0.38052714
6004,0.38052714
6005,0.38052714
6006,0.38052714
6007,0.38052714
6008,0.38052714
6009,0.38052714
6010,0.38052714
6011,0.38052714
6012,0.38052714
6013,0.38052714
6014,0.38052714
6015,0.38052714
6016,0.38052714
6017,0.38052714
6018,0.38052714
6019,0.38052714
6020,0.38052714
6021,0.38052714
6022,0.38052714
6023,0.38052714
6024,0.38052714
6025,0.38052714
6026,0.38052714
6027,0.38052714
6028,0.38052714
6029,0.38052714
6030,0.38052714
6031,0.38052714
6032,0.38052714
6033,0.38052714
6034,0.38052714
6035,0.38052714
6036,0.38052714
6037,0.38052714
6038,0.38052714
6039,0.38052714
6040,0.38052714
6041,0.38052714
6042,0.38052714
6043,0.38052714
6044,0.38052714
6045,0.38052714
6046,0.38052714
6047,0.38052714
6048,0.38052714
6049,0.38052714
6050,0.38052714
6051,0.38052714
6052,0.38052714
6053,0.38052714
6054,0.38052714
6055,0.38052714
6056,0.38052714
6057,0.38052714
6058,0.38052714
6059,0.38052714
6060,0.38052714
6061,0.38052714
6062,0.38052714
6063,0.38052714
6064,0.38052714
6065,0.38052714
6066,0.38052714
6067,0.38052714
6068,0.38052714
6069,0.38052714
6070,0.38052714
6071,0.38052714
6072,0.38052714
6073,0.38052714
6074,0.38052714
6075,0.38052714
6076,0.38052714
6077,0.38052714
6078,0.38052714
6079,0.38052714
6080,0.38052714
6081,0.38052714
6082,0.38052714
6083,0.38052714
6084,0.38052714
6085,0.38052714
6086,0.38052714
6087,0.38052714
6088,0.38052714
6089,0.38052714
6090,0.38052714
6091,0.38052714
6092,0.38052714
6093,0.38052714
6094,0.38052714
6095,0.38052714
6096,0.38052714
6097,0.38052714
6098,0.38052714
6099,0.38052714
6100,0.38052714
6101,0.38052714
6102,0.38052714
6103,0.38052714
6104,0.38052714
6105,0.38052714
6106,0.38052714
6107,0.38052714
6108,0.38052714
6109,0.38052714
6110,0.38052714
6111,0.38052714
6112,0.38052714
6113,0.38052714
6114,0.38052714
6115,0.38052714
6116,0.38052714
6117,0.38052714
6118,0.38052714
6119,0.38052714
6120,0.38052714
6121,0.38052714
6122,0.38052714
6123,0.38052714
6124,0.38052714
6125,0.38052714
6126,0.38052714
6127,0.38052714
6128,0.38052714
6129,0.38052714
6130,0.38052714
6131,0.38052714
6132,0.38052714
6133,0.38052714
6134,0.38052714
6135,0.38052714
6136,0.38052714
6137,0.38052714
6138,0.38052714
6139,0.38052714
6140,0.38052714
6141,0.38052714
6142,0.38052714
6143,0.38052714
6144,0.38052714
6145,0.38052714
6146,0.38052714
6147,0.38052714
6148,0.38052714
6149,0.38052714
6150,0.38052714
6151,0.38052714
6152,0.38052714
6153,0.38052714
6154,0.38052714
6155,0.38052714
6156,0.38052714
6157,0.38052714
6158,0.38052714
6159,0.38052714
6160,0.38052714
6161,0.38052714
6162,0.38052714
6163,0.38052714
6164,0.38052714
6165,0.38052714
6166,0.38052714
6167,0.38052714
6168,0.38052714
6169,0.38052714
6170,0.38052714
6171,0.38052714
6172,0.38052714
6173,0.38052714
6174,0.38052714
6175,0.38052714
6176,0.38052714
6177,0.38052714
6178,0.38052714
6179,0.38052714
6180,0.38052714
6181,0.38052714
6182,0.38052714
6183,0.38052714
6184,0.38052714
6185,0.38052714
6186,0.38052714
6187,0.38052714
6188,0.38052714
6189,0.38052714
6190,0.38052714
6191,0.38052714
6192,0.38052714
6193,0.38052714
6194,0.38052714
6195,0.38052714
6196,0.38052714
6197,0.38052714
6198,0.38052714
6199,0.38052714
6200,0.38052714
6201,0.38052714
6202,0.38052714
6203,0.38052714
6204,0.38052714
6205,0.38052714
6206,0.38052714
6207,0.38052714
6208,0.38052714
6209,0.38052714
6210,0.38052714
6211,0.38052714
6212,0.38052714
6213,0.38052714
6214,0.38052714
6215,0.38052714
6216,0.38052714
6217,0.38052714
6218,0.38052714
6219,0.38052714
6220,0.38052714
6221,0.38052714
6222,0.38052714
6223,0.38052714
6224,0.38052714
6225,0.38052714
6226,0.38052714
6227,0.38052714
6228,0.38052714
6229,0.38052714
6230,0.38052714
6231,0.38052714
6232,0.38052714
6233,0.38052714
6234,0.38052714
6235,0.38052714
6236,0.38052714
6237,0.38052714
6238,0.38052714
6239,0.38052714
6240,0.38052714
6241,0.38052714
6242,0.38052714
6243,0.38052714
6244,0.38052714
6245,0.38052714
6246,0.38052714
6247,0.38052714
6248,0.38052714
6249,0.38052714
6250,0.38052714
6251,0.38052714
6252,0.38052714
6253,0.38052714
6254,0.38052714
6255,0.38052714
6256,0.38052714
6257,0.38052714
6258,0.38052714
6259,0.38052714
6260,0.38052714
6261,0.38052714
6262,0.38052714
6263,0.38052714
6264,0.38052714
6265,0.38052714
6266,0.38052714
6267,0.38052714
6268,0.38052714
6269,0.38052714
6270,0.38052714
6271,0.38052714
6272,0.38052714
6273,0.38052714
6274,0.38052714
6275,0.38052714
6276,0.38052714
6277,0.38052714
6278,0.38052714
6279,0.38052714
6280,0.38052714
6281,0.38052714
6282,0.38052714
6283,0.38052714
6284,0.38052714
6285,0.38052714
6286,0.38052714
6287,0.38052714
6288,0.38052714
6289,0.38052714
6290,0.38052714
6291,0.38052714
6292,0.38052714
6293,0.38052714
6294,0.38052714
6295,0.38052714
6296,0.38052714
6297,0.38052714
6298,0.38052714
6299,0.38052714
6300,0.38052714
6301,0.38052714
6302,0.38052714
6303,0.38052714
6304,0.38052714
6305,0.38052714
6306,0.38052714
6307,0.38052714
6308,0.38052714
6309,0.38052714
6310,0.38052714
6311,0.38052714
6312,0.38052714
6313,0.38052714
6314,0.38052714
6315,0.38052714
6316,0.38052714
6317,0.38052714
6318,0.38052714
6319,0.38052714
6320,0.38052714
6321,0.38052714
6322,0.38052714
6323,0.38052714
6324,0.38052714
6325,0.38052714
6326,0.38052714
6327,0.38052714
6328,0.38052714
6329,0.38052714
6330,0.38052714
6331,0.38052714
6332,0.38052714
6333,0.38052714
6334,0.38052714
6335,0.38052714
6336,0.38052714
6337,0.38052714
6338,0.38052714
6339,0.38052714
6340,0.38052714
6341,0.38052714
6342,0.38052714
6343,0.38052714
6344,0.38052714
6345,0.38052714
6346,0.38052714
6347,0.38052714
6348,0.38052714
6349,0.38052714
6350,0.38052714
6351,0.38052714
6352,0.38052714
6353,0.38052714
6354,0.38052714
6355,0.38052714
6356,0.38052714
6357,0.38052714
6358,0.38052714
6359,0.38052714
6360,0.38052714
6361,0.38052714
6362,0.38052714
6363,0.38052714
6364,0.38052714
6365,0.38052714
6366,0.38052714
6367,0.38052714
6368,0.38052714
6369,0.38052714
6370,0.38052714
6371,0.38052714
6372,0.38052714
6373,0.38052714
6374,0.38052714
6375,0.38052714
6376,0.38052714
6377,0.38052714
6378,0.38052714
6379,0.38052714
6380,0.38052714
6381,0.38052714
6382,0.38052714
6383,0.38052714
6384,0.38052714
6385,0.38052714
6386,0.38052714
6387,0.38052714
6388,0.38052714
6389,0.38052714
6390,0.38052714
6391,0.38052714
6392,0.38052714
6393,0.38052714
6394,0.38052714
6395,0.38052714
6396,0.38052714
6397,0.38052714
6398,0.38052714
6399,0.38052714
6400,0.38052714
6401,0.38052714
6402,0.38052714
6403,0.38052714
6404,0.38052714
6405,0.38052714
6406,0.38052714
6407,0.38052714
6408,0.38052714
6409,0.38052714
6410,0.38052714
6411,0.38052714
6412,0.38052714
6413,0.38052714
6414,0.38052714
6415,0.38052714
6416,0.38052714
6417,0.38052714
6418,0.38052714
6419,0.38052714
6420,0.38052714
6421,0.38052714
6422,0.38052714
6423,0.38052714
6424,0.38052714
6425,0.38052714
6426,0.38052714
6427,0.38052714
6428,0.38052714
6429,0.38052714
6430,0.38052714
6431,0.38052714
6432,0.38052714
6433,0.38052714
6434,0.38052714
6435,0.38052714
6436,0.38052714
6437,0.38052714
6438,0.38052714
6439,0.38052714
6440,0.38052714
6441,0.38052714
6442,0.38052714
6443,0.38052714
6444,0.38052714
6445,0.38052714
6446,0.38052714
6447,0.38052714
6448,0.38052714
6449,0.38052714
6450,0.38052714
6451,0.38052714
6452,0.38052714
6453,0.38052714
6454,0.38052714
6455,0.38052714
6456,0.38052714
6457,0.38052714
6458,0.38052714
6459,0.38052714
6460,0.38052714
6461,0.38052714
6462,0.38052714
6463,0.38052714
6464,0.38052714
6465,0.38052714
6466,0.38052714
6467,0.38052714
6468,0.38052714
6469,0.38052714
6470,0.38052714
6471,0.38052714
6472,0.38052714
6473,0.38052714
6474,0.38052714
6475,0.38052714
6476,0.38052714
6477,0.38052714
6478,0.38052714
6479,0.38052714
6480,0.38052714
6481,0.38052714
6482,0.38052714
6483,0.38052714
6484,0.38052714
6485,0.38052714
6486,0.38052714
6487,0.38052714
6488,0.38052714
6489,0.38052714
6490,0.38052714
6491,0.38052714
6492,0.38052714
6493,0.38052714
6494,0.38052714
6495,0.38052714
6496,0.38052714
6497,0.38052714
6498,0.38052714
6499,0.38052714
6500,0.38052714
6501,0.38052714
6502,0.38052714
6503,0.38052714
6504,0.38052714
6505,0.38052714
6506,0.38052714
6507,0.38052714
6508,0.38052714
6509,0.38052714
6510,0.38052714
6511,0.38052714
6512,0.38052714
6513,0.38052714
6514,0.38052714
6515,0.38052714
6516,0.38052714
6517,0.38052714
6518,0.38052714
6519,0.38052714
6520,0.38052714
6521,0.38052714
6522,0.38052714
6523,0.38052714
6524,0.38052714
6525,0.38052714
6526,0.38052714
6527,0.38052714
6528,0.38052714
6529,0.38052714
6530,0.38052714
6531,0.38052714
6532,0.38052714
6533,0.38052714
6534,0.38052714
6535,0.38052714
6536,0.38052714
6537,0.38052714
6538,0.38052714
6539,0.38052714
6540,0.38052714
6541,0.38052714
6542,0.38052714
6543,0.38052714
6544,0.38052714
6545,0.38052714
6546,0.38052714
6547,0.38052714
6548,0.38052714
6549,0.38052714
6550,0.38052714
6551,0.38052714
6552,0.38052714
6553,0.38052714
6554,0.38052714
6555,0.38052714
6556,0.38052714
6557,0.38052714
6558,0.38052714
6559,0.38052714
6560,0.38052714
6561,0.38052714
6562,0.38052714
6563,0.38052714
6564,0.38052714
6565,0.38052714
6566,0.38052714
6567,0.38052714
6568,0.38052714
6569,0.38052714
6570,0.38052714
6571,0.38052714
6572,0.38052714
6573,0.38052714
6574,0.38052714
6575,0.38052714
6576,0.38052714
6577,0.38052714
6578,0.38052714
6579,0.38052714
6580,0.38052714
6581,0.38052714
6582,0.38052714
6583,0.38052714
6584,0.38052714
6585,0.38052714
6586,0.38052714
6587,0.38052714
6588,0.38052714
6589,0.38052714
6590,0.38052714
6591,0.38052714
6592,0.38052714
6593,0.38052714
6594,0.38052714
6595,0.38052714
6596,0.38052714
6597,0.38052714
6598,0.38052714
6599,0.38052714
6600,0.38052714
6601,0.38052714
6602,0.38052714
6603,0.38052714
6604,0.38052714
6605,0.38052714
6606,0.38052714
6607,0.38052714
6608,0.38052714
6609,0.38052714
6610,0.38052714
6611,0.38052714
6612,0.38052714
6613,0.38052714
6614,0.38052714
6615,0.38052714
6616,0.38052714
6617,0.38052714
6618,0.38052714
6619,0.38052714
6620,0.38052714
6621,0.38052714
6622,0.38052714
6623,0.38052714
6624,0.38052714
6625,0.38052714
6626,0.38052714
6627,0.38052714
6628,0.38052714
6629,0.38052714
6630,0.38052714
6631,0.38052714
6632,0.38052714
6633,0.38052714
6634,0.38052714
6635,0.38052714
6636,0.38052714
6637,0.38052714
6638,0.38052714
6639,0.38052714
6640,0.38052714
6641,0.38052714
6642,0.38052714
6643,0.38052714
6644,0.38052714
6645,0.38052714
6646,0.38052714
6647,0.38052714
6648,0.38052714
6649,0.38052714
6650,0.38052714
6651,0.38052714
6652,0.38052714
6653,0.38052714
6654,0.38052714
6655,0.38052714
6656,0.38052714
6657,0.38052714
6658,0.38052714
6659,0.38052714
6660,0.38052714
6661,0.38052714
6662,0.38052714
6663,0.38052714
6664,0.38052714
6665,0.38052714
6666,0.38052714
6667,0.38052714
6668,0.38052714
6669,0.38052714
6670,0.38052714
6671,0.38052714
6672,0.38052714
6673,0.38052714
6674,0.38052714
6675,0.38052714
6676,0.38052714
6677,0.38052714
6678,0.38052714
6679,0.38052714
6680,0.38052714
6681,0.38052714
6682,0.38052714
6683,0.38052714
6684,0.38052714
6685,0.38052714
6686,0.38052714
6687,0.38052714
6688,0.38052714
6689,0.38052714
6690,0.38052714
6691,0.38052714
6692,0.38052714
6693,0.38052714
6694,0.38052714
6695,0.38052714
6696,0.38052714
6697,0.38052714
6698,0.38052714
6699,0.38052714
6700,0.38052714
6701,0.38052714
6702,0.38052714
6703,0.38052714
6704,0.38052714
6705,0.38052714
6706,0.38052714
6707,0.38052714
6708,0.38052714
6709,0.38052714
6710,0.38052714
6711,0.38052714
6712,0.38052714
6713,0.38052714
6714,0.38052714
6715,0.38052714
6716,0.38052714
6717,0.38052714
6718,0.38052714
6719,0.38052714
6720,0.38052714
6721,0.38052714
6722,0.38052714
6723,0.38052714
6724,0.38052714
6725,0.38052714
6726,0.38052714
6727,0.38052714
6728,0.38052714
6729,0.38052714
6730,0.38052714
6731,0.38052714
6732,0.38052714
6733,0.38052714
6734,0.38052714
6735,0.38052714
6736,0.38052714
6737,0.38052714
6738,0.38052714
6739,0.38052714
6740,0.38052714
6741,0.38052714
6742,0.38052714
6743,0.38052714
6744,0.38052714
6745,0.38052714
6746,0.38052714
6747,0.38052714
6748,0.38052714
6749,0.38052714
6750,0.38052714
6751,0.38052714
6752,0.38052714
6753,0.38052714
6754,0.38052714
6755,0.38052714
6756,0.38052714
6757,0.38052714
6758,0.38052714
6759,0.38052714
6760,0.38052714
6761,0.38052714
6762,0.38052714
6763,0.38052714
6764,0.38052714
6765,0.38052714
6766,0.38052714
6767,0.38052714
6768,0.38052714
6769,0.38052714
6770,0.38052714
6771,0.38052714
6772,0.38052714
6773,0.38052714
6774,0.38052714
6775,0.38052714
6776,0.38052714
6777,0.38052714
6778,0.38052714
6779,0.38052714
6780,0.38052714
6781,0.38052714
6782,0.38052714
6783,0.38052714
6784,0.38052714
6785,0.38052714
6786,0.38052714
6787,0.38052714
6788,0.38052714
6789,0.38052714
6790,0.38052714
6791,0.38052714
6792,0.38052714
6793,0.38052714
6794,0.38052714
6795,0.38052714
6796,0.38052714
6797,0.38052714
6798,0.38052714
6799,0.38052714
6800,0.38052714
6801,0.38052714
6802,0.38052714
6803,0.38052714
6804,0.38052714
6805,0.38052714
6806,0.38052714
6807,0.38052714
6808,0.38052714
6809,0.38052714
6810,0.38052714
6811,0.38052714
6812,0.38052714
6813,0.38052714
6814,0.38052714
6815,0.38052714
6816,0.38052714
6817,0.38052714
6818,0.38052714
6819,0.38052714
6820,0.38052714
6821,0.38052714
6822,0.38052714
6823,0.38052714
6824,0.38052714
6825,0.38052714
6826,0.38052714
6827,0.38052714
6828,0.38052714
6829,0.38052714
6830,0.38052714
6831,0.38052714
6832,0.38052714
6833,0.38052714
6834,0.38052714
6835,0.38052714
6836,0.38052714
6837,0.38052714
6838,0.38052714
6839,0.38052714
6840,0.38052714
6841,0.38052714
6842,0.38052714
6843,0.38052714
6844,0.38052714
6845,0.38052714
6846,0.38052714
6847,0.38052714
6848,0.38052714
6849,0.38052714
6850,0.38052714
6851,0.38052714
6852,0.38052714
6853,0.38052714
6854,0.38052714
6855,0.38052714
6856,0.38052714
6857,0.38052714
6858,0.38052714
6859,0.38052714
6860,0.38052714
6861,0.38052714
6862,0.38052714
6863,0.38052714
6864,0.38052714
6865,0.38052714
6866,0.38052714
6867,0.38052714
6868,0.38052714
6869,0.38052714
6870,0.38052714
6871,0.38052714
6872,0.38052714
6873,0.38052714
6874,0.38052714
6875,0.38052714
6876,0.38052714
6877,0.38052714
6878,0.38052714
6879,0.38052714
6880,0.38052714
6881,0.38052714
6882,0.38052714
6883,0.38052714
6884,0.38052714
6885,0.38052714
6886,0.38052714
6887,0.38052714
6888,0.38052714
6889,0.38052714
6890,0.38052714
6891,0.38052714
6892,0.38052714
6893,0.38052714
6894,0.38052714
6895,0.38052714
6896,0.38052714
6897,0.38052714
6898,0.38052714
6899,0.38052714
6900,0.38052714
6901,0.38052714
6902,0.38052714
6903,0.38052714
6904,0.38052714
6905,0.38052714
6906,0.38052714
6907,0.38052714
6908,0.38052714
6909,0.38052714
6910,0.38052714
6911,0.38052714
6912,0.38052714
6913,0.38052714
6914,0.38052714
6915,0.38052714
6916,0.38052714
6917,0.38052714
6918,0.38052714
6919,0.38052714
6920,0.38052714
6921,0.38052714
6922,0.38052714
6923,0.38052714
6924,0.38052714
6925,0.38052714
6926,0.38052714
6927,0.38052714
6928,0.38052714
6929,0.38052714
6930,0.38052714
6931,0.38052714
6932,0.38052714
6933,0.38052714
6934,0.38052714
6935,0.38052714
6936,0.38052714
6937,0.38052714
6938,0.38052714
6939,0.38052714
6940,0.38052714
6941,0.38052714
6942,0.38052714
6943,0.38052714
6944,0.38052714
6945,0.38052714
6946,0.38052714
6947,0.38052714
6948,0.38052714
6949,0.38052714
6950,0.38052714
6951,0.38052714
6952,0.38052714
6953,0.38052714
6954,0.38052714
6955,0.38052714
6956,0.38052714
6957,0.38052714
6958,0.38052714
6959,0.38052714
6960,0.38052714
6961,0.38052714
6962,0.38052714
6963,0.38052714
6964,0.38052714
6965,0.38052714
6966,0.38052714
6967,0.38052714
6968,0.38052714
6969,0.38052714
6970,0.38052714
6971,0.38052714
6972,0.38052714
6973,0.38052714
6974,0.38052714
6975,0.38052714
6976,0.38052714
6977,0.38052714
6978,0.38052714
6979,0.38052714
6980,0.38052714
6981,0.38052714
6982,0.38052714
6983,0.38052714
6984,0.38052714
6985,0.38052714
6986,0.38052714
6987,0.38052714
6988,0.38052714
6989,0.38052714
6990,0.38052714
6991,0.38052714
6992,0.38052714
6993,0.38052714
6994,0.38052714
6995,0.38052714
6996,0.38052714
6997,0.38052714
6998,0.38052714
6999,0.38052714
7000,0.38052714
7001,0.38052714
7002,0.38052714
7003,0.38052714
7004,0.38052714
7005,0.38052714
7006,0.38052714
7007,0.38052714
7008,0.38052714
7009,0.38052714
7010,0.38052714
7011,0.38052714
7012,0.38052714
7013,0.38052714
7014,0.38052714
7015,0.38052714
7016,0.38052714
7017,0.38052714
7018,0.38052714
7019,0.38052714
7020,0.38052714
7021,0.38052714
7022,0.38052714
7023,0.38052714
7024,0.38052714
7025,0.38052714
7026,0.38052714
7027,0.38052714
7028,0.38052714
7029,0.38052714
7030,0.38052714
7031,0.38052714
7032,0.38052714
7033,0.38052714
7034,0.38052714
7035,0.38052714
7036,0.38052714
7037,0.38052714
7038,0.38052714
7039,0.38052714
7040,0.38052714
7041,0.38052714
7042,0.38052714
7043,0.38052714
7044,0.38052714
7045,0.38052714
7046,0.38052714
7047,0.38052714
7048,0.38052714
7049,0.38052714
7050,0.38052714
7051,0.38052714
7052,0.38052714
7053,0.38052714
7054,0.38052714
7055,0.38052714
7056,0.38052714
7057,0.38052714
7058,0.38052714
7059,0.38052714
7060,0.38052714
7061,0.38052714
7062,0.38052714
7063,0.38052714
7064,0.38052714
7065,0.38052714
7066,0.38052714
7067,0.38052714
7068,0.38052714
7069,0.38052714
7070,0.38052714
7071,0.38052714
7072,0.38052714
7073,0.38052714
7074,0.38052714
7075,0.38052714
7076,0.38052714
7077,0.38052714
7078,0.38052714
7079,0.38052714
7080,0.38052714
7081,0.38052714
7082,0.38052714
7083,0.38052714
7084,0.38052714
7085,0.38052714
7086,0.38052714
7087,0.38052714
7088,0.38052714
7089,0.38052714
7090,0.38052714
7091,0.38052714
7092,0.38052714
7093,0.38052714
7094,0.38052714
7095,0.38052714
7096,0.38052714
7097,0.38052714
7098,0.38052714
7099,0.38052714
7100,0.38052714
7101,0.38052714
7102,0.38052714
7103,0.38052714
7104,0.38052714
7105,0.38052714
7106,0.38052714
7107,0.38052714
7108,0.38052714
7109,0.38052714
7110,0.38052714
7111,0.38052714
7112,0.38052714
7113,0.38052714
7114,0.38052714
7115,0.38052714
7116,0.38052714
7117,0.38052714
7118,0.38052714
7119,0.38052714
7120,0.38052714
7121,0.38052714
7122,0.38052714
7123,0.38052714
7124,0.38052714
7125,0.38052714
7126,0.38052714
7127,0.38052714
7128,0.38052714
7129,0.38052714
7130,0.38052714
7131,0.38052714
7132,0.38052714
7133,0.38052714
7134,0.38052714
7135,0.38052714
7136,0.38052714
7137,0.38052714
7138,0.38052714
7139,0.38052714
7140,0.38052714
7141,0.38052714
7142,0.38052714
7143,0.38052714
7144,0.38052714
7145,0.38052714
7146,0.38052714
7147,0.38052714
7148,0.38052714
7149,0.38052714
7150,0.38052714
7151,0.38052714
7152,0.38052714
7153,0.38052714
7154,0.38052714
7155,0.38052714
7156,0.38052714
7157,0.38052714
7158,0.38052714
7159,0.38052714
7160,0.38052714
7161,0.38052714
7162,0.38052714
7163,0.38052714
7164,0.38052714
7165,0.38052714
7166,0.38052714
7167,0.38052714
7168,0.38052714
7169,0.38052714
7170,0.38052714
7171,0.38052714
7172,0.38052714
7173,0.38052714
7174,0.38052714
7175,0.38052714
7176,0.38052714
7177,0.38052714
7178,0.38052714
7179,0.38052714
7180,0.38052714
7181,0.38052714
7182,0.38052714
7183,0.38052714
7184,0.38052714
7185,0.38052714
7186,0.38052714
7187,0.38052714
7188,0.38052714
7189,0.38052714
7190,0.38052714
7191,0.38052714
7192,0.38052714
7193,0.38052714
7194,0.38052714
7195,0.38052714
7196,0.38052714
7197,0.38052714
7198,0.38052714
7199,0.38052714
7200,0.38052714
7201,0.38052714
7202,0.38052714
7203,0.38052714
7204,0.38052714
7205,0.38052714
7206,0.38052714
7207,0.38052714
7208,0.38052714
7209,0.38052714
7210,0.38052714
7211,0.38052714
7212,0.38052714
7213,0.38052714
7214,0.38052714
7215,0.38052714
7216,0.38052714
7217,0.38052714
7218,0.38052714
7219,0.38052714
7220,0.38052714
7221,0.38052714
7222,0.38052714
7223,0.38052714
7224,0.38052714
7225,0.38052714
7226,0.38052714
7227,0.38052714
7228,0.38052714
7229,0.38052714
7230,0.38052714
7231,0.38052714
7232,0.38052714
7233,0.38052714
7234,0.38052714
7235,0.38052714
7236,0.38052714
7237,0.38052714
7238,0.38052714
7239,0.38052714
7240,0.38052714
7241,0.38052714
7242,0.38052714
7243,0.38052714
7244,0.38052714
7245,0.38052714
7246,0.38052714
7247,0.38052714
7248,0.38052714
7249,0.38052714
7250,0.38052714
7251,0.38052714
7252,0.38052714
7253,0.38052714
7254,0.38052714
7255,0.38052714
7256,0.38052714
7257,0.38052714
7258,0.38052714
7259,0.38052714
7260,0.38052714
7261,0.38052714
7262,0.38052714
7263,0.38052714
7264,0.38052714
7265,0.38052714
7266,0.38052714
7267,0.38052714
7268,0.38052714
7269,0.38052714
7270,0.38052714
7271,0.38052714
7272,0.38052714
7273,0.38052714
7274,0.38052714
7275,0.38052714
7276,0.38052714
7277,0.38052714
7278,0.38052714
7279,0.38052714
7280,0.38052714
7281,0.38052714
7282,0.38052714
7283,0.38052714
7284,0.38052714
7285,0.38052714
7286,0.38052714
7287,0.38052714
7288,0.38052714
7289,0.38052714
7290,0.38052714
7291,0.38052714
7292,0.38052714
7293,0.38052714
7294,0.38052714
7295,0.38052714
7296,0.38052714
7297,0.38052714
7298,0.38052714
7299,0.38052714
7300,0.38052714
7301,0.38052714
7302,0.38052714
7303,0.38052714
7304,0.38052714
7305,0.38052714
7306,0.38052714
7307,0.38052714
7308,0.38052714
7309,0.38052714
7310,0.38052714
7311,0.38052714
7312,0.38052714
7313,0.38052714
7314,0.38052714
7315,0.38052714
7316,0.38052714
7317,0.38052714
7318,0.38052714
7319,0.38052714
7320,0.38052714
7321,0.38052714
7322,0.38052714
7323,0.38052714
7324,0.38052714
7325,0.38052714
7326,0.38052714
7327,0.38052714
7328,0.38052714
7329,0.38052714
7330,0.38052714
7331,0.38052714
7332,0.38052714
7333,0.38052714
7334,0.38052714
7335,0.38052714
7336,0.38052714
7337,0.38052714
7338,0.38052714
7339,0.38052714
7340,0.38052714
7341,0.38052714
7342,0.38052714
7343,0.38052714
7344,0.38052714
7345,0.38052714
7346,0.38052714
7347,0.38052714
7348,0.38052714
7349,0.38052714
7350,0.38052714
7351,0.38052714
7352,0.38052714
7353,0.38052714
7354,0.38052714
7355,0.38052714
7356,0.38052714
7357,0.38052714
7358,0.38052714
7359,0.38052714
7360,0.38052714
7361,0.38052714
7362,0.38052714
7363,0.38052714
7364,0.38052714
7365,0.38052714
7366,0.38052714
7367,0.38052714
7368,0.38052714
7369,0.38052714
7370,0.38052714
7371,0.38052714
7372,0.38052714
7373,0.38052714
7374,0.38052714
7375,0.38052714
7376,0.38052714
7377,0.38052714
7378,0.38052714
7379,0.38052714
7380,0.38052714
7381,0.38052714
7382,0.38052714
7383,0.38052714
7384,0.38052714
7385,0.38052714
7386,0.38052714
7387,0.38052714
7388,0.38052714
7389,0.38052714
7390,0.38052714
7391,0.38052714
7392,0.38052714
7393,0.38052714
7394,0.38052714
7395,0.38052714
7396,0.38052714
7397,0.38052714
7398,0.38052714
7399,0.38052714
7400,0.38052714
7401,0.38052714
7402,0.38052714
7403,0.38052714
7404,0.38052714
7405,0.38052714
7406,0.38052714
7407,0.38052714
7408,0.38052714
7409,0.38052714
7410,0.38052714
7411,0.38052714
7412,0.38052714
7413,0.38052714
7414,0.38052714
7415,0.38052714
7416,0.38052714
7417,0.38052714
7418,0.38052714
7419,0.38052714
7420,0.38052714
7421,0.38052714
7422,0.38052714
7423,0.38052714
7424,0.38052714
7425,0.38052714
7426,0.38052714
7427,0.38052714
7428,0.38052714
7429,0.38052714
7430,0.38052714
7431,0.38052714
7432,0.38052714
7433,0.38052714
7434,0.38052714
7435,0.38052714
7436,0.38052714
7437,0.38052714
7438,0.38052714
7439,0.38052714
7440,0.38052714
7441,0.38052714
7442,0.38052714
7443,0.38052714
7444,0.38052714
7445,0.38052714
7446,0.38052714
7447,0.38052714
7448,0.38052714
7449,0.38052714
7450,0.38052714
7451,0.38052714
7452,0.38052714
7453,0.38052714
7454,0.38052714
7455,0.38052714
7456,0.38052714
7457,0.38052714
7458,0.38052714
7459,0.38052714
7460,0.38052714
7461,0.38052714
7462,0.38052714
7463,0.38052714
7464,0.38052714
7465,0.38052714
7466,0.38052714
7467,0.38052714
7468,0.38052714
7469,0.38052714
7470,0.38052714
7471,0.38052714
7472,0.38052714
7473,0.38052714
7474,0.38052714
7475,0.38052714
7476,0.38052714
7477,0.38052714
7478,0.38052714
7479,0.38052714
7480,0.38052714
7481,0.38052714
7482,0.38052714
7483,0.38052714
7484,0.38052714
7485,0.38052714
7486,0.38052714
7487,0.38052714
7488,0.38052714
7489,0.38052714
7490,0.38052714
7491,0.38052714
7492,0.38052714
7493,0.38052714
7494,0.38052714
7495,0.38052714
7496,0.38052714
7497,0.38052714
7498,0.38052714
7499,0.38052714
7500,0.38052714
7501,0.38052714
7502,0.38052714
7503,0.38052714
7504,0.38052714
7505,0.38052714
7506,0.38052714
7507,0.38052714
7508,0.38052714
7509,0.38052714
7510,0.38052714
7511,0.38052714
7512,0.38052714
7513,0.38052714
7514,0.38052714
7515,0.38052714
7516,0.38052714
7517,0.38052714
7518,0.38052714
7519,0.38052714
7520,0.38052714
7521,0.38052714
7522,0.38052714
7523,0.38052714
7524,0.38052714
7525,0.38052714
7526,0.38052714
7527,0.38052714
7528,0.38052714
7529,0.38052714
7530,0.38052714
7531,0.38052714
7532,0.38052714
7533,0.38052714
7534,0.38052714
7535,0.38052714
7536,0.38052714
7537,0.38052714
7538,0.38052714
7539,0.38052714
7540,0.38052714
7541,0.38052714
7542,0.38052714
7543,0.38052714
7544,0.38052714
7545,0.38052714
7546,0.38052714
7547,0.38052714
7548,0.38052714
7549,0.38052714
7550,0.38052714
7551,0.38052714
7552,0.38052714
7553,0.38052714
7554,0.38052714
7555,0.38052714
7556,0.38052714
7557,0.38052714
7558,0.38052714
7559,0.38052714
7560,0.38052714
7561,0.38052714
7562,0.38052714
7563,0.38052714
7564,0.38052714
7565,0.38052714
7566,0.38052714
7567,0.38052714
7568,0.38052714
7569,0.38052714
7570,0.38052714
7571,0.38052714
7572,0.38052714
7573,0.38052714
7574,0.38052714
7575,0.38052714
7576,0.38052714
7577,0.38052714
7578,0.38052714
7579,0.38052714
7580,0.38052714
7581,0.38052714
7582,0.38052714
7583,0.38052714
7584,0.38052714
7585,0.38052714
7586,0.38052714
7587,0.38052714
7588,0.38052714
7589,0.38052714
7590,0.38052714
7591,0.38052714
7592,0.38052714
7593,0.38052714
7594,0.38052714
7595,0.38052714
7596,0.38052714
7597,0.38052714
7598,0.38052714
7599,0.38052714
7600,0.38052714
7601,0.38052714
7602,0.38052714
7603,0.38052714
7604,0.38052714
7605,0.38052714
7606,0.38052714
7607,0.38052714
7608,0.38052714
7609,0.38052714
7610,0.38052714
7611,0.38052714
7612,0.38052714
7613,0.38052714
7614,0.38052714
7615,0.38052714
7616,0.38052714
7617,0.38052714
7618,0.38052714
7619,0.38052714
7620,0.38052714
7621,0.38052714
7622,0.38052714
7623,0.38052714
7624,0.38052714
7625,0.38052714
7626,0.38052714
7627,0.38052714
7628,0.38052714
7629,0.38052714
7630,0.38052714
7631,0.38052714
7632,0.38052714
7633,0.38052714
7634,0.38052714
7635,0.38052714
7636,0.38052714
7637,0.38052714
7638,0.38052714
7639,0.38052714
7640,0.38052714
7641,0.38052714
7642,0.38052714
7643,0.38052714
7644,0.38052714
7645,0.38052714
7646,0.38052714
7647,0.38052714
7648,0.38052714
7649,0.38052714
7650,0.38052714
7651,0.38052714
7652,0.38052714
7653,0.38052714
7654,0.38052714
7655,0.38052714
7656,0.38052714
7657,0.38052714
7658,0.38052714
7659,0.38052714
7660,0.38052714
7661,0.38052714
7662,0.38052714
7663,0.38052714
7664,0.38052714
7665,0.38052714
7666,0.38052714
7667,0.38052714
7668,0.38052714
7669,0.38052714
7670,0.38052714
7671,0.38052714
7672,0.38052714
7673,0.38052714
7674,0.38052714
7675,0.38052714
7676,0.38052714
7677,0.38052714
7678,0.38052714
7679,0.38052714
7680,0.38052714
7681,0.38052714
7682,0.38052714
7683,0.38052714
7684,0.38052714
7685,0.38052714
7686,0.38052714
7687,0.38052714
7688,0.38052714
7689,0.38052714
7690,0.38052714
7691,0.38052714
7692,0.38052714
7693,0.38052714
7694,0.38052714
7695,0.38052714
7696,0.38052714
7697,0.38052714
7698,0.38052714
7699,0.38052714
7700,0.38052714
7701,0.38052714
7702,0.38052714
7703,0.38052714
7704,0.38052714
7705,0.38052714
7706,0.38052714
7707,0.38052714
7708,0.38052714
7709,0.38052714
7710,0.38052714
7711,0.38052714
7712,0.38052714
7713,0.38052714
7714,0.38052714
7715,0.38052714
7716,0.38052714
7717,0.38052714
7718,0.38052714
7719,0.38052714
7720,0.38052714
7721,0.38052714
7722,0.38052714
7723,0.38052714
7724,0.38052714
7725,0.38052714
7726,0.38052714
7727,0.38052714
7728,0.38052714
7729,0.38052714
7730,0.38052714
7731,0.38052714
7732,0.38052714
7733,0.38052714
7734,0.38052714
7735,0.38052714
7736,0.38052714
7737,0.38052714
7738,0.38052714
7739,0.38052714
7740,0.38052714
7741,0.38052714
7742,0.38052714
7743,0.38052714
7744,0.38052714
7745,0.38052714
7746,0.38052714
7747,0.38052714
7748,0.38052714
7749,0.38052714
7750,0.38052714
7751,0.38052714
7752,0.38052714
7753,0.38052714
7754,0.38052714
7755,0.38052714
7756,0.38052714
7757,0.38052714
7758,0.38052714
7759,0.38052714
7760,0.38052714
7761,0.38052714
7762,0.38052714
7763,0.38052714
7764,0.38052714
7765,0.38052714
7766,0.38052714
7767,0.38052714
7768,0.38052714
7769,0.38052714
7770,0.38052714
7771,0.38052714
7772,0.38052714
7773,0.38052714
7774,0.38052714
7775,0.38052714
7776,0.38052714
7777,0.38052714
7778,0.38052714
7779,0.38052714
7780,0.38052714
7781,0.38052714
7782,0.38052714
7783,0.38052714
7784,0.38052714
7785,0.38052714
7786,0.38052714
7787,0.38052714
7788,0.38052714
7789,0.38052714
7790,0.38052714
7791,0.38052714
7792,0.38052714
7793,0.38052714
7794,0.38052714
7795,0.38052714
7796,0.38052714
7797,0.38052714
7798,0.38052714
7799,0.38052714
7800,0.38052714
7801,0.38052714
7802,0.38052714
7803,0.38052714
7804,0.38052714
7805,0.38052714
7806,0.38052714
7807,0.38052714
7808,0.38052714
7809,0.38052714
7810,0.38052714
7811,0.38052714
7812,0.38052714
7813,0.38052714
7814,0.38052714
7815,0.38052714
7816,0.38052714
7817,0.38052714
7818,0.38052714
7819,0.38052714
7820,0.38052714
7821,0.38052714
7822,0.38052714
7823,0.38052714
7824,0.38052714
7825,0.38052714
7826,0.38052714
7827,0.38052714
7828,0.38052714
7829,0.38052714
7830,0.38052714
7831,0.38052714
7832,0.38052714
7833,0.38052714
7834,0.38052714
7835,0.38052714
7836,0.38052714
7837,0.38052714
7838,0.38052714
7839,0.38052714
7840,0.38052714
7841,0.38052714
7842,0.38052714
7843,0.38052714
7844,0.38052714
7845,0.38052714
7846,0.38052714
7847,0.38052714
7848,0.38052714
7849,0.38052714
7850,0.38052714
7851,0.38052714
7852,0.38052714
7853,0.38052714
7854,0.38052714
7855,0.38052714
7856,0.38052714
7857,0.38052714
7858,0.38052714
7859,0.38052714
7860,0.38052714
7861,0.38052714
7862,0.38052714
7863,0.38052714
7864,0.38052714
7865,0.38052714
7866,0.38052714
7867,0.38052714
7868,0.38052714
7869,0.38052714
7870,0.38052714
7871,0.38052714
7872,0.38052714
7873,0.38052714
7874,0.38052714
7875,0.38052714
7876,0.38052714
7877,0.38052714
7878,0.38052714
7879,0.38052714
7880,0.38052714
7881,0.38052714
7882,0.38052714
7883,0.38052714
7884,0.38052714
7885,0.38052714
7886,0.38052714
7887,0.38052714
7888,0.38052714
7889,0.38052714
7890,0.38052714
7891,0.38052714
7892,0.38052714
7893,0.38052714
7894,0.38052714
7895,0.38052714
7896,0.38052714
7897,0.38052714
7898,0.38052714
7899,0.38052714
7900,0.38052714
7901,0.38052714
7902,0.38052714
7903,0.38052714
7904,0.38052714
7905,0.38052714
7906,0.38052714
7907,0.38052714
7908,0.38052714
7909,0.38052714
7910,0.38052714
7911,0.38052714
7912,0.38052714
7913,0.38052714
7914,0.38052714
7915,0.38052714
7916,0.38052714
7917,0.38052714
7918,0.38052714
7919,0.38052714
7920,0.38052714
7921,0.38052714
7922,0.38052714
7923,0.38052714
7924,0.38052714
7925,0.38052714
7926,0.38052714
7927,0.38052714
7928,0.38052714
7929,0.38052714
7930,0.38052714
7931,0.38052714
7932,0.38052714
7933,0.38052714
7934,0.38052714
7935,0.38052714
7936,0.38052714
7937,0.38052714
7938,0.38052714
7939,0.38052714
7940,0.38052714
7941,0.38052714
7942,0.38052714
7943,0.38052714
7944,0.38052714
7945,0.38052714
7946,0.38052714
7947,0.38052714
7948,0.38052714
7949,0.38052714
7950,0.38052714
7951,0.38052714
7952,0.38052714
7953,0.38052714
7954,0.38052714
7955,0.38052714
7956,0.38052714
7957,0.38052714
7958,0.38052714
7959,0.38052714
7960,0.38052714
7961,0.38052714
7962,0.38052714
7963,0.38052714
7964,0.38052714
7965,0.38052714
7966,0.38052714
7967,0.38052714
7968,0.38052714
7969,0.38052714
7970,0.38052714
7971,0.38052714
7972,0.38052714
7973,0.38052714
7974,0.38052714
7975,0.38052714
7976,0.38052714
7977,0.38052714
7978,0.38052714
7979,0.38052714
7980,0.38052714
7981,0.38052714
7982,0.38052714
7983,0.38052714
7984,0.38052714
7985,0.38052714
7986,0.38052714
7987,0.38052714
7988,0.38052714
7989,0.38052714
7990,0.38052714
7991,0.38052714
7992,0.38052714
7993,0.38052714
7994,0.38052714
7995,0.38052714
7996,0.38052714
7997,0.38052714
7998,0.38052714
7999,0.38052714
8000,0.38052714
8001,0.38052714
8002,0.38052714
8003,0.38052714
8004,0.38052714
8005,0.38052714
8006,0.38052714
8007,0.38052714
8008,0.38052714
8009,0.38052714
8010,0.38052714
8011,0.38052714
8012,0.38052714
8013,0.38052714
8014,0.38052714
8015,0.38052714
8016,0.38052714
8017,0.38052714
8018,0.38052714
8019,0.38052714
8020,0.38052714
8021,0.38052714
8022,0.38052714
8023,0.38052714
8024,0.38052714
8025,0.38052714
8026,0.38052714
8027,0.38052714
8028,0.38052714
8029,0.38052714
8030,0.38052714
8031,0.38052714
8032,0.38052714
8033,0.38052714
8034,0.38052714
8035,0.38052714
8036,0.38052714
8037,0.38052714
8038,0.38052714
8039,0.38052714
8040,0.38052714
8041,0.38052714
8042,0.38052714
8043,0.38052714
8044,0.38052714
8045,0.38052714
8046,0.38052714
8047,0.38052714
8048,0.38052714
8049,0.38052714
8050,0.38052714
8051,0.38052714
8052,0.38052714
8053,0.38052714
8054,0.38052714
8055,0.38052714
8056,0.38052714
8057,0.38052714
8058,0.38052714
8059,0.38052714
8060,0.38052714
8061,0.38052714
8062,0.38052714
8063,0.38052714
8064,0.38052714
8065,0.38052714
8066,0.38052714
8067,0.38052714
8068,0.38052714
8069,0.38052714
8070,0.38052714
8071,0.38052714
8072,0.38052714
8073,0.38052714
8074,0.38052714
8075,0.38052714
8076,0.38052714
8077,0.38052714
8078,0.38052714
8079,0.38052714
8080,0.38052714
8081,0.38052714
8082,0.38052714
8083,0.38052714
8084,0.38052714
8085,0.38052714
8086,0.38052714
8087,0.38052714
8088,0.38052714
8089,0.38052714
8090,0.38052714
8091,0.38052714
8092,0.38052714
8093,0.38052714
8094,0.38052714
8095,0.38052714
8096,0.38052714
8097,0.38052714
8098,0.38052714
8099,0.38052714
8100,0.38052714
8101,0.38052714
8102,0.38052714
8103,0.38052714
8104,0.38052714
8105,0.38052714
8106,0.38052714
8107,0.38052714
8108,0.38052714
8109,0.38052714
8110,0.38052714
8111,0.38052714
8112,0.38052714
8113,0.38052714
8114,0.38052714
8115,0.38052714
8116,0.38052714
8117,0.38052714
8118,0.38052714
8119,0.38052714
8120,0.38052714
8121,0.38052714
8122,0.38052714
8123,0.38052714
8124,0.38052714
8125,0.38052714
8126,0.38052714
8127,0.38052714
8128,0.38052714
8129,0.38052714
8130,0.38052714
8131,0.38052714
8132,0.38052714
8133,0.38052714
8134,0.38052714
8135,0.38052714
8136,0.38052714
8137,0.38052714
8138,0.38052714
8139,0.38052714
8140,0.38052714
8141,0.38052714
8142,0.38052714
8143,0.38052714
8144,0.38052714
8145,0.38052714
8146,0.38052714
8147,0.38052714
8148,0.38052714
8149,0.38052714
8150,0.38052714
8151,0.38052714
8152,0.38052714
8153,0.38052714
8154,0.38052714
8155,0.38052714
8156,0.38052714
8157,0.38052714
8158,0.38052714
8159,0.38052714
8160,0.38052714
8161,0.38052714
8162,0.38052714
8163,0.38052714
8164,0.38052714
8165,0.38052714
8166,0.38052714
8167,0.38052714
8168,0.38052714
8169,0.38052714
8170,0.38052714
8171,0.38052714
8172,0.38052714
8173,0.38052714
8174,0.38052714
8175,0.38052714
8176,0.38052714
8177,0.38052714
8178,0.38052714
8179,0.38052714
8180,0.38052714
8181,0.38052714
8182,0.38052714
8183,0.38052714
8184,0.38052714
8185,0.38052714
8186,0.38052714
8187,0.38052714
8188,0.38052714
8189,0.38052714
8190,0.38052714
8191,0.38052714
8192,0.38052714
8193,0.38052714
8194,0.38052714
8195,0.38052714
8196,0.38052714
8197,0.38052714
8198,0.38052714
8199,0.38052714
8200,0.38052714
8201,0.38052714
8202,0.38052714
8203,0.38052714
8204,0.38052714
8205,0.38052714
8206,0.38052714
8207,0.38052714
8208,0.38052714
8209,0.38052714
8210,0.38052714
8211,0.38052714
8212,0.38052714
8213,0.38052714
8214,0.38052714
8215,0.38052714
8216,0.38052714
8217,0.38052714
8218,0.38052714
8219,0.38052714
8220,0.38052714
8221,0.38052714
8222,0.38052714
8223,0.38052714
8224,0.38052714
8225,0.38052714
8226,0.38052714
8227,0.38052714
8228,0.38052714
8229,0.38052714
8230,0.38052714
8231,0.38052714
8232,0.38052714
8233,0.38052714
8234,0.38052714
8235,0.38052714
8236,0.38052714
8237,0.38052714
8238,0.38052714
8239,0.38052714
8240,0.38052714
8241,0.38052714
8242,0.38052714
8243,0.38052714
8244,0.38052714
8245,0.38052714
8246,0.38052714
8247,0.38052714
8248,0.38052714
8249,0.38052714
8250,0.38052714
8251,0.38052714
8252,0.38052714
8253,0.38052714
8254,0.38052714
8255,0.38052714
8256,0.38052714
8257,0.38052714
8258,0.38052714
8259,0.38052714
8260,0.38052714
8261,0.38052714
8262,0.38052714
8263,0.38052714
8264,0.38052714
8265,0.38052714
8266,0.38052714
8267,0.38052714
8268,0.38052714
8269,0.38052714
8270,0.38052714
8271,0.38052714
8272,0.38052714
8273,0.38052714
8274,0.38052714
8275,0.38052714
8276,0.38052714
8277,0.38052714
8278,0.38052714
8279,0.38052714
8280,0.38052714
8281,0.38052714
8282,0.38052714
8283,0.38052714
8284,0.38052714
8285,0.38052714
8286,0.38052714
8287,0.38052714
8288,0.38052714
8289,0.38052714
8290,0.38052714
8291,0.38052714
8292,0.38052714
8293,0.38052714
8294,0.38052714
8295,0.38052714
8296,0.38052714
8297,0.38052714
8298,0.38052714
8299,0.38052714
8300,0.38052714
8301,0.38052714
8302,0.38052714
8303,0.38052714
8304,0.38052714
8305,0.38052714
8306,0.38052714
8307,0.38052714
8308,0.38052714
8309,0.38052714
8310,0.38052714
8311,0.38052714
8312,0.38052714
8313,0.38052714
8314,0.38052714
8315,0.38052714
8316,0.38052714
8317,0.38052714
8318,0.38052714
8319,0.38052714
8320,0.38052714
8321,0.38052714
8322,0.38052714
8323,0.38052714
8324,0.38052714
8325,0.38052714
8326,0.38052714
8327,0.38052714
8328,0.38052714
8329,0.38052714
8330,0.38052714
8331,0.38052714
8332,0.38052714
8333,0.38052714
8334,0.38052714
8335,0.38052714
8336,0.38052714
8337,0.38052714
8338,0.38052714
8339,0.38052714
8340,0.38052714
8341,0.38052714
8342,0.38052714
8343,0.38052714
8344,0.38052714
8345,0.38052714
8346,0.38052714
8347,0.38052714
8348,0.38052714
8349,0.38052714
8350,0.38052714
8351,0.38052714
8352,0.38052714
8353,0.38052714
8354,0.38052714
8355,0.38052714
8356,0.38052714
8357,0.38052714
8358,0.38052714
8359,0.38052714
8360,0.38052714
8361,0.38052714
8362,0.38052714
8363,0.38052714
8364,0.38052714
8365,0.38052714
8366,0.38052714
8367,0.38052714
8368,0.38052714
8369,0.38052714
8370,0.38052714
8371,0.38052714
8372,0.38052714
8373,0.38052714
8374,0.38052714
8375,0.38052714
8376,0.38052714
8377,0.38052714
8378,0.38052714
8379,0.38052714
8380,0.38052714
8381,0.38052714
8382,0.38052714
8383,0.38052714
8384,0.38052714
8385,0.38052714
8386,0.38052714
8387,0.38052714
8388,0.38052714
8389,0.38052714
8390,0.38052714
8391,0.38052714
8392,0.38052714
8393,0.38052714
8394,0.38052714
8395,0.38052714
8396,0.38052714
8397,0.38052714
8398,0.38052714
8399,0.38052714
8400,0.38052714
8401,0.38052714
8402,0.38052714
8403,0.38052714
8404,0.38052714
8405,0.38052714
8406,0.38052714
8407,0.38052714
8408,0.38052714
8409,0.38052714
8410,0.38052714
8411,0.38052714
8412,0.38052714
8413,0.38052714
8414,0.38052714
8415,0.38052714
8416,0.38052714
8417,0.38052714
8418,0.38052714
8419,0.38052714
8420,0.38052714
8421,0.38052714
8422,0.38052714
8423,0.38052714
8424,0.38052714
8425,0.38052714
8426,0.38052714
8427,0.38052714
8428,0.38052714
8429,0.38052714
8430,0.38052714
8431,0.38052714
8432,0.38052714
8433,0.38052714
8434,0.38052714
8435,0.38052714
8436,0.38052714
8437,0.38052714
8438,0.38052714
8439,0.38052714
8440,0.38052714
8441,0.38052714
8442,0.38052714
8443,0.38052714
8444,0.38052714
8445,0.38052714
8446,0.38052714
8447,0.38052714
8448,0.38052714
8449,0.38052714
8450,0.38052714
8451,0.38052714
8452,0.38052714
8453,0.38052714
8454,0.38052714
8455,0.38052714
8456,0.38052714
8457,0.38052714
8458,0.38052714
8459,0.38052714
8460,0.38052714
8461,0.38052714
8462,0.38052714
8463,0.38052714
8464,0.38052714
8465,0.38052714
8466,0.38052714
8467,0.38052714
8468,0.38052714
8469,0.38052714
8470,0.38052714
8471,0.38052714
8472,0.38052714
8473,0.38052714
8474,0.38052714
8475,0.38052714
8476,0.38052714
8477,0.38052714
8478,0.38052714
8479,0.38052714
8480,0.38052714
8481,0.38052714
8482,0.38052714
8483,0.38052714
8484,0.38052714
8485,0.38052714
8486,0.38052714
8487,0.38052714
8488,0.38052714
8489,0.38052714
8490,0.38052714
8491,0.38052714
8492,0.38052714
8493,0.38052714
8494,0.38052714
8495,0.38052714
8496,0.38052714
8497,0.38052714
8498,0.38052714
8499,0.38052714
8500,0.38052714
8501,0.38052714
8502,0.38052714
8503,0.38052714
8504,0.38052714
8505,0.38052714
8506,0.38052714
8507,0.38052714
8508,0.38052714
8509,0.38052714
8510,0.38052714
8511,0.38052714
8512,0.38052714
8513,0.38052714
8514,0.38052714
8515,0.38052714
8516,0.38052714
8517,0.38052714
8518,0.38052714
8519,0.38052714
8520,0.38052714
8521,0.38052714
8522,0.38052714
8523,0.38052714
8524,0.38052714
8525,0.38052714
8526,0.38052714
8527,0.38052714
8528,0.38052714
8529,0.38052714
8530,0.38052714
8531,0.38052714
8532,0.38052714
8533,0.38052714
8534,0.38052714
8535,0.38052714
8536,0.38052714
8537,0.38052714
8538,0.38052714
8539,0.38052714
8540,0.38052714
8541,0.38052714
8542,0.38052714
8543,0.38052714
8544,0.38052714
8545,0.38052714
8546,0.38052714
8547,0.38052714
8548,0.38052714
8549,0.38052714
8550,0.38052714
8551,0.38052714
8552,0.38052714
8553,0.38052714
8554,0.38052714
8555,0.38052714
8556,0.38052714
8557,0.38052714
8558,0.38052714
8559,0.38052714
8560,0.38052714
8561,0.38052714
8562,0.38052714
8563,0.38052714
8564,0.38052714
8565,0.38052714
8566,0.38052714
8567,0.38052714
8568,0.38052714
8569,0.38052714
8570,0.38052714
8571,0.38052714
8572,0.38052714
8573,0.38052714
8574,0.38052714
8575,0.38052714
8576,0.38052714
8577,0.38052714
8578,0.38052714
8579,0.38052714
8580,0.38052714
8581,0.38052714
8582,0.38052714
8583,0.38052714
8584,0.38052714
8585,0.38052714
8586,0.38052714
8587,0.38052714
8588,0.38052714
8589,0.38052714
8590,0.38052714
8591,0.38052714
8592,0.38052714
8593,0.38052714
8594,0.38052714
8595,0.38052714
8596,0.38052714
8597,0.38052714
8598,0.38052714
8599,0.38052714
8600,0.38052714
8601,0.38052714
8602,0.38052714
8603,0.38052714
8604,0.38052714
8605,0.38052714
8606,0.38052714
8607,0.38052714
8608,0.38052714
8609,0.38052714
8610,0.38052714
8611,0.38052714
8612,0.38052714
8613,0.38052714
8614,0.38052714
8615,0.38052714
8616,0.38052714
8617,0.38052714
8618,0.38052714
8619,0.38052714
8620,0.38052714
8621,0.38052714
8622,0.38052714
8623,0.38052714
8624,0.38052714
8625,0.38052714
8626,0.38052714
8627,0.38052714
8628,0.38052714
8629,0.38052714
8630,0.38052714
8631,0.38052714
8632,0.38052714
8633,0.38052714
8634,0.38052714
8635,0.38052714
8636,0.38052714
8637,0.38052714
8638,0.38052714
8639,0.38052714
8640,0.38052714
8641,0.38052714
8642,0.38052714
8643,0.38052714
8644,0.38052714
8645,0.38052714
8646,0.38052714
8647,0.38052714
8648,0.38052714
8649,0.38052714
8650,0.38052714
8651,0.38052714
8652,0.38052714
8653,0.38052714
8654,0.38052714
8655,0.38052714
8656,0.38052714
8657,0.38052714
8658,0.38052714
8659,0.38052714
8660,0.38052714
8661,0.38052714
8662,0.38052714
8663,0.38052714
8664,0.38052714
8665,0.38052714
8666,0.38052714
8667,0.38052714
8668,0.38052714
8669,0.38052714
8670,0.38052714
8671,0.38052714
8672,0.38052714
8673,0.38052714
8674,0.38052714
8675,0.38052714
8676,0.38052714
8677,0.38052714
8678,0.38052714
8679,0.38052714
8680,0.38052714
8681,0.38052714
8682,0.38052714
8683,0.38052714
8684,0.38052714
8685,0.38052714
8686,0.38052714
8687,0.38052714
8688,0.38052714
8689,0.38052714
8690,0.38052714
8691,0.38052714
8692,0.38052714
8693,0.38052714
8694,0.38052714
8695,0.38052714
8696,0.38052714
8697,0.38052714
8698,0.38052714
8699,0.38052714
8700,0.38052714
8701,0.38052714
8702,0.38052714
8703,0.38052714
8704,0.38052714
8705,0.38052714
8706,0.38052714
8707,0.38052714
8708,0.38052714
8709,0.38052714
8710,0.38052714
8711,0.38052714
8712,0.38052714
8713,0.38052714
8714,0.38052714
8715,0.38052714
8716,0.38052714
8717,0.38052714
8718,0.38052714
8719,0.38052714
8720,0.38052714
8721,0.38052714
8722,0.38052714
8723,0.38052714
8724,0.38052714
8725,0.38052714
8726,0.38052714
8727,0.38052714
8728,0.38052714
8729,0.38052714
8730,0.38052714
8731,0.38052714
8732,0.38052714
8733,0.38052714
8734,0.38052714
8735,0.38052714
8736,0.38052714
8737,0.38052714
8738,0.38052714
8739,0.38052714
8740,0.38052714
8741,0.38052714
8742,0.38052714
8743,0.38052714
8744,0.38052714
8745,0.38052714
8746,0.38052714
8747,0.38052714
8748,0.38052714
8749,0.38052714
8750,0.38052714
8751,0.38052714
8752,0.38052714
8753,0.38052714
8754,0.38052714
8755,0.38052714
8756,0.38052714
8757,0.38052714
8758,0.38052714
8759,0.38052714
8760,0.38052714
8761,0.38052714
8762,0.38052714
8763,0.38052714
8764,0.38052714
8765,0.38052714
8766,0.38052714
8767,0.38052714
8768,0.38052714
8769,0.38052714
8770,0.38052714
8771,0.38052714
8772,0.38052714
8773,0.38052714
8774,0.38052714
8775,0.38052714
8776,0.38052714
8777,0.38052714
8778,0.38052714
8779,0.38052714
8780,0.38052714
8781,0.38052714
8782,0.38052714
8783,0.38052714
8784,0.38052714
8785,0.38052714
8786,0.38052714
8787,0.38052714
8788,0.38052714
8789,0.38052714
8790,0.38052714
8791,0.38052714
8792,0.38052714
8793,0.38052714
8794,0.38052714
8795,0.38052714
8796,0.38052714
8797,0.38052714
8798,0.38052714
8799,0.38052714
8800,0.38052714
8801,0.38052714
8802,0.38052714
8803,0.38052714
8804,0.38052714
8805,0.38052714
8806,0.38052714
8807,0.38052714
8808,0.38052714
8809,0.38052714
8810,0.38052714
8811,0.38052714
8812,0.38052714
8813,0.38052714
8814,0.38052714
8815,0.38052714
8816,0.38052714
8817,0.38052714
8818,0.38052714
8819,0.38052714
8820,0.38052714
8821,0.38052714
8822,0.38052714
8823,0.38052714
8824,0.38052714
8825,0.38052714
8826,0.38052714
8827,0.38052714
8828,0.38052714
8829,0.38052714
8830,0.38052714
8831,0.38052714
8832,0.38052714
8833,0.38052714
8834,0.38052714
8835,0.38052714
8836,0.38052714
8837,0.38052714
8838,0.38052714
8839,0.38052714
8840,0.38052714
8841,0.38052714
8842,0.38052714
8843,0.38052714
8844,0.38052714
8845,0.38052714
8846,0.38052714
8847,0.38052714
8848,0.38052714
8849,0.38052714
8850,0.38052714
8851,0.38052714
8852,0.38052714
8853,0.38052714
8854,0.38052714
8855,0.38052714
8856,0.38052714
8857,0.38052714
8858,0.38052714
8859,0.38052714
8860,0.38052714
8861,0.38052714
8862,0.38052714
8863,0.38052714
8864,0.38052714
8865,0.38052714
8866,0.38052714
8867,0.38052714
8868,0.38052714
8869,0.38052714
8870,0.38052714
8871,0.38052714
8872,0.38052714
8873,0.38052714
8874,0.38052714
8875,0.38052714
8876,0.38052714
8877,0.38052714
8878,0.38052714
8879,0.38052714
8880,0.38052714
8881,0.38052714
8882,0.38052714
8883,0.38052714
8884,0.38052714
8885,0.38052714
8886,0.38052714
8887,0.38052714
8888,0.38052714
8889,0.38052714
8890,0.38052714
8891,0.38052714
8892,0.38052714
8893,0.38052714
8894,0.38052714
8895,0.38052714
8896,0.38052714
8897,0.38052714
8898,0.38052714
8899,0.38052714
8900,0.38052714
8901,0.38052714
8902,0.38052714
8903,0.38052714
8904,0.38052714
8905,0.38052714
8906,0.38052714
8907,0.38052714
8908,0.38052714
8909,0.38052714
8910,0.38052714
8911,0.38052714
8912,0.38052714
8913,0.38052714
8914,0.38052714
8915,0.38052714
8916,0.38052714
8917,0.38052714
8918,0.38052714
8919,0.38052714
8920,0.38052714
8921,0.38052714
8922,0.38052714
8923,0.38052714
8924,0.38052714
8925,0.38052714
8926,0.38052714
8927,0.38052714
8928,0.38052714
8929,0.38052714
8930,0.38052714
8931,0.38052714
8932,0.38052714
8933,0.38052714
8934,0.38052714
8935,0.38052714
8936,0.38052714
8937,0.38052714
8938,0.38052714
8939,0.38052714
8940,0.38052714
8941,0.38052714
8942,0.38052714
8943,0.38052714
8944,0.38052714
8945,0.38052714
8946,0.38052714
8947,0.38052714
8948,0.38052714
8949,0.38052714
8950,0.38052714
8951,0.38052714
8952,0.38052714
8953,0.38052714
8954,0.38052714
8955,0.38052714
8956,0.38052714
8957,0.38052714
8958,0.38052714
8959,0.38052714
8960,0.38052714
8961,0.38052714
8962,0.38052714
8963,0.38052714
8964,0.38052714
8965,0.38052714
8966,0.38052714
8967,0.38052714
8968,0.38052714
8969,0.38052714
8970,0.38052714
8971,0.38052714
8972,0.38052714
8973,0.38052714
8974,0.38052714
8975,0.38052714
8976,0.38052714
8977,0.38052714
8978,0.38052714
8979,0.38052714
8980,0.38052714
8981,0.38052714
8982,0.38052714
8983,0.38052714
8984,0.38052714
8985,0.38052714
8986,0.38052714
8987,0.38052714
8988,0.38052714
8989,0.38052714
8990,0.38052714
8991,0.38052714
8992,0.38052714
8993,0.38052714
8994,0.38052714
8995,0.38052714
8996,0.38052714
8997,0.38052714
8998,0.38052714
8999,0.38052714
9000,0.38052714
9001,0.38052714
9002,0.38052714
9003,0.38052714
9004,0.38052714
9005,0.38052714
9006,0.38052714
9007,0.38052714
9008,0.38052714
9009,0.38052714
9010,0.38052714
9011,0.38052714
9012,0.38052714
9013,0.38052714
9014,0.38052714
9015,0.38052714
9016,0.38052714
9017,0.38052714
9018,0.38052714
9019,0.38052714
9020,0.38052714
9021,0.38052714
9022,0.38052714
9023,0.38052714
9024,0.38052714
9025,0.38052714
9026,0.38052714
9027,0.38052714
9028,0.38052714
9029,0.38052714
9030,0.38052714
9031,0.38052714
9032,0.38052714
9033,0.38052714
9034,0.38052714
9035,0.38052714
9036,0.38052714
9037,0.38052714
9038,0.38052714
9039,0.38052714
9040,0.38052714
9041,0.38052714
9042,0.38052714
9043,0.38052714
9044,0.38052714
9045,0.38052714
9046,0.38052714
9047,0.38052714
9048,0.38052714
9049,0.38052714
9050,0.38052714
9051,0.38052714
9052,0.38052714
9053,0.38052714
9054,0.38052714
9055,0.38052714
9056,0.38052714
9057,0.38052714
9058,0.38052714
9059,0.38052714
9060,0.38052714
9061,0.38052714
9062,0.38052714
9063,0.38052714
9064,0.38052714
9065,0.38052714
9066,0.38052714
9067,0.38052714
9068,0.38052714
9069,0.38052714
9070,0.38052714
9071,0.38052714
9072,0.38052714
9073,0.38052714
9074,0.38052714
9075,0.38052714
9076,0.38052714
9077,0.38052714
9078,0.38052714
9079,0.38052714
9080,0.38052714
9081,0.38052714
9082,0.38052714
9083,0.38052714
9084,0.38052714
9085,0.38052714
9086,0.38052714
9087,0.38052714
9088,0.38052714
9089,0.38052714
9090,0.38052714
9091,0.38052714
9092,0.38052714
9093,0.38052714
9094,0.38052714
9095,0.38052714
9096,0.38052714
9097,0.38052714
9098,0.38052714
9099,0.38052714
9100,0.38052714
9101,0.38052714
9102,0.38052714
9103,0.38052714
9104,0.38052714
9105,0.38052714
9106,0.38052714
9107,0.38052714
9108,0.38052714
9109,0.38052714
9110,0.38052714
9111,0.38052714
9112,0.38052714
9113,0.38052714
9114,0.38052714
9115,0.38052714
9116,0.38052714
9117,0.38052714
9118,0.38052714
9119,0.38052714
9120,0.38052714
9121,0.38052714
9122,0.38052714
9123,0.38052714
9124,0.38052714
9125,0.38052714
9126,0.38052714
9127,0.38052714
9128,0.38052714
9129,0.38052714
9130,0.38052714
9131,0.38052714
9132,0.38052714
9133,0.38052714
9134,0.38052714
9135,0.38052714
9136,0.38052714
9137,0.38052714
9138,0.38052714
9139,0.38052714
9140,0.38052714
9141,0.38052714
9142,0.38052714
9143,0.38052714
9144,0.38052714
9145,0.38052714
9146,0.38052714
9147,0.38052714
9148,0.38052714
9149,0.38052714
9150,0.38052714
9151,0.38052714
9152,0.38052714
9153,0.38052714
9154,0.38052714
9155,0.38052714
9156,0.38052714
9157,0.38052714
9158,0.38052714
9159,0.38052714
9160,0.38052714
9161,0.38052714
9162,0.38052714
9163,0.38052714
9164,0.38052714
9165,0.38052714
9166,0.38052714
9167,0.38052714
9168,0.38052714
9169,0.38052714
9170,0.38052714
9171,0.38052714
9172,0.38052714
9173,0.38052714
9174,0.38052714
9175,0.38052714
9176,0.38052714
9177,0.38052714
9178,0.38052714
9179,0.38052714
9180,0.38052714
9181,0.38052714
9182,0.38052714
9183,0.38052714
9184,0.38052714
9185,0.38052714
9186,0.38052714
9187,0.38052714
9188,0.38052714
9189,0.38052714
9190,0.38052714
9191,0.38052714
9192,0.38052714
9193,0.38052714
9194,0.38052714
9195,0.38052714
9196,0.38052714
9197,0.38052714
9198,0.38052714
9199,0.38052714
9200,0.38052714
9201,0.38052714
9202,0.38052714
9203,0.38052714
9204,0.38052714
9205,0.38052714
9206,0.38052714
9207,0.38052714
9208,0.38052714
9209,0.38052714
9210,0.38052714
9211,0.38052714
9212,0.38052714
9213,0.38052714
9214,0.38052714
9215,0.38052714
9216,0.38052714
9217,0.38052714
9218,0.38052714
9219,0.38052714
9220,0.38052714
9221,0.38052714
9222,0.38052714
9223,0.38052714
9224,0.38052714
9225,0.38052714
9226,0.38052714
9227,0.38052714
9228,0.38052714
9229,0.38052714
9230,0.38052714
9231,0.38052714
9232,0.38052714
9233,0.38052714
9234,0.38052714
9235,0.38052714
9236,0.38052714
9237,0.38052714
9238,0.38052714
9239,0.38052714
9240,0.38052714
9241,0.38052714
9242,0.38052714
9243,0.38052714
9244,0.38052714
9245,0.38052714
9246,0.38052714
9247,0.38052714
9248,0.38052714
9249,0.38052714
9250,0.38052714
9251,0.38052714
9252,0.38052714
9253,0.38052714
9254,0.38052714
9255,0.38052714
9256,0.38052714
9257,0.38052714
9258,0.38052714
9259,0.38052714
9260,0.38052714
9261,0.38052714
9262,0.38052714
9263,0.38052714
9264,0.38052714
9265,0.38052714
9266,0.38052714
9267,0.38052714
9268,0.38052714
9269,0.38052714
9270,0.38052714
9271,0.38052714
9272,0.38052714
9273,0.38052714
9274,0.38052714
9275,0.38052714
9276,0.38052714
9277,0.38052714
9278,0.38052714
9279,0.38052714
9280,0.38052714
9281,0.38052714
9282,0.38052714
9283,0.38052714
9284,0.38052714
9285,0.38052714
9286,0.38052714
9287,0.38052714
9288,0.38052714
9289,0.38052714
9290,0.38052714
9291,0.38052714
9292,0.38052714
9293,0.38052714
9294,0.38052714
9295,0.38052714
9296,0.38052714
9297,0.38052714
9298,0.38052714
9299,0.38052714
9300,0.38052714
9301,0.38052714
9302,0.38052714
9303,0.38052714
9304,0.38052714
9305,0.38052714
9306,0.38052714
9307,0.38052714
9308,0.38052714
9309,0.38052714
9310,0.38052714
9311,0.38052714
9312,0.38052714
9313,0.38052714
9314,0.38052714
9315,0.38052714
9316,0.38052714
9317,0.38052714
9318,0.38052714
9319,0.38052714
9320,0.38052714
9321,0.38052714
9322,0.38052714
9323,0.38052714
9324,0.38052714
9325,0.38052714
9326,0.38052714
9327,0.38052714
9328,0.38052714
9329,0.38052714
9330,0.38052714
9331,0.38052714
9332,0.38052714
9333,0.38052714
9334,0.38052714
9335,0.38052714
9336,0.38052714
9337,0.38052714
9338,0.38052714
9339,0.38052714
9340,0.38052714
9341,0.38052714
9342,0.38052714
9343,0.38052714
9344,0.38052714
9345,0.38052714
9346,0.38052714
9347,0.38052714
9348,0.38052714
9349,0.38052714
9350,0.38052714
9351,0.38052714
9352,0.38052714
9353,0.38052714
9354,0.38052714
9355,0.38052714
9356,0.38052714
9357,0.38052714
9358,0.38052714
9359,0.38052714
9360,0.38052714
9361,0.38052714
9362,0.38052714
9363,0.38052714
9364,0.38052714
9365,0.38052714
9366,0.38052714
9367,0.38052714
9368,0.38052714
9369,0.38052714
9370,0.38052714
9371,0.38052714
9372,0.38052714
9373,0.38052714
9374,0.38052714
9375,0.38052714
9376,0.38052714
9377,0.38052714
9378,0.38052714
9379,0.38052714
9380,0.38052714
9381,0.38052714
9382,0.38052714
9383,0.38052714
9384,0.38052714
9385,0.38052714
9386,0.38052714
9387,0.38052714
9388,0.38052714
9389,0.38052714
9390,0.38052714
9391,0.38052714
9392,0.38052714
9393,0.38052714
9394,0.38052714
9395,0.38052714
9396,0.38052714
9397,0.38052714
9398,0.38052714
9399,0.38052714
9400,0.38052714
9401,0.38052714
9402,0.38052714
9403,0.38052714
9404,0.38052714
9405,0.38052714
9406,0.38052714
9407,0.38052714
9408,0.38052714
9409,0.38052714
9410,0.38052714
9411,0.38052714
9412,0.38052714
9413,0.38052714
9414,0.38052714
9415,0.38052714
9416,0.38052714
9417,0.38052714
9418,0.38052714
9419,0.38052714
9420,0.38052714
9421,0.38052714
9422,0.38052714
9423,0.38052714
9424,0.38052714
9425,0.38052714
9426,0.38052714
9427,0.38052714
9428,0.38052714
9429,0.38052714
9430,0.38052714
9431,0.38052714
9432,0.38052714
9433,0.38052714
9434,0.38052714
9435,0.38052714
9436,0.38052714
9437,0.38052714
9438,0.38052714
9439,0.38052714
9440,0.38052714
9441,0.38052714
9442,0.38052714
9443,0.38052714
9444,0.38052714
9445,0.38052714
9446,0.38052714
9447,0.38052714
9448,0.38052714
9449,0.38052714
9450,0.38052714
9451,0.38052714
9452,0.38052714
9453,0.38052714
9454,0.38052714
9455,0.38052714
9456,0.38052714
9457,0.38052714
9458,0.38052714
9459,0.38052714
9460,0.38052714
9461,0.38052714
9462,0.38052714
9463,0.38052714
9464,0.38052714
9465,0.38052714
9466,0.38052714
9467,0.38052714
9468,0.38052714
9469,0.38052714
9470,0.38052714
9471,0.38052714
9472,0.38052714
9473,0.38052714
9474,0.38052714
9475,0.38052714
9476,0.38052714
9477,0.38052714
9478,0.38052714
9479,0.38052714
9480,0.38052714
9481,0.38052714
9482,0.38052714
9483,0.38052714
9484,0.38052714
9485,0.38052714
9486,0.38052714
9487,0.38052714
9488,0.38052714
9489,0.38052714
9490,0.38052714
9491,0.38052714
9492,0.38052714
9493,0.38052714
9494,0.38052714
9495,0.38052714
9496,0.38052714
9497,0.38052714
9498,0.38052714
9499,0.38052714
9500,0.38052714
9501,0.38052714
9502,0.38052714
9503,0.38052714
9504,0.38052714
9505,0.38052714
9506,0.38052714
9507,0.38052714
9508,0.38052714
9509,0.38052714
9510,0.38052714
9511,0.38052714
9512,0.38052714
9513,0.38052714
9514,0.38052714
9515,0.38052714
9516,0.38052714
9517,0.38052714
9518,0.38052714
9519,0.38052714
9520,0.38052714
9521,0.38052714
9522,0.38052714
9523,0.38052714
9524,0.38052714
9525,0.38052714
9526,0.38052714
9527,0.38052714
9528,0.38052714
9529,0.38052714
9530,0.38052714
9531,0.38052714
9532,0.38052714
9533,0.38052714
9534,0.38052714
9535,0.38052714
9536,0.38052714
9537,0.38052714
9538,0.38052714
9539,0.38052714
9540,0.38052714
9541,0.38052714
9542,0.38052714
9543,0.38052714
9544,0.38052714
9545,0.38052714
9546,0.38052714
9547,0.38052714
9548,0.38052714
9549,0.38052714
9550,0.38052714
9551,0.38052714
9552,0.38052714
9553,0.38052714
9554,0.38052714
9555,0.38052714
9556,0.38052714
9557,0.38052714
9558,0.38052714
9559,0.38052714
9560,0.38052714
9561,0.38052714
9562,0.38052714
9563,0.38052714
9564,0.38052714
9565,0.38052714
9566,0.38052714
9567,0.38052714
9568,0.38052714
9569,0.38052714
9570,0.38052714
9571,0.38052714
9572,0.38052714
9573,0.38052714
9574,0.38052714
9575,0.38052714
9576,0.38052714
9577,0.38052714
9578,0.38052714
9579,0.38052714
9580,0.38052714
9581,0.38052714
9582,0.38052714
9583,0.38052714
9584,0.38052714
9585,0.38052714
9586,0.38052714
9587,0.38052714
9588,0.38052714
9589,0.38052714
9590,0.38052714
9591,0.38052714
9592,0.38052714
9593,0.38052714
9594,0.38052714
9595,0.38052714
9596,0.38052714
9597,0.38052714
9598,0.38052714
9599,0.38052714
9600,0.38052714
9601,0.38052714
9602,0.38052714
9603,0.38052714
9604,0.38052714
9605,0.38052714
9606,0.38052714
9607,0.38052714
9608,0.38052714
9609,0.38052714
9610,0.38052714
9611,0.38052714
9612,0.38052714
9613,0.38052714
9614,0.38052714
9615,0.38052714
9616,0.38052714
9617,0.38052714
9618,0.38052714
9619,0.38052714
9620,0.38052714
9621,0.38052714
9622,0.38052714
9623,0.38052714
9624,0.38052714
9625,0.38052714
9626,0.38052714
9627,0.38052714
9628,0.38052714
9629,0.38052714
9630,0.38052714
9631,0.38052714
9632,0.38052714
9633,0.38052714
9634,0.38052714
9635,0.38052714
9636,0.38052714
9637,0.38052714
9638,0.38052714
9639,0.38052714
9640,0.38052714
9641,0.38052714
9642,0.38052714
9643,0.38052714
9644,0.38052714
9645,0.38052714
9646,0.38052714
9647,0.38052714
9648,0.38052714
9649,0.38052714
9650,0.38052714
9651,0.38052714
9652,0.38052714
9653,0.38052714
9654,0.38052714
9655,0.38052714
9656,0.38052714
9657,0.38052714
9658,0.38052714
9659,0.38052714
9660,0.38052714
9661,0.38052714
9662,0.38052714
9663,0.38052714
9664,0.38052714
9665,0.38052714
9666,0.38052714
9667,0.38052714
9668,0.38052714
9669,0.38052714
9670,0.38052714
9671,0.38052714
9672,0.38052714
9673,0.38052714
9674,0.38052714
9675,0.38052714
9676,0.38052714
9677,0.38052714
9678,0.38052714
9679,0.38052714
9680,0.38052714
9681,0.38052714
9682,0.38052714
9683,0.38052714
9684,0.38052714
9685,0.38052714
9686,0.38052714
9687,0.38052714
9688,0.38052714
9689,0.38052714
9690,0.38052714
9691,0.38052714
9692,0.38052714
9693,0.38052714
9694,0.38052714
9695,0.38052714
9696,0.38052714
9697,0.38052714
9698,0.38052714
9699,0.38052714
9700,0.38052714
9701,0.38052714
9702,0.38052714
9703,0.38052714
9704,0.38052714
9705,0.38052714
9706,0.38052714
9707,0.38052714
9708,0.38052714
9709,0.38052714
9710,0.38052714
9711,0.38052714
9712,0.38052714
9713,0.38052714
9714,0.38052714
9715,0.38052714
9716,0.38052714
9717,0.38052714
9718,0.38052714
9719,0.38052714
9720,0.38052714
9721,0.38052714
9722,0.38052714
9723,0.38052714
9724,0.38052714
9725,0.38052714
9726,0.38052714
9727,0.38052714
9728,0.38052714
9729,0.38052714
9730,0.38052714
9731,0.38052714
9732,0.38052714
9733,0.38052714
9734,0.38052714
9735,0.38052714
9736,0.38052714
9737,0.38052714
9738,0.38052714
9739,0.38052714
9740,0.38052714
9741,0.38052714
9742,0.38052714
9743,0.38052714
9744,0.38052714
9745,0.38052714
9746,0.38052714
9747,0.38052714
9748,0.38052714
9749,0.38052714
9750,0.38052714
9751,0.38052714
9752,0.38052714
9753,0.38052714
9754,0.38052714
9755,0.38052714
9756,0.38052714
9757,0.38052714
9758,0.38052714
9759,0.38052714
9760,0.38052714
9761,0.38052714
9762,0.38052714
9763,0.38052714
9764,0.38052714
9765,0.38052714
9766,0.38052714
9767,0.38052714
9768,0.38052714
9769,0.38052714
9770,0.38052714
9771,0.38052714
9772,0.38052714
9773,0.38052714
9774,0.38052714
9775,0.38052714
9776,0.38052714
9777,0.38052714
9778,0.38052714
9779,0.38052714
9780,0.38052714
9781,0.38052714
9782,0.38052714
9783,0.38052714
9784,0.38052714
9785,0.38052714
9786,0.38052714
9787,0.38052714
9788,0.38052714
9789,0.38052714
9790,0.38052714
9791,0.38052714
9792,0.38052714
9793,0.38052714
9794,0.38052714
9795,0.38052714
9796,0.38052714
9797,0.38052714
9798,0.38052714
9799,0.38052714
9800,0.38052714
9801,0.38052714
9802,0.38052714
9803,0.38052714
9804,0.38052714
9805,0.38052714
9806,0.38052714
9807,0.38052714
9808,0.38052714
9809,0.38052714
9810,0.38052714
9811,0.38052714
9812,0.38052714
9813,0.38052714
9814,0.38052714
9815,0.38052714
9816,0.38052714
9817,0.38052714
9818,0.38052714
9819,0.38052714
9820,0.38052714
9821,0.38052714
9822,0.38052714
9823,0.38052714
9824,0.38052714
9825,0.38052714
9826,0.38052714
9827,0.38052714
9828,0.38052714
9829,0.38052714
9830,0.38052714
9831,0.38052714
9832,0.38052714
9833,0.38052714
9834,0.38052714
9835,0.38052714
9836,0.38052714
9837,0.38052714
9838,0.38052714
9839,0.38052714
9840,0.38052714
9841,0.38052714
9842,0.38052714
9843,0.38052714
9844,0.38052714
9845,0.38052714
9846,0.38052714
9847,0.38052714
9848,0.38052714
9849,0.38052714
9850,0.38052714
9851,0.38052714
9852,0.38052714
9853,0.38052714
9854,0.38052714
9855,0.38052714
9856,0.38052714
9857,0.38052714
9858,0.38052714
9859,0.38052714
9860,0.38052714
9861,0.38052714
9862,0.38052714
9863,0.38052714
9864,0.38052714
9865,0.38052714
9866,0.38052714
9867,0.38052714
9868,0.38052714
9869,0.38052714
9870,0.38052714
9871,0.38052714
9872,0.38052714
9873,0.38052714
9874,0.38052714
9875,0.38052714
9876,0.38052714
9877,0.38052714
9878,0.38052714
9879,0.38052714
9880,0.38052714
9881,0.38052714
9882,0.38052714
9883,0.38052714
9884,0.38052714
9885,0.38052714
9886,0.38052714
9887,0.38052714
9888,0.38052714
9889,0.38052714
9890,0.38052714
9891,0.38052714
9892,0.38052714
9893,0.38052714
9894,0.38052714
9895,0.38052714
9896,0.38052714
9897,0.38052714
9898,0.38052714
9899,0.38052714
9900,0.38052714
9901,0.38052714
9902,0.38052714
9903,0.38052714
9904,0.38052714
9905,0.38052714
9906,0.38052714
9907,0.38052714
9908,0.38052714
9909,0.38052714
9910,0.38052714
9911,0.38052714
9912,0.38052714
9913,0.38052714
9914,0.38052714
9915,0.38052714
9916,0.38052714
9917,0.38052714
9918,0.38052714
9919,0.38052714
9920,0.38052714
9921,0.38052714
9922,0.38052714
9923,0.38052714
9924,0.38052714
9925,0.38052714
9926,0.38052714
9927,0.38052714
9928,0.38052714
9929,0.38052714
9930,0.38052714
9931,0.38052714
9932,0.38052714
9933,0.38052714
9934,0.38052714
9935,0.38052714
9936,0.38052714
9937,0.38052714
9938,0.38052714
9939,0.38052714
9940,0.38052714
9941,0.38052714
9942,0.38052714
9943,0.38052714
9944,0.38052714
9945,0.38052714
9946,0.38052714
9947,0.38052714
9948,0.38052714
9949,0.38052714
9950,0.38052714
9951,0.38052714
9952,0.38052714
9953,0.38052714
9954,0.38052714
9955,0.38052714
9956,0.38052714
9957,0.38052714
9958,0.38052714
9959,0.38052714
9960,0.38052714
9961,0.38052714
9962,0.38052714
9963,0.38052714
9964,0.38052714
9965,0.38052714
9966,0.38052714
9967,0.38052714
9968,0.38052714
9969,0.38052714
9970,0.38052714
9971,0.38052714
9972,0.38052714
9973,0.38052714
9974,0.38052714
9975,0.38052714
9976,0.38052714
9977,0.38052714
9978,0.38052714
9979,0.38052714
9980,0.38052714
9981,0.38052714
9982,0.38052714
9983,0.38052714
9984,0.38052714
9985,0.38052714
9986,0.38052714
9987,0.38052714
9988,0.38052714
9989,0.38052714
9990,0.38052714
9991,0.38052714
9992,0.38052714
9993,0.38052714
9994,0.38052714
9995,0.38052714
9996,0.38052714
9997,0.38052714
9998,0.38052714
9999,0.38052714
10000,0.38052714
10001,0.38052714
10002,0.38052714
10003,0.38052714
10004,0.38052714
10005,0.38052714
10006,0.38052714
10007,0.38052714
10008,0.38052714
10009,0.38052714
10010,0.38052714
10011,0.38052714
10012,0.38052714
10013,0.38052714
10014,0.38052714
10015,0.38052714
10016,0.38052714
10017,0.38052714
10018,0.38052714
10019,0.38052714
10020,0.38052714
10021,0.38052714
10022,0.38052714
10023,0.38052714
10024,0.38052714
10025,0.38052714
10026,0.38052714
10027,0.38052714
10028,0.38052714
10029,0.38052714
10030,0.38052714
10031,0.38052714
10032,0.38052714
10033,0.38052714
10034,0.38052714
10035,0.38052714
10036,0.38052714
10037,0.38052714
10038,0.38052714
10039,0.38052714
10040,0.38052714
10041,0.38052714
10042,0.38052714
10043,0.38052714
10044,0.38052714
10045,0.38052714
10046,0.38052714
10047,0.38052714
10048,0.38052714
10049,0.38052714
10050,0.38052714
10051,0.38052714
10052,0.38052714
10053,0.38052714
10054,0.38052714
10055,0.38052714
10056,0.38052714
10057,0.38052714
10058,0.38052714
10059,0.38052714
10060,0.38052714
10061,0.38052714
10062,0.38052714
10063,0.38052714
10064,0.38052714
10065,0.38052714
10066,0.38052714
10067,0.38052714
10068,0.38052714
10069,0.38052714
10070,0.38052714
10071,0.38052714
10072,0.38052714
10073,0.38052714
10074,0.38052714
10075,0.38052714
10076,0.38052714
10077,0.38052714
10078,0.38052714
10079,0.38052714
10080,0.38052714
10081,0.38052714
10082,0.38052714
10083,0.38052714
10084,0.38052714
10085,0.38052714
10086,0.38052714
10087,0.38052714
10088,0.38052714
10089,0.38052714
10090,0.38052714
10091,0.38052714
10092,0.38052714
10093,0.38052714
10094,0.38052714
10095,0.38052714
10096,0.38052714
10097,0.38052714
10098,0.38052714
10099,0.38052714
10100,0.38052714
10101,0.38052714
10102,0.38052714
10103,0.38052714
10104,0.38052714
10105,0.38052714
10106,0.38052714
10107,0.38052714
10108,0.38052714
10109,0.38052714
10110,0.38052714
10111,0.38052714
10112,0.38052714
10113,0.38052714
10114,0.38052714
10115,0.38052714
10116,0.38052714
10117,0.38052714
10118,0.38052714
10119,0.38052714
10120,0.38052714
10121,0.38052714
10122,0.38052714
10123,0.38052714
10124,0.38052714
10125,0.38052714
10126,0.38052714
10127,0.38052714
10128,0.38052714
10129,0.38052714
10130,0.38052714
10131,0.38052714
10132,0.38052714
10133,0.38052714
10134,0.38052714
10135,0.38052714
10136,0.38052714
10137,0.38052714
10138,0.38052714
10139,0.38052714
10140,0.38052714
10141,0.38052714
10142,0.38052714
10143,0.38052714
10144,0.38052714
10145,0.38052714
10146,0.38052714
10147,0.38052714
10148,0.38052714
10149,0.38052714
10150,0.38052714
10151,0.38052714
10152,0.38052714
10153,0.38052714
10154,0.38052714
10155,0.38052714
10156,0.38052714
10157,0.38052714
10158,0.38052714
10159,0.38052714
10160,0.38052714
10161,0.38052714
10162,0.38052714
10163,0.38052714
10164,0.38052714
10165,0.38052714
10166,0.38052714
10167,0.38052714
10168,0.38052714
10169,0.38052714
10170,0.38052714
10171,0.38052714
10172,0.38052714
10173,0.38052714
10174,0.38052714
10175,0.38052714
10176,0.38052714
10177,0.38052714
10178,0.38052714
10179,0.38052714
10180,0.38052714
10181,0.38052714
10182,0.38052714
10183,0.38052714
10184,0.38052714
10185,0.38052714
10186,0.38052714
10187,0.38052714
10188,0.38052714
10189,0.38052714
10190,0.38052714
10191,0.38052714
10192,0.38052714
10193,0.38052714
10194,0.38052714
10195,0.38052714
10196,0.38052714
10197,0.38052714
10198,0.38052714
10199,0.38052714
10200,0.38052714
10201,0.38052714
10202,0.38052714
10203,0.38052714
10204,0.38052714
10205,0.38052714
10206,0.38052714
10207,0.38052714
10208,0.38052714
10209,0.38052714
10210,0.38052714
10211,0.38052714
10212,0.38052714
10213,0.38052714
10214,0.38052714
10215,0.38052714
10216,0.38052714
10217,0.38052714
10218,0.38052714
10219,0.38052714
10220,0.38052714
10221,0.38052714
10222,0.38052714
10223,0.38052714
10224,0.38052714
10225,0.38052714
10226,0.38052714
10227,0.38052714
10228,0.38052714
10229,0.38052714
10230,0.38052714
10231,0.38052714
10232,0.38052714
10233,0.38052714
10234,0.38052714
10235,0.38052714
10236,0.38052714
10237,0.38052714
10238,0.38052714
10239,0.38052714
10240,0.38052714
10241,0.38052714
10242,0.38052714
10243,0.38052714
10244,0.38052714
10245,0.38052714
10246,0.38052714
10247,0.38052714
10248,0.38052714
10249,0.38052714
10250,0.38052714
10251,0.38052714
10252,0.38052714
10253,0.38052714
10254,0.38052714
10255,0.38052714
10256,0.38052714
10257,0.38052714
10258,0.38052714
10259,0.38052714
10260,0.38052714
10261,0.38052714
10262,0.38052714
10263,0.38052714
10264,0.38052714
10265,0.38052714
10266,0.38052714
10267,0.38052714
10268,0.38052714
10269,0.38052714
10270,0.38052714
10271,0.38052714
10272,0.38052714
10273,0.38052714
10274,0.38052714
10275,0.38052714
10276,0.38052714
10277,0.38052714
10278,0.38052714
10279,0.38052714
10280,0.38052714
10281,0.38052714
10282,0.38052714
10283,0.38052714
10284,0.38052714
10285,0.38052714
10286,0.38052714
10287,0.38052714
10288,0.38052714
10289,0.38052714
10290,0.38052714
10291,0.38052714
10292,0.38052714
10293,0.38052714
10294,0.38052714
10295,0.38052714
10296,0.38052714
10297,0.38052714
10298,0.38052714
10299,0.38052714
10300,0.38052714
10301,0.38052714
10302,0.38052714
10303,0.38052714
10304,0.38052714
10305,0.38052714
10306,0.38052714
10307,0.38052714
10308,0.38052714
10309,0.38052714
10310,0.38052714
10311,0.38052714
10312,0.38052714
10313,0.38052714
10314,0.38052714
10315,0.38052714
10316,0.38052714
10317,0.38052714
10318,0.38052714
10319,0.38052714
10320,0.38052714
10321,0.38052714
10322,0.38052714
10323,0.38052714
10324,0.38052714
10325,0.38052714
10326,0.38052714
10327,0.38052714
10328,0.38052714
10329,0.38052714
10330,0.38052714
10331,0.38052714
10332,0.38052714
10333,0.38052714
10334,0.38052714
10335,0.38052714
10336,0.38052714
10337,0.38052714
10338,0.38052714
10339,0.38052714
10340,0.38052714
10341,0.38052714
10342,0.38052714
10343,0.38052714
10344,0.38052714
10345,0.38052714
10346,0.38052714
10347,0.38052714
10348,0.38052714
10349,0.38052714
10350,0.38052714
10351,0.38052714
10352,0.38052714
10353,0.38052714
10354,0.38052714
10355,0.38052714
10356,0.38052714
10357,0.38052714
10358,0.38052714
10359,0.38052714
10360,0.38052714
10361,0.38052714
10362,0.38052714
10363,0.38052714
10364,0.38052714
10365,0.38052714
10366,0.38052714
10367,0.38052714
10368,0.38052714
10369,0.38052714
10370,0.38052714
10371,0.38052714
10372,0.38052714
10373,0.38052714
10374,0.38052714
10375,0.38052714
10376,0.38052714
10377,0.38052714
10378,0.38052714
10379,0.38052714
10380,0.38052714
10381,0.38052714
10382,0.38052714
10383,0.38052714
10384,0.38052714
10385,0.38052714
10386,0.38052714
10387,0.38052714
10388,0.38052714
10389,0.38052714
10390,0.38052714
10391,0.38052714
10392,0.38052714
10393,0.38052714
10394,0.38052714
10395,0.38052714
10396,0.38052714
10397,0.38052714
10398,0.38052714
10399,0.38052714
10400,0.38052714
10401,0.38052714
10402,0.38052714
10403,0.38052714
10404,0.38052714
10405,0.38052714
10406,0.38052714
10407,0.38052714
10408,0.38052714
10409,0.38052714
10410,0.38052714
10411,0.38052714
10412,0.38052714
10413,0.38052714
10414,0.38052714
10415,0.38052714
10416,0.38052714
10417,0.38052714
10418,0.38052714
10419,0.38052714
10420,0.38052714
10421,0.38052714
10422,0.38052714
10423,0.38052714
10424,0.38052714
10425,0.38052714
10426,0.38052714
10427,0.38052714
10428,0.38052714
10429,0.38052714
10430,0.38052714
10431,0.38052714
10432,0.38052714
10433,0.38052714
10434,0.38052714
10435,0.38052714
10436,0.38052714
10437,0.38052714
10438,0.38052714
10439,0.38052714
10440,0.38052714
10441,0.38052714
10442,0.38052714
10443,0.38052714
10444,0.38052714
10445,0.38052714
10446,0.38052714
10447,0.38052714
10448,0.38052714
10449,0.38052714
10450,0.38052714
10451,0.38052714
10452,0.38052714
10453,0.38052714
10454,0.38052714
10455,0.38052714
10456,0.38052714
10457,0.38052714
10458,0.38052714
10459,0.38052714
10460,0.38052714
10461,0.38052714
10462,0.38052714
10463,0.38052714
10464,0.38052714
10465,0.38052714
10466,0.38052714
10467,0.38052714
10468,0.38052714
10469,0.38052714
10470,0.38052714
10471,0.38052714
10472,0.38052714
10473,0.38052714
10474,0.38052714
10475,0.38052714
10476,0.38052714
10477,0.38052714
10478,0.38052714
10479,0.38052714
10480,0.38052714
10481,0.38052714
10482,0.38052714
10483,0.38052714
10484,0.38052714
10485,0.38052714
10486,0.38052714
10487,0.38052714
10488,0.38052714
10489,0.38052714
10490,0.38052714
10491,0.38052714
10492,0.38052714
10493,0.38052714
10494,0.38052714
10495,0.38052714
10496,0.38052714
10497,0.38052714
10498,0.38052714
10499,0.38052714
10500,0.38052714
10501,0.38052714
10502,0.38052714
10503,0.38052714
10504,0.38052714
10505,0.38052714
10506,0.38052714
10507,0.38052714
10508,0.38052714
10509,0.38052714
10510,0.38052714
10511,0.38052714
10512,0.38052714
10513,0.38052714
10514,0.38052714
10515,0.38052714
10516,0.38052714
10517,0.38052714
10518,0.38052714
10519,0.38052714
10520,0.38052714
10521,0.38052714
10522,0.38052714
10523,0.38052714
10524,0.38052714
10525,0.38052714
10526,0.38052714
10527,0.38052714
10528,0.38052714
10529,0.38052714
10530,0.38052714
10531,0.38052714
10532,0.38052714
10533,0.38052714
10534,0.38052714
10535,0.38052714
10536,0.38052714
10537,0.38052714
10538,0.38052714
10539,0.38052714
10540,0.38052714
10541,0.38052714
10542,0.38052714
10543,0.38052714
10544,0.38052714
10545,0.38052714
10546,0.38052714
10547,0.38052714
10548,0.38052714
10549,0.38052714
10550,0.38052714
10551,0.38052714
10552,0.38052714
10553,0.38052714
10554,0.38052714
10555,0.38052714
10556,0.38052714
10557,0.38052714
10558,0.38052714
10559,0.38052714
10560,0.38052714
10561,0.38052714
10562,0.38052714
10563,0.38052714
10564,0.38052714
10565,0.38052714
10566,0.38052714
10567,0.38052714
10568,0.38052714
10569,0.38052714
10570,0.38052714
10571,0.38052714
10572,0.38052714
10573,0.38052714
10574,0.38052714
10575,0.38052714
10576,0.38052714
10577,0.38052714
10578,0.38052714
10579,0.38052714
10580,0.38052714
10581,0.38052714
10582,0.38052714
10583,0.38052714
10584,0.38052714
10585,0.38052714
10586,0.38052714
10587,0.38052714
10588,0.38052714
10589,0.38052714
10590,0.38052714
10591,0.38052714
10592,0.38052714
10593,0.38052714
10594,0.38052714
10595,0.38052714
10596,0.38052714
10597,0.38052714
10598,0.38052714
10599,0.38052714
10600,0.38052714
10601,0.38052714
10602,0.38052714
10603,0.38052714
10604,0.38052714
10605,0.38052714
10606,0.38052714
10607,0.38052714
10608,0.38052714
10609,0.38052714
10610,0.38052714
10611,0.38052714
10612,0.38052714
10613,0.38052714
10614,0.38052714
10615,0.38052714
10616,0.38052714
10617,0.38052714
10618,0.38052714
10619,0.38052714
10620,0.38052714
10621,0.38052714
10622,0.38052714
10623,0.38052714
10624,0.38052714
10625,0.38052714
10626,0.38052714
10627,0.38052714
10628,0.38052714
10629,0.38052714
10630,0.38052714
10631,0.38052714
10632,0.38052714
10633,0.38052714
10634,0.38052714
10635,0.38052714
10636,0.38052714
10637,0.38052714
10638,0.38052714
10639,0.38052714
10640,0.38052714
10641,0.38052714
10642,0.38052714
10643,0.38052714
10644,0.38052714
10645,0.38052714
10646,0.38052714
10647,0.38052714
10648,0.38052714
10649,0.38052714
10650,0.38052714
10651,0.38052714
10652,0.38052714
10653,0.38052714
10654,0.38052714
10655,0.38052714
10656,0.38052714
10657,0.38052714
10658,0.38052714
10659,0.38052714
10660,0.38052714
10661,0.38052714
10662,0.38052714
10663,0.38052714
10664,0.38052714
10665,0.38052714
10666,0.38052714
10667,0.38052714
10668,0.38052714
10669,0.38052714
10670,0.38052714
10671,0.38052714
10672,0.38052714
10673,0.38052714
10674,0.38052714
10675,0.38052714
10676,0.38052714
10677,0.38052714
10678,0.38052714
10679,0.38052714
10680,0.38052714
10681,0.38052714
10682,0.38052714
10683,0.38052714
10684,0.38052714
10685,0.38052714
10686,0.38052714
10687,0.38052714
10688,0.38052714
10689,0.38052714
10690,0.38052714
10691,0.38052714
10692,0.38052714
10693,0.38052714
10694,0.38052714
10695,0.38052714
10696,0.38052714
10697,0.38052714
10698,0.38052714
10699,0.38052714
10700,0.38052714
10701,0.38052714
10702,0.38052714
10703,0.38052714
10704,0.38052714
10705,0.38052714
10706,0.38052714
10707,0.38052714
10708,0.38052714
10709,0.38052714
10710,0.38052714
10711,0.38052714
10712,0.38052714
10713,0.38052714
10714,0.38052714
10715,0.38052714
10716,0.38052714
10717,0.38052714
10718,0.38052714
10719,0.38052714
10720,0.38052714
10721,0.38052714
10722,0.38052714
10723,0.38052714
10724,0.38052714
10725,0.38052714
10726,0.38052714
10727,0.38052714
10728,0.38052714
10729,0.38052714
10730,0.38052714
10731,0.38052714
10732,0.38052714
10733,0.38052714
10734,0.38052714
10735,0.38052714
10736,0.38052714
10737,0.38052714
10738,0.38052714
10739,0.38052714
10740,0.38052714
10741,0.38052714
10742,0.38052714
10743,0.38052714
10744,0.38052714
10745,0.38052714
10746,0.38052714
10747,0.38052714
10748,0.38052714
10749,0.38052714
10750,0.38052714
10751,0.38052714
10752,0.38052714
10753,0.38052714
10754,0.38052714
10755,0.38052714
10756,0.38052714
10757,0.38052714
10758,0.38052714
10759,0.38052714
10760,0.38052714
10761,0.38052714
10762,0.38052714
10763,0.38052714
10764,0.38052714
10765,0.38052714
10766,0.38052714
10767,0.38052714
10768,0.38052714
10769,0.38052714
10770,0.38052714
10771,0.38052714
10772,0.38052714
10773,0.38052714
10774,0.38052714
10775,0.38052714
10776,0.38052714
10777,0.38052714
10778,0.38052714
10779,0.38052714
10780,0.38052714
10781,0.38052714
10782,0.38052714
10783,0.38052714
10784,0.38052714
10785,0.38052714
10786,0.38052714
10787,0.38052714
10788,0.38052714
10789,0.38052714
10790,0.38052714
10791,0.38052714
10792,0.38052714
10793,0.38052714
10794,0.38052714
10795,0.38052714
10796,0.38052714
10797,0.38052714
10798,0.38052714
10799,0.38052714
10800,0.38052714
10801,0.38052714
10802,0.38052714
10803,0.38052714
10804,0.38052714
10805,0.38052714
10806,0.38052714
10807,0.38052714
10808,0.38052714
10809,0.38052714
10810,0.38052714
10811,0.38052714
10812,0.38052714
10813,0.38052714
10814,0.38052714
10815,0.38052714
10816,0.38052714
10817,0.38052714
10818,0.38052714
10819,0.38052714
10820,0.38052714
10821,0.38052714
10822,0.38052714
10823,0.38052714
10824,0.38052714
10825,0.38052714
10826,0.38052714
10827,0.38052714
10828,0.38052714
10829,0.38052714
10830,0.38052714
10831,0.38052714
10832,0.38052714
10833,0.38052714
10834,0.38052714
10835,0.38052714
10836,0.38052714
10837,0.38052714
10838,0.38052714
10839,0.38052714
10840,0.38052714
10841,0.38052714
10842,0.38052714
10843,0.38052714
10844,0.38052714
10845,0.38052714
10846,0.38052714
10847,0.38052714
10848,0.38052714
10849,0.38052714
10850,0.38052714
10851,0.38052714
10852,0.38052714
10853,0.38052714
10854,0.38052714
10855,0.38052714
10856,0.38052714
10857,0.38052714
10858,0.38052714
10859,0.38052714
10860,0.38052714
10861,0.38052714
10862,0.38052714
10863,0.38052714
10864,0.38052714
10865,0.38052714
10866,0.38052714
10867,0.38052714
10868,0.38052714
10869,0.38052714
10870,0.38052714
10871,0.38052714
10872,0.38052714
10873,0.38052714
10874,0.38052714
10875,0.38052714
10876,0.38052714
10877,0.38052714
10878,0.38052714
10879,0.38052714
10880,0.38052714
10881,0.38052714
10882,0.38052714
10883,0.38052714
10884,0.38052714
10885,0.38052714
10886,0.38052714
10887,0.38052714
10888,0.38052714
10889,0.38052714
10890,0.38052714
10891,0.38052714
10892,0.38052714
10893,0.38052714
10894,0.38052714
10895,0.38052714
10896,0.38052714
10897,0.38052714
10898,0.38052714
10899,0.38052714
10900,0.38052714
10901,0.38052714
10902,0.38052714
10903,0.38052714
10904,0.38052714
10905,0.38052714
10906,0.38052714
10907,0.38052714
10908,0.38052714
10909,0.38052714
10910,0.38052714
10911,0.38052714
10912,0.38052714
10913,0.38052714
10914,0.38052714
10915,0.38052714
10916,0.38052714
10917,0.38052714
10918,0.38052714
10919,0.38052714
10920,0.38052714
10921,0.38052714
10922,0.38052714
10923,0.38052714
10924,0.38052714
10925,0.38052714
10926,0.38052714
10927,0.38052714
10928,0.38052714
10929,0.38052714
10930,0.38052714
10931,0.38052714
10932,0.38052714
10933,0.38052714
10934,0.38052714
10935,0.38052714
10936,0.38052714
10937,0.38052714
10938,0.38052714
10939,0.38052714
10940,0.38052714
10941,0.38052714
10942,0.38052714
10943,0.38052714
10944,0.38052714
10945,0.38052714
10946,0.38052714
10947,0.38052714
10948,0.38052714
10949,0.38052714
10950,0.38052714
10951,0.38052714
10952,0.38052714
10953,0.38052714
10954,0.38052714
10955,0.38052714
10956,0.38052714
10957,0.38052714
10958,0.38052714
10959,0.38052714
10960,0.38052714
10961,0.38052714
10962,0.38052714
10963,0.38052714
10964,0.38052714
10965,0.38052714
10966,0.38052714
10967,0.38052714
10968,0.38052714
10969,0.38052714
10970,0.38052714
10971,0.38052714
10972,0.38052714
10973,0.38052714
10974,0.38052714
10975,0.38052714
10976,0.38052714
10977,0.38052714
10978,0.38052714
10979,0.38052714
10980,0.38052714
10981,0.38052714
10982,0.38052714
10983,0.38052714
10984,0.38052714
10985,0.38052714
10986,0.38052714
10987,0.38052714
10988,0.38052714
10989,0.38052714
10990,0.38052714
10991,0.38052714
10992,0.38052714
10993,0.38052714
10994,0.38052714
10995,0.38052714
10996,0.38052714
10997,0.38052714
10998,0.38052714
10999,0.38052714
11000,0.38052714
11001,0.38052714
11002,0.38052714
11003,0.38052714
11004,0.38052714
11005,0.38052714
11006,0.38052714
11007,0.38052714
11008,0.38052714
11009,0.38052714
11010,0.38052714
11011,0.38052714
11012,0.38052714
11013,0.38052714
11014,0.38052714
11015,0.38052714
11016,0.38052714
11017,0.38052714
11018,0.38052714
11019,0.38052714
11020,0.38052714
11021,0.38052714
11022,0.38052714
11023,0.38052714
11024,0.38052714
11025,0.38052714
11026,0.38052714
11027,0.38052714
11028,0.38052714
11029,0.38052714
11030,0.38052714
11031,0.38052714
11032,0.38052714
11033,0.38052714
11034,0.38052714
11035,0.38052714
11036,0.38052714
11037,0.38052714
11038,0.38052714
11039,0.38052714
11040,0.38052714
11041,0.38052714
11042,0.38052714
11043,0.38052714
11044,0.38052714
11045,0.38052714
11046,0.38052714
11047,0.38052714
11048,0.38052714
11049,0.38052714
11050,0.38052714
11051,0.38052714
11052,0.38052714
11053,0.38052714
11054,0.38052714
11055,0.38052714
11056,0.38052714
11057,0.38052714
11058,0.38052714
11059,0.38052714
11060,0.38052714
11061,0.38052714
11062,0.38052714
11063,0.38052714
11064,0.38052714
11065,0.38052714
11066,0.38052714
11067,0.38052714
11068,0.38052714
11069,0.38052714
11070,0.38052714
11071,0.38052714
11072,0.38052714
11073,0.38052714
11074,0.38052714
11075,0.38052714
11076,0.38052714
11077,0.38052714
11078,0.38052714
11079,0.38052714
11080,0.38052714
11081,0.38052714
11082,0.38052714
11083,0.38052714
11084,0.38052714
11085,0.38052714
11086,0.38052714
11087,0.38052714
11088,0.38052714
11089,0.38052714
11090,0.38052714
11091,0.38052714
11092,0.38052714
11093,0.38052714
11094,0.38052714
11095,0.38052714
11096,0.38052714
11097,0.38052714
11098,0.38052714
11099,0.38052714
11100,0.38052714
11101,0.38052714
11102,0.38052714
11103,0.38052714
11104,0.38052714
11105,0.38052714
11106,0.38052714
11107,0.38052714
11108,0.38052714
11109,0.38052714
11110,0.38052714
11111,0.38052714
11112,0.38052714
11113,0.38052714
11114,0.38052714
11115,0.38052714
11116,0.38052714
11117,0.38052714
11118,0.38052714
11119,0.38052714
11120,0.38052714
11121,0.38052714
11122,0.38052714
11123,0.38052714
11124,0.38052714
11125,0.38052714
11126,0.38052714
11127,0.38052714
11128,0.38052714
11129,0.38052714
11130,0.38052714
11131,0.38052714
11132,0.38052714
11133,0.38052714
11134,0.38052714
11135,0.38052714
11136,0.38052714
11137,0.38052714
11138,0.38052714
11139,0.38052714
11140,0.38052714
11141,0.38052714
11142,0.38052714
11143,0.38052714
11144,0.38052714
11145,0.38052714
11146,0.38052714
11147,0.38052714
11148,0.38052714
11149,0.38052714
11150,0.38052714
11151,0.38052714
11152,0.38052714
11153,0.38052714
11154,0.38052714
11155,0.38052714
11156,0.38052714
11157,0.38052714
11158,0.38052714
11159,0.38052714
11160,0.38052714
11161,0.38052714
11162,0.38052714
11163,0.38052714
11164,0.38052714
11165,0.38052714
11166,0.38052714
11167,0.38052714
11168,0.38052714
11169,0.38052714
11170,0.38052714
11171,0.38052714
11172,0.38052714
11173,0.38052714
11174,0.38052714
11175,0.38052714
11176,0.38052714
11177,0.38052714
11178,0.38052714
11179,0.38052714
11180,0.38052714
11181,0.38052714
11182,0.38052714
11183,0.38052714
11184,0.38052714
11185,0.38052714
11186,0.38052714
11187,0.38052714
11188,0.38052714
11189,0.38052714
11190,0.38052714
11191,0.38052714
11192,0.38052714
11193,0.38052714
11194,0.38052714
11195,0.38052714
11196,0.38052714
11197,0.38052714
11198,0.38052714
11199,0.38052714
11200,0.38052714
11201,0.38052714
11202,0.38052714
11203,0.38052714
11204,0.38052714
11205,0.38052714
11206,0.38052714
11207,0.38052714
11208,0.38052714
11209,0.38052714
11210,0.38052714
11211,0.38052714
11212,0.38052714
11213,0.38052714
11214,0.38052714
11215,0.38052714
11216,0.38052714
11217,0.38052714
11218,0.38052714
11219,0.38052714
11220,0.38052714
11221,0.38052714
11222,0.38052714
11223,0.38052714
11224,0.38052714
11225,0.38052714
11226,0.38052714
11227,0.38052714
11228,0.38052714
11229,0.38052714
11230,0.38052714
11231,0.38052714
11232,0.38052714
11233,0.38052714
11234,0.38052714
11235,0.38052714
11236,0.38052714
11237,0.38052714
11238,0.38052714
11239,0.38052714
11240,0.38052714
11241,0.38052714
11242,0.38052714
11243,0.38052714
11244,0.38052714
11245,0.38052714
11246,0.38052714
11247,0.38052714
11248,0.38052714
11249,0.38052714
11250,0.38052714
11251,0.38052714
11252,0.38052714
11253,0.38052714
11254,0.38052714
11255,0.38052714
11256,0.38052714
11257,0.38052714
11258,0.38052714
11259,0.38052714
11260,0.38052714
11261,0.38052714
11262,0.38052714
11263,0.38052714
11264,0.38052714
11265,0.38052714
11266,0.38052714
11267,0.38052714
11268,0.38052714
11269,0.38052714
11270,0.38052714
11271,0.38052714
11272,0.38052714
11273,0.38052714
11274,0.38052714
11275,0.38052714
11276,0.38052714
11277,0.38052714
11278,0.38052714
11279,0.38052714
11280,0.38052714
11281,0.38052714
11282,0.38052714
11283,0.38052714
11284,0.38052714
11285,0.38052714
11286,0.38052714
11287,0.38052714
11288,0.38052714
11289,0.38052714
11290,0.38052714
11291,0.38052714
11292,0.38052714
11293,0.38052714
11294,0.38052714
11295,0.38052714
11296,0.38052714
11297,0.38052714
11298,0.38052714
11299,0.38052714
11300,0.38052714
11301,0.38052714
11302,0.38052714
11303,0.38052714
11304,0.38052714
11305,0.38052714
11306,0.38052714
11307,0.38052714
11308,0.38052714
11309,0.38052714
11310,0.38052714
11311,0.38052714
11312,0.38052714
11313,0.38052714
11314,0.38052714
11315,0.38052714
11316,0.38052714
11317,0.38052714
11318,0.38052714
11319,0.38052714
11320,0.38052714
11321,0.38052714
11322,0.38052714
11323,0.38052714
11324,0.38052714
11325,0.38052714
11326,0.38052714
11327,0.38052714
11328,0.38052714
11329,0.38052714
11330,0.38052714
11331,0.38052714
11332,0.38052714
11333,0.38052714
11334,0.38052714
11335,0.38052714
11336,0.38052714
11337,0.38052714
11338,0.38052714
11339,0.38052714
11340,0.38052714
11341,0.38052714
11342,0.38052714
11343,0.38052714
11344,0.38052714
11345,0.38052714
11346,0.38052714
11347,0.38052714
11348,0.38052714
11349,0.38052714
11350,0.38052714
11351,0.38052714
11352,0.38052714
11353,0.38052714
11354,0.38052714
11355,0.38052714
11356,0.38052714
11357,0.38052714
11358,0.38052714
11359,0.38052714
11360,0.38052714
11361,0.38052714
11362,0.38052714
11363,0.38052714
11364,0.38052714
11365,0.38052714
11366,0.38052714
11367,0.38052714
11368,0.38052714
11369,0.38052714
11370,0.38052714
11371,0.38052714
11372,0.38052714
11373,0.38052714
11374,0.38052714
11375,0.38052714
11376,0.38052714
11377,0.38052714
11378,0.38052714
11379,0.38052714
11380,0.38052714
11381,0.38052714
11382,0.38052714
11383,0.38052714
11384,0.38052714
11385,0.38052714
11386,0.38052714
11387,0.38052714
11388,0.38052714
11389,0.38052714
11390,0.38052714
11391,0.38052714
11392,0.38052714
11393,0.38052714
11394,0.38052714
11395,0.38052714
11396,0.38052714
11397,0.38052714
11398,0.38052714
11399,0.38052714
11400,0.38052714
11401,0.38052714
11402,0.38052714
11403,0.38052714
11404,0.38052714
11405,0.38052714
11406,0.38052714
11407,0.38052714
11408,0.38052714
11409,0.38052714
11410,0.38052714
11411,0.38052714
11412,0.38052714
11413,0.38052714
11414,0.38052714
11415,0.38052714
11416,0.38052714
11417,0.38052714
11418,0.38052714
11419,0.38052714
11420,0.38052714
11421,0.38052714
11422,0.38052714
11423,0.38052714
11424,0.38052714
11425,0.38052714
11426,0.38052714
11427,0.38052714
11428,0.38052714
11429,0.38052714
11430,0.38052714
11431,0.38052714
11432,0.38052714
11433,0.38052714
11434,0.38052714
11435,0.38052714
11436,0.38052714
11437,0.38052714
11438,0.38052714
11439,0.38052714
11440,0.38052714
11441,0.38052714
11442,0.38052714
11443,0.38052714
11444,0.38052714
11445,0.38052714
11446,0.38052714
11447,0.38052714
11448,0.38052714
11449,0.38052714
11450,0.38052714
11451,0.38052714
11452,0.38052714
11453,0.38052714
11454,0.38052714
11455,0.38052714
11456,0.38052714
11457,0.38052714
11458,0.38052714
11459,0.38052714
11460,0.38052714
11461,0.38052714
11462,0.38052714
11463,0.38052714
11464,0.38052714
11465,0.38052714
11466,0.38052714
11467,0.38052714
11468,0.38052714
11469,0.38052714
11470,0.38052714
11471,0.38052714
11472,0.38052714
11473,0.38052714
11474,0.38052714
11475,0.38052714
11476,0.38052714
11477,0.38052714
11478,0.38052714
11479,0.38052714
11480,0.38052714
11481,0.38052714
11482,0.38052714
11483,0.38052714
11484,0.38052714
11485,0.38052714
11486,0.38052714
11487,0.38052714
11488,0.38052714
11489,0.38052714
11490,0.38052714
11491,0.38052714
11492,0.38052714
11493,0.38052714
11494,0.38052714
11495,0.38052714
11496,0.38052714
11497,0.38052714
11498,0.38052714
11499,0.38052714
11500,0.38052714
11501,0.38052714
11502,0.38052714
11503,0.38052714
11504,0.38052714
11505,0.38052714
11506,0.38052714
11507,0.38052714
11508,0.38052714
11509,0.38052714
11510,0.38052714
11511,0.38052714
11512,0.38052714
11513,0.38052714
11514,0.38052714
11515,0.38052714
11516,0.38052714
11517,0.38052714
11518,0.38052714
11519,0.38052714
11520,0.38052714
11521,0.38052714
11522,0.38052714
11523,0.38052714
11524,0.38052714
11525,0.38052714
11526,0.38052714
11527,0.38052714
11528,0.38052714
11529,0.38052714
11530,0.38052714
11531,0.38052714
11532,0.38052714
11533,0.38052714
11534,0.38052714
11535,0.38052714
11536,0.38052714
11537,0.38052714
11538,0.38052714
11539,0.38052714
11540,0.38052714
11541,0.38052714
11542,0.38052714
11543,0.38052714
11544,0.38052714
11545,0.38052714
11546,0.38052714
11547,0.38052714
11548,0.38052714
11549,0.38052714
11550,0.38052714
11551,0.38052714
11552,0.38052714
11553,0.38052714
11554,0.38052714
11555,0.38052714
11556,0.38052714
11557,0.38052714
11558,0.38052714
11559,0.38052714
11560,0.38052714
11561,0.38052714
11562,0.38052714
11563,0.38052714
11564,0.38052714
11565,0.38052714
11566,0.38052714
11567,0.38052714
11568,0.38052714
11569,0.38052714
11570,0.38052714
11571,0.38052714
11572,0.38052714
11573,0.38052714
11574,0.38052714
11575,0.38052714
11576,0.38052714
11577,0.38052714
11578,0.38052714
11579,0.38052714
11580,0.38052714
11581,0.38052714
11582,0.38052714
11583,0.38052714
11584,0.38052714
11585,0.38052714
11586,0.38052714
11587,0.38052714
11588,0.38052714
11589,0.38052714
11590,0.38052714
11591,0.38052714
11592,0.38052714
11593,0.38052714
11594,0.38052714
11595,0.38052714
11596,0.38052714
11597,0.38052714
11598,0.38052714
11599,0.38052714
11600,0.38052714
11601,0.38052714
11602,0.38052714
11603,0.38052714
11604,0.38052714
11605,0.38052714
11606,0.38052714
11607,0.38052714
11608,0.38052714
11609,0.38052714
11610,0.38052714
11611,0.38052714
11612,0.38052714
11613,0.38052714
11614,0.38052714
11615,0.38052714
11616,0.38052714
11617,0.38052714
11618,0.38052714
11619,0.38052714
11620,0.38052714
11621,0.38052714
11622,0.38052714
11623,0.38052714
11624,0.38052714
11625,0.38052714
11626,0.38052714
11627,0.38052714
11628,0.38052714
11629,0.38052714
11630,0.38052714
11631,0.38052714
11632,0.38052714
11633,0.38052714
11634,0.38052714
11635,0.38052714
11636,0.38052714
11637,0.38052714
11638,0.38052714
11639,0.38052714
11640,0.38052714
11641,0.38052714
11642,0.38052714
11643,0.38052714
11644,0.38052714
11645,0.38052714
11646,0.38052714
11647,0.38052714
11648,0.38052714
11649,0.38052714
11650,0.38052714
11651,0.38052714
11652,0.38052714
11653,0.38052714
11654,0.38052714
11655,0.38052714
11656,0.38052714
11657,0.38052714
11658,0.38052714
11659,0.38052714
11660,0.38052714
11661,0.38052714
11662,0.38052714
11663,0.38052714
11664,0.38052714
11665,0.38052714
11666,0.38052714
11667,0.38052714
11668,0.38052714
11669,0.38052714
11670,0.38052714
11671,0.38052714
11672,0.38052714
11673,0.38052714
11674,0.38052714
11675,0.38052714
11676,0.38052714
11677,0.38052714
11678,0.38052714
11679,0.38052714
11680,0.38052714
11681,0.38052714
11682,0.38052714
11683,0.38052714
11684,0.38052714
11685,0.38052714
11686,0.38052714
11687,0.38052714
11688,0.38052714
11689,0.38052714
11690,0.38052714
11691,0.38052714
11692,0.38052714
11693,0.38052714
11694,0.38052714
11695,0.38052714
11696,0.38052714
11697,0.38052714
11698,0.38052714
11699,0.38052714
11700,0.38052714
11701,0.38052714
11702,0.38052714
11703,0.38052714
11704,0.38052714
11705,0.38052714
11706,0.38052714
11707,0.38052714
11708,0.38052714
11709,0.38052714
11710,0.38052714
11711,0.38052714
11712,0.38052714
11713,0.38052714
11714,0.38052714
11715,0.38052714
11716,0.38052714
11717,0.38052714
11718,0.38052714
11719,0.38052714
11720,0.38052714
11721,0.38052714
11722,0.38052714
11723,0.38052714
11724,0.38052714
11725,0.38052714
11726,0.38052714
11727,0.38052714
11728,0.38052714
11729,0.38052714
11730,0.38052714
11731,0.38052714
11732,0.38052714
11733,0.38052714
11734,0.38052714
11735,0.38052714
11736,0.38052714
11737,0.38052714
11738,0.38052714
11739,0.38052714
11740,0.38052714
11741,0.38052714
11742,0.38052714
11743,0.38052714
11744,0.38052714
11745,0.38052714
11746,0.38052714
11747,0.38052714
11748,0.38052714
11749,0.38052714
11750,0.38052714
11751,0.38052714
11752,0.38052714
11753,0.38052714
11754,0.38052714
11755,0.38052714
11756,0.38052714
11757,0.38052714
11758,0.38052714
11759,0.38052714
11760,0.38052714
11761,0.38052714
11762,0.38052714
11763,0.38052714
11764,0.38052714
11765,0.38052714
11766,0.38052714
11767,0.38052714
11768,0.38052714
11769,0.38052714
11770,0.38052714
11771,0.38052714
11772,0.38052714
11773,0.38052714
11774,0.38052714
11775,0.38052714
11776,0.38052714
11777,0.38052714
11778,0.38052714
11779,0.38052714
11780,0.38052714
11781,0.38052714
11782,0.38052714
11783,0.38052714
11784,0.38052714
11785,0.38052714
11786,0.38052714
11787,0.38052714
11788,0.38052714
11789,0.38052714
11790,0.38052714
11791,0.38052714
11792,0.38052714
11793,0.38052714
11794,0.38052714
11795,0.38052714
11796,0.38052714
11797,0.38052714
11798,0.38052714
11799,0.38052714
11800,0.38052714
11801,0.38052714
11802,0.38052714
11803,0.38052714
11804,0.38052714
11805,0.38052714
11806,0.38052714
11807,0.38052714
11808,0.38052714
11809,0.38052714
11810,0.38052714
11811,0.38052714
11812,0.38052714
11813,0.38052714
11814,0.38052714
11815,0.38052714
11816,0.38052714
11817,0.38052714
11818,0.38052714
11819,0.38052714
11820,0.38052714
11821,0.38052714
11822,0.38052714
11823,0.38052714
11824,0.38052714
11825,0.38052714
11826,0.38052714
11827,0.38052714
11828,0.38052714
11829,0.38052714
11830,0.38052714
11831,0.38052714
11832,0.38052714
11833,0.38052714
11834,0.38052714
11835,0.38052714
11836,0.38052714
11837,0.38052714
11838,0.38052714
11839,0.38052714
11840,0.38052714
11841,0.38052714
11842,0.38052714
11843,0.38052714
11844,0.38052714
11845,0.38052714
11846,0.38052714
11847,0.38052714
11848,0.38052714
11849,0.38052714
11850,0.38052714
11851,0.38052714
11852,0.38052714
11853,0.38052714
11854,0.38052714
11855,0.38052714
11856,0.38052714
11857,0.38052714
11858,0.38052714
11859,0.38052714
11860,0.38052714
11861,0.38052714
11862,0.38052714
11863,0.38052714
11864,0.38052714
11865,0.38052714
11866,0.38052714
11867,0.38052714
11868,0.38052714
11869,0.38052714
11870,0.38052714
11871,0.38052714
11872,0.38052714
11873,0.38052714
11874,0.38052714
11875,0.38052714
11876,0.38052714
11877,0.38052714
11878,0.38052714
11879,0.38052714
11880,0.38052714
11881,0.38052714
11882,0.38052714
11883,0.38052714
11884,0.38052714
11885,0.38052714
11886,0.38052714
11887,0.38052714
11888,0.38052714
11889,0.38052714
11890,0.38052714
11891,0.38052714
11892,0.38052714
11893,0.38052714
11894,0.38052714
11895,0.38052714
11896,0.38052714
11897,0.38052714
11898,0.38052714
11899,0.38052714
11900,0.38052714
11901,0.38052714
11902,0.38052714
11903,0.38052714
11904,0.38052714
11905,0.38052714
11906,0.38052714
11907,0.38052714
11908,0.38052714
11909,0.38052714
11910,0.38052714
11911,0.38052714
11912,0.38052714
11913,0.38052714
11914,0.38052714
11915,0.38052714
11916,0.38052714
11917,0.38052714
11918,0.38052714
11919,0.38052714
11920,0.38052714
11921,0.38052714
11922,0.38052714
11923,0.38052714
11924,0.38052714
11925,0.38052714
11926,0.38052714
11927,0.38052714
11928,0.38052714
11929,0.38052714
11930,0.38052714
11931,0.38052714
11932,0.38052714
11933,0.38052714
11934,0.38052714
11935,0.38052714
11936,0.38052714
11937,0.38052714
11938,0.38052714
11939,0.38052714
11940,0.38052714
11941,0.38052714
11942,0.38052714
11943,0.38052714
11944,0.38052714
11945,0.38052714
11946,0.38052714
11947,0.38052714
11948,0.38052714
11949,0.38052714
11950,0.38052714
11951,0.38052714
11952,0.38052714
11953,0.38052714
11954,0.38052714
11955,0.38052714
11956,0.38052714
11957,0.38052714
11958,0.38052714
11959,0.38052714
11960,0.38052714
11961,0.38052714
11962,0.38052714
11963,0.38052714
11964,0.38052714
11965,0.38052714
11966,0.38052714
11967,0.38052714
11968,0.38052714
11969,0.38052714
11970,0.38052714
11971,0.38052714
11972,0.38052714
11973,0.38052714
11974,0.38052714
11975,0.38052714
11976,0.38052714
11977,0.38052714
11978,0.38052714
11979,0.38052714
11980,0.38052714
11981,0.38052714
11982,0.38052714
11983,0.38052714
11984,0.38052714
11985,0.38052714
11986,0.38052714
11987,0.38052714
11988,0.38052714
11989,0.38052714
11990,0.38052714
11991,0.38052714
11992,0.38052714
11993,0.38052714
11994,0.38052714
11995,0.38052714
11996,0.38052714
11997,0.38052714
11998,0.38052714
11999,0.38052714
12000,0.38052714
12001,0.38052714
12002,0.38052714
12003,0.38052714
12004,0.38052714
12005,0.38052714
12006,0.38052714
12007,0.38052714
12008,0.38052714
12009,0.38052714
12010,0.38052714
12011,0.38052714
12012,0.38052714
12013,0.38052714
12014,0.38052714
12015,0.38052714
12016,0.38052714
12017,0.38052714
12018,0.38052714
12019,0.38052714
12020,0.38052714
12021,0.38052714
12022,0.38052714
12023,0.38052714
12024,0.38052714
12025,0.38052714
12026,0.38052714
12027,0.38052714
12028,0.38052714
12029,0.38052714
12030,0.38052714
12031,0.38052714
12032,0.38052714
12033,0.38052714
12034,0.38052714
12035,0.38052714
12036,0.38052714
12037,0.38052714
12038,0.38052714
12039,0.38052714
12040,0.38052714
12041,0.38052714
12042,0.38052714
12043,0.38052714
12044,0.38052714
12045,0.38052714
12046,0.38052714
12047,0.38052714
12048,0.38052714
12049,0.38052714
12050,0.38052714
12051,0.38052714
12052,0.38052714
12053,0.38052714
12054,0.38052714
12055,0.38052714
12056,0.38052714
12057,0.38052714
12058,0.38052714
12059,0.38052714
12060,0.38052714
12061,0.38052714
12062,0.38052714
12063,0.38052714
12064,0.38052714
12065,0.38052714
12066,0.38052714
12067,0.38052714
12068,0.38052714
12069,0.38052714
12070,0.38052714
12071,0.38052714
12072,0.38052714
12073,0.38052714
12074,0.38052714
12075,0.38052714
12076,0.38052714
12077,0.38052714
12078,0.38052714
12079,0.38052714
12080,0.38052714
12081,0.38052714
12082,0.38052714
12083,0.38052714
12084,0.38052714
12085,0.38052714
12086,0.38052714
12087,0.38052714
12088,0.38052714
12089,0.38052714
12090,0.38052714
12091,0.38052714
12092,0.38052714
12093,0.38052714
12094,0.38052714
12095,0.38052714
12096,0.38052714
12097,0.38052714
12098,0.38052714
12099,0.38052714
12100,0.38052714
12101,0.38052714
12102,0.38052714
12103,0.38052714
12104,0.38052714
12105,0.38052714
12106,0.38052714
12107,0.38052714
12108,0.38052714
12109,0.38052714
12110,0.38052714
12111,0.38052714
12112,0.38052714
12113,0.38052714
12114,0.38052714
12115,0.38052714
12116,0.38052714
12117,0.38052714
12118,0.38052714
12119,0.38052714
12120,0.38052714
12121,0.38052714
12122,0.38052714
12123,0.38052714
12124,0.38052714
12125,0.38052714
12126,0.38052714
12127,0.38052714
12128,0.38052714
12129,0.38052714
12130,0.38052714
12131,0.38052714
12132,0.38052714
12133,0.38052714
12134,0.38052714
12135,0.38052714
12136,0.38052714
12137,0.38052714
12138,0.38052714
12139,0.38052714
12140,0.38052714
12141,0.38052714
12142,0.38052714
12143,0.38052714
12144,0.38052714
12145,0.38052714
12146,0.38052714
12147,0.38052714
12148,0.38052714
12149,0.38052714
12150,0.38052714
12151,0.38052714
12152,0.38052714
12153,0.38052714
12154,0.38052714
12155,0.38052714
12156,0.38052714
12157,0.38052714
12158,0.38052714
12159,0.38052714
12160,0.38052714
12161,0.38052714
12162,0.38052714
12163,0.38052714
12164,0.38052714
12165,0.38052714
12166,0.38052714
12167,0.38052714
12168,0.38052714
12169,0.38052714
12170,0.38052714
12171,0.38052714
12172,0.38052714
12173,0.38052714
12174,0.38052714
12175,0.38052714
12176,0.38052714
12177,0.38052714
12178,0.38052714
12179,0.38052714
12180,0.38052714
12181,0.38052714
12182,0.38052714
12183,0.38052714
12184,0.38052714
12185,0.38052714
12186,0.38052714
12187,0.38052714
12188,0.38052714
12189,0.38052714
12190,0.38052714
12191,0.38052714
12192,0.38052714
12193,0.38052714
12194,0.38052714
12195,0.38052714
12196,0.38052714
12197,0.38052714
12198,0.38052714
12199,0.38052714
12200,0.38052714
12201,0.38052714
12202,0.38052714
12203,0.38052714
12204,0.38052714
12205,0.38052714
12206,0.38052714
12207,0.38052714
12208,0.38052714
12209,0.38052714
12210,0.38052714
12211,0.38052714
12212,0.38052714
12213,0.38052714
12214,0.38052714
12215,0.38052714
12216,0.38052714
12217,0.38052714
12218,0.38052714
12219,0.38052714
12220,0.38052714
12221,0.38052714
12222,0.38052714
12223,0.38052714
12224,0.38052714
12225,0.38052714
12226,0.38052714
12227,0.38052714
12228,0.38052714
12229,0.38052714
12230,0.38052714
12231,0.38052714
12232,0.38052714
12233,0.38052714
12234,0.38052714
12235,0.38052714
12236,0.38052714
12237,0.38052714
12238,0.38052714
12239,0.38052714
12240,0.38052714
12241,0.38052714
12242,0.38052714
12243,0.38052714
12244,0.38052714
12245,0.38052714
12246,0.38052714
12247,0.38052714
12248,0.38052714
12249,0.38052714
12250,0.38052714
12251,0.38052714
12252,0.38052714
12253,0.38052714
12254,0.38052714
12255,0.38052714
12256,0.38052714
12257,0.38052714
12258,0.38052714
12259,0.38052714
12260,0.38052714
12261,0.38052714
12262,0.38052714
12263,0.38052714
12264,0.38052714
12265,0.38052714
12266,0.38052714
12267,0.38052714
12268,0.38052714
12269,0.38052714
12270,0.38052714
12271,0.38052714
12272,0.38052714
12273,0.38052714
12274,0.38052714
12275,0.38052714
12276,0.38052714
12277,0.38052714
12278,0.38052714
12279,0.38052714
12280,0.38052714
12281,0.38052714
12282,0.38052714
12283,0.38052714
12284,0.38052714
12285,0.38052714
12286,0.38052714
12287,0.38052714
12288,0.38052714
12289,0.38052714
12290,0.38052714
12291,0.38052714
12292,0.38052714
12293,0.38052714
12294,0.38052714
12295,0.38052714
12296,0.38052714
12297,0.38052714
12298,0.38052714
12299,0.38052714
12300,0.38052714
12301,0.38052714
12302,0.38052714
12303,0.38052714
12304,0.38052714
12305,0.38052714
12306,0.38052714
12307,0.38052714
12308,0.38052714
12309,0.38052714
12310,0.38052714
12311,0.38052714
12312,0.38052714
12313,0.38052714
12314,0.38052714
12315,0.38052714
12316,0.38052714
12317,0.38052714
12318,0.38052714
12319,0.38052714
12320,0.38052714
12321,0.38052714
12322,0.38052714
12323,0.38052714
12324,0.38052714
12325,0.38052714
12326,0.38052714
12327,0.38052714
12328,0.38052714
12329,0.38052714
12330,0.38052714
12331,0.38052714
12332,0.38052714
12333,0.38052714
12334,0.38052714
12335,0.38052714
12336,0.38052714
12337,0.38052714
12338,0.38052714
12339,0.38052714
12340,0.38052714
12341,0.38052714
12342,0.38052714
12343,0.38052714
12344,0.38052714
12345,0.38052714
12346,0.38052714
12347,0.38052714
12348,0.38052714
12349,0.38052714
12350,0.38052714
12351,0.38052714
12352,0.38052714
12353,0.38052714
12354,0.38052714
12355,0.38052714
12356,0.38052714
12357,0.38052714
12358,0.38052714
12359,0.38052714
12360,0.38052714
12361,0.38052714
12362,0.38052714
12363,0.38052714
12364,0.38052714
12365,0.38052714
12366,0.38052714
12367,0.38052714
12368,0.38052714
12369,0.38052714
12370,0.38052714
12371,0.38052714
12372,0.38052714
12373,0.38052714
12374,0.38052714
12375,0.38052714
12376,0.38052714
12377,0.38052714
12378,0.38052714
12379,0.38052714
12380,0.38052714
12381,0.38052714
12382,0.38052714
12383,0.38052714
12384,0.38052714
12385,0.38052714
12386,0.38052714
12387,0.38052714
12388,0.38052714
12389,0.38052714
12390,0.38052714
12391,0.38052714
12392,0.38052714
12393,0.38052714
12394,0.38052714
12395,0.38052714
12396,0.38052714
12397,0.38052714
12398,0.38052714
12399,0.38052714
12400,0.38052714
12401,0.38052714
12402,0.38052714
12403,0.38052714
12404,0.38052714
12405,0.38052714
12406,0.38052714
12407,0.38052714
12408,0.38052714
12409,0.38052714
12410,0.38052714
12411,0.38052714
12412,0.38052714
12413,0.38052714
12414,0.38052714
12415,0.38052714
12416,0.38052714
12417,0.38052714
12418,0.38052714
12419,0.38052714
12420,0.38052714
12421,0.38052714
12422,0.38052714
12423,0.38052714
12424,0.38052714
12425,0.38052714
12426,0.38052714
12427,0.38052714
12428,0.38052714
12429,0.38052714
12430,0.38052714
12431,0.38052714
12432,0.38052714
12433,0.38052714
12434,0.38052714
12435,0.38052714
12436,0.38052714
12437,0.38052714
12438,0.38052714
12439,0.38052714
12440,0.38052714
12441,0.38052714
12442,0.38052714
12443,0.38052714
12444,0.38052714
12445,0.38052714
12446,0.38052714
12447,0.38052714
12448,0.38052714
12449,0.38052714
12450,0.38052714
12451,0.38052714
12452,0.38052714
12453,0.38052714
12454,0.38052714
12455,0.38052714
12456,0.38052714
12457,0.38052714
12458,0.38052714
12459,0.38052714
12460,0.38052714
12461,0.38052714
12462,0.38052714
12463,0.38052714
12464,0.38052714
12465,0.38052714
12466,0.38052714
12467,0.38052714
12468,0.38052714
12469,0.38052714
12470,0.38052714
12471,0.38052714
12472,0.38052714
12473,0.38052714
12474,0.38052714
12475,0.38052714
12476,0.38052714
12477,0.38052714
12478,0.38052714
12479,0.38052714
12480,0.38052714
12481,0.38052714
12482,0.38052714
12483,0.38052714
12484,0.38052714
12485,0.38052714
12486,0.38052714
12487,0.38052714
12488,0.38052714
12489,0.38052714
12490,0.38052714
12491,0.38052714
12492,0.38052714
12493,0.38052714
12494,0.38052714
12495,0.38052714
12496,0.38052714
12497,0.38052714
12498,0.38052714
12499,0.38052714
12500,0.38052714
12501,0.38052714
12502,0.38052714
12503,0.38052714
12504,0.38052714
12505,0.38052714
12506,0.38052714
12507,0.38052714
12508,0.38052714
12509,0.38052714
12510,0.38052714
12511,0.38052714
12512,0.38052714
12513,0.38052714
12514,0.38052714
12515,0.38052714
12516,0.38052714
12517,0.38052714
12518,0.38052714
12519,0.38052714
12520,0.38052714
12521,0.38052714
12522,0.38052714
12523,0.38052714
12524,0.38052714
12525,0.38052714
12526,0.38052714
12527,0.38052714
12528,0.38052714
12529,0.38052714
12530,0.38052714
12531,0.38052714
12532,0.38052714
12533,0.38052714
12534,0.38052714
12535,0.38052714
12536,0.38052714
12537,0.38052714
12538,0.38052714
12539,0.38052714
12540,0.38052714
12541,0.38052714
12542,0.38052714
12543,0.38052714
12544,0.38052714
12545,0.38052714
12546,0.38052714
12547,0.38052714
12548,0.38052714
12549,0.38052714
12550,0.38052714
12551,0.38052714
12552,0.38052714
12553,0.38052714
12554,0.38052714
12555,0.38052714
12556,0.38052714
12557,0.38052714
12558,0.38052714
12559,0.38052714
12560,0.38052714
12561,0.38052714
12562,0.38052714
12563,0.38052714
12564,0.38052714
12565,0.38052714
12566,0.38052714
12567,0.38052714
12568,0.38052714
12569,0.38052714
12570,0.38052714
12571,0.38052714
12572,0.38052714
12573,0.38052714
12574,0.38052714
12575,0.38052714
12576,0.38052714
12577,0.38052714
12578,0.38052714
12579,0.38052714
12580,0.38052714
12581,0.38052714
12582,0.38052714
12583,0.38052714
12584,0.38052714
12585,0.38052714
12586,0.38052714
12587,0.38052714
12588,0.38052714
12589,0.38052714
12590,0.38052714
12591,0.38052714
12592,0.38052714
12593,0.38052714
12594,0.38052714
12595,0.38052714
12596,0.38052714
12597,0.38052714
12598,0.38052714
12599,0.38052714
12600,0.38052714
12601,0.38052714
12602,0.38052714
12603,0.38052714
12604,0.38052714
12605,0.38052714
12606,0.38052714
12607,0.38052714
12608,0.38052714
12609,0.38052714
12610,0.38052714
12611,0.38052714
12612,0.38052714
12613,0.38052714
12614,0.38052714
12615,0.38052714
12616,0.38052714
12617,0.38052714
12618,0.38052714
12619,0.38052714
12620,0.38052714
12621,0.38052714
12622,0.38052714
12623,0.38052714
12624,0.38052714
12625,0.38052714
12626,0.38052714
12627,0.38052714
12628,0.38052714
12629,0.38052714
12630,0.38052714
12631,0.38052714
12632,0.38052714
12633,0.38052714
12634,0.38052714
12635,0.38052714
12636,0.38052714
12637,0.38052714
12638,0.38052714
12639,0.38052714
12640,0.38052714
12641,0.38052714
12642,0.38052714
12643,0.38052714
12644,0.38052714
12645,0.38052714
12646,0.38052714
12647,0.38052714
12648,0.38052714
12649,0.38052714
12650,0.38052714
12651,0.38052714
12652,0.38052714
12653,0.38052714
12654,0.38052714
12655,0.38052714
12656,0.38052714
12657,0.38052714
12658,0.38052714
12659,0.38052714
12660,0.38052714
12661,0.38052714
12662,0.38052714
12663,0.38052714
12664,0.38052714
12665,0.38052714
12666,0.38052714
12667,0.38052714
12668,0.38052714
12669,0.38052714
12670,0.38052714
12671,0.38052714
12672,0.38052714
12673,0.38052714
12674,0.38052714
12675,0.38052714
12676,0.38052714
12677,0.38052714
12678,0.38052714
12679,0.38052714
12680,0.38052714
12681,0.38052714
12682,0.38052714
12683,0.38052714
12684,0.38052714
12685,0.38052714
12686,0.38052714
12687,0.38052714
12688,0.38052714
12689,0.38052714
12690,0.38052714
12691,0.38052714
12692,0.38052714
12693,0.38052714
12694,0.38052714
12695,0.38052714
12696,0.38052714
12697,0.38052714
12698,0.38052714
12699,0.38052714
12700,0.38052714
12701,0.38052714
12702,0.38052714
12703,0.38052714
12704,0.38052714
12705,0.38052714
12706,0.38052714
12707,0.38052714
12708,0.38052714
12709,0.38052714
12710,0.38052714
12711,0.38052714
12712,0.38052714
12713,0.38052714
12714,0.38052714
12715,0.38052714
12716,0.38052714
12717,0.38052714
12718,0.38052714
12719,0.38052714
12720,0.38052714
12721,0.38052714
12722,0.38052714
12723,0.38052714
12724,0.38052714
12725,0.38052714
12726,0.38052714
12727,0.38052714
12728,0.38052714
12729,0.38052714
12730,0.38052714
12731,0.38052714
12732,0.38052714
12733,0.38052714
12734,0.38052714
12735,0.38052714
12736,0.38052714
12737,0.38052714
12738,0.38052714
12739,0.38052714
12740,0.38052714
12741,0.38052714
12742,0.38052714
12743,0.38052714
12744,0.38052714
12745,0.38052714
12746,0.38052714
12747,0.38052714
12748,0.38052714
12749,0.38052714
12750,0.38052714
12751,0.38052714
12752,0.38052714
12753,0.38052714
12754,0.38052714
12755,0.38052714
12756,0.38052714
12757,0.38052714
12758,0.38052714
12759,0.38052714
12760,0.38052714
12761,0.38052714
12762,0.38052714
12763,0.38052714
12764,0.38052714
12765,0.38052714
12766,0.38052714
12767,0.38052714
12768,0.38052714
12769,0.38052714
12770,0.38052714
12771,0.38052714
12772,0.38052714
12773,0.38052714
12774,0.38052714
12775,0.38052714
12776,0.38052714
12777,0.38052714
12778,0.38052714
12779,0.38052714
12780,0.38052714
12781,0.38052714
12782,0.38052714
12783,0.38052714
12784,0.38052714
12785,0.38052714
12786,0.38052714
12787,0.38052714
12788,0.38052714
12789,0.38052714
12790,0.38052714
12791,0.38052714
12792,0.38052714
12793,0.38052714
12794,0.38052714
12795,0.38052714
12796,0.38052714
12797,0.38052714
12798,0.38052714
12799,0.38052714
12800,0.38052714
12801,0.38052714
12802,0.38052714
12803,0.38052714
12804,0.38052714
12805,0.38052714
12806,0.38052714
12807,0.38052714
12808,0.38052714
12809,0.38052714
12810,0.38052714
12811,0.38052714
12812,0.38052714
12813,0.38052714
12814,0.38052714
12815,0.38052714
12816,0.38052714
12817,0.38052714
12818,0.38052714
12819,0.38052714
12820,0.38052714
12821,0.38052714
12822,0.38052714
12823,0.38052714
12824,0.38052714
12825,0.38052714
12826,0.38052714
12827,0.38052714
12828,0.38052714
12829,0.38052714
12830,0.38052714
12831,0.38052714
12832,0.38052714
12833,0.38052714
12834,0.38052714
12835,0.38052714
12836,0.38052714
12837,0.38052714
12838,0.38052714
12839,0.38052714
12840,0.38052714
12841,0.38052714
12842,0.38052714
12843,0.38052714
12844,0.38052714
12845,0.38052714
12846,0.38052714
12847,0.38052714
12848,0.38052714
12849,0.38052714
12850,0.38052714
12851,0.38052714
12852,0.38052714
12853,0.38052714
12854,0.38052714
12855,0.38052714
12856,0.38052714
12857,0.38052714
12858,0.38052714
12859,0.38052714
12860,0.38052714
12861,0.38052714
12862,0.38052714
12863,0.38052714
12864,0.38052714
12865,0.38052714
12866,0.38052714
12867,0.38052714
12868,0.38052714
12869,0.38052714
12870,0.38052714
12871,0.38052714
12872,0.38052714
12873,0.38052714
12874,0.38052714
12875,0.38052714
12876,0.38052714
12877,0.38052714
12878,0.38052714
12879,0.38052714
12880,0.38052714
12881,0.38052714
12882,0.38052714
12883,0.38052714
12884,0.38052714
12885,0.38052714
12886,0.38052714
12887,0.38052714
12888,0.38052714
12889,0.38052714
12890,0.38052714
12891,0.38052714
12892,0.38052714
12893,0.38052714
12894,0.38052714
12895,0.38052714
12896,0.38052714
12897,0.38052714
12898,0.38052714
12899,0.38052714
12900,0.38052714
12901,0.38052714
12902,0.38052714
12903,0.38052714
12904,0.38052714
12905,0.38052714
12906,0.38052714
12907,0.38052714
12908,0.38052714
12909,0.38052714
12910,0.38052714
12911,0.38052714
12912,0.38052714
12913,0.38052714
12914,0.38052714
12915,0.38052714
12916,0.38052714
12917,0.38052714
12918,0.38052714
12919,0.38052714
12920,0.38052714
12921,0.38052714
12922,0.38052714
12923,0.38052714
12924,0.38052714
12925,0.38052714
12926,0.38052714
12927,0.38052714
12928,0.38052714
12929,0.38052714
12930,0.38052714
12931,0.38052714
12932,0.38052714
12933,0.38052714
12934,0.38052714
12935,0.38052714
12936,0.38052714
12937,0.38052714
12938,0.38052714
12939,0.38052714
12940,0.38052714
12941,0.38052714
12942,0.38052714
12943,0.38052714
12944,0.38052714
12945,0.38052714
12946,0.38052714
12947,0.38052714
12948,0.38052714
12949,0.38052714
12950,0.38052714
12951,0.38052714
12952,0.38052714
12953,0.38052714
12954,0.38052714
12955,0.38052714
12956,0.38052714
12957,0.38052714
12958,0.38052714
12959,0.38052714
12960,0.38052714
12961,0.38052714
12962,0.38052714
12963,0.38052714
12964,0.38052714
12965,0.38052714
12966,0.38052714
12967,0.38052714
12968,0.38052714
12969,0.38052714
12970,0.38052714
12971,0.38052714
12972,0.38052714
12973,0.38052714
12974,0.38052714
12975,0.38052714
12976,0.38052714
12977,0.38052714
12978,0.38052714
12979,0.38052714
12980,0.38052714
12981,0.38052714
12982,0.38052714
12983,0.38052714
12984,0.38052714
12985,0.38052714
12986,0.38052714
12987,0.38052714
12988,0.38052714
12989,0.38052714
12990,0.38052714
12991,0.38052714
12992,0.38052714
12993,0.38052714
12994,0.38052714
12995,0.38052714
12996,0.38052714
12997,0.38052714
12998,0.38052714
12999,0.38052714
13000,0.38052714
13001,0.38052714
13002,0.38052714
13003,0.38052714
13004,0.38052714
13005,0.38052714
13006,0.38052714
13007,0.38052714
13008,0.38052714
13009,0.38052714
13010,0.38052714
13011,0.38052714
13012,0.38052714
13013,0.38052714
13014,0.38052714
13015,0.38052714
13016,0.38052714
13017,0.38052714
13018,0.38052714
13019,0.38052714
13020,0.38052714
13021,0.38052714
13022,0.38052714
13023,0.38052714
13024,0.38052714
13025,0.38052714
13026,0.38052714
13027,0.38052714
13028,0.38052714
13029,0.38052714
13030,0.38052714
13031,0.38052714
13032,0.38052714
13033,0.38052714
13034,0.38052714
13035,0.38052714
13036,0.38052714
13037,0.38052714
13038,0.38052714
13039,0.38052714
13040,0.38052714
13041,0.38052714
13042,0.38052714
13043,0.38052714
13044,0.38052714
13045,0.38052714
13046,0.38052714
13047,0.38052714
13048,0.38052714
13049,0.38052714
13050,0.38052714
13051,0.38052714
13052,0.38052714
13053,0.38052714
13054,0.38052714
13055,0.38052714
13056,0.38052714
13057,0.38052714
13058,0.38052714
13059,0.38052714
13060,0.38052714
13061,0.38052714
13062,0.38052714
13063,0.38052714
13064,0.38052714
13065,0.38052714
13066,0.38052714
13067,0.38052714
13068,0.38052714
13069,0.38052714
13070,0.38052714
13071,0.38052714
13072,0.38052714
13073,0.38052714
13074,0.38052714
13075,0.38052714
13076,0.38052714
13077,0.38052714
13078,0.38052714
13079,0.38052714
13080,0.38052714
13081,0.38052714
13082,0.38052714
13083,0.38052714
13084,0.38052714
13085,0.38052714
13086,0.38052714
13087,0.38052714
13088,0.38052714
13089,0.38052714
13090,0.38052714
13091,0.38052714
13092,0.38052714
13093,0.38052714
13094,0.38052714
13095,0.38052714
13096,0.38052714
13097,0.38052714
13098,0.38052714
13099,0.38052714
13100,0.38052714
13101,0.38052714
13102,0.38052714
13103,0.38052714
13104,0.38052714
13105,0.38052714
13106,0.38052714
13107,0.38052714
13108,0.38052714
13109,0.38052714
13110,0.38052714
13111,0.38052714
13112,0.38052714
13113,0.38052714
13114,0.38052714
13115,0.38052714
13116,0.38052714
13117,0.38052714
13118,0.38052714
13119,0.38052714
13120,0.38052714
13121,0.38052714
13122,0.38052714
13123,0.38052714
13124,0.38052714
13125,0.38052714
13126,0.38052714
13127,0.38052714
13128,0.38052714
13129,0.38052714
13130,0.38052714
13131,0.38052714
13132,0.38052714
13133,0.38052714
13134,0.38052714
13135,0.38052714
13136,0.38052714
13137,0.38052714
13138,0.38052714
13139,0.38052714
13140,0.38052714
13141,0.38052714
13142,0.38052714
13143,0.38052714
13144,0.38052714
13145,0.38052714
13146,0.38052714
13147,0.38052714
13148,0.38052714
13149,0.38052714
13150,0.38052714
13151,0.38052714
13152,0.38052714
13153,0.38052714
13154,0.38052714
13155,0.38052714
13156,0.38052714
13157,0.38052714
13158,0.38052714
13159,0.38052714
13160,0.38052714
13161,0.38052714
13162,0.38052714
13163,0.38052714
13164,0.38052714
13165,0.38052714
13166,0.38052714
13167,0.38052714
13168,0.38052714
13169,0.38052714
13170,0.38052714
13171,0.38052714
13172,0.38052714
13173,0.38052714
13174,0.38052714
13175,0.38052714
13176,0.38052714
13177,0.38052714
13178,0.38052714
13179,0.38052714
13180,0.38052714
13181,0.38052714
13182,0.38052714
13183,0.38052714
13184,0.38052714
13185,0.38052714
13186,0.38052714
13187,0.38052714
13188,0.38052714
13189,0.38052714
13190,0.38052714
13191,0.38052714
13192,0.38052714
13193,0.38052714
13194,0.38052714
13195,0.38052714
13196,0.38052714
13197,0.38052714
13198,0.38052714
13199,0.38052714
13200,0.38052714
13201,0.38052714
13202,0.38052714
13203,0.38052714
13204,0.38052714
13205,0.38052714
13206,0.38052714
13207,0.38052714
13208,0.38052714
13209,0.38052714
13210,0.38052714
13211,0.38052714
13212,0.38052714
13213,0.38052714
13214,0.38052714
13215,0.38052714
13216,0.38052714
13217,0.38052714
13218,0.38052714
13219,0.38052714
13220,0.38052714
13221,0.38052714
13222,0.38052714
13223,0.38052714
13224,0.38052714
13225,0.38052714
13226,0.38052714
13227,0.38052714
13228,0.38052714
13229,0.38052714
13230,0.38052714
13231,0.38052714
13232,0.38052714
13233,0.38052714
13234,0.38052714
13235,0.38052714
13236,0.38052714
13237,0.38052714
13238,0.38052714
13239,0.38052714
13240,0.38052714
13241,0.38052714
13242,0.38052714
13243,0.38052714
13244,0.38052714
13245,0.38052714
13246,0.38052714
13247,0.38052714
13248,0.38052714
13249,0.38052714
13250,0.38052714
13251,0.38052714
13252,0.38052714
13253,0.38052714
13254,0.38052714
13255,0.38052714
13256,0.38052714
13257,0.38052714
13258,0.38052714
13259,0.38052714
13260,0.38052714
13261,0.38052714
13262,0.38052714
13263,0.38052714
13264,0.38052714
13265,0.38052714
13266,0.38052714
13267,0.38052714
13268,0.38052714
13269,0.38052714
13270,0.38052714
13271,0.38052714
13272,0.38052714
13273,0.38052714
13274,0.38052714
13275,0.38052714
13276,0.38052714
13277,0.38052714
13278,0.38052714
13279,0.38052714
13280,0.38052714
13281,0.38052714
13282,0.38052714
13283,0.38052714
13284,0.38052714
13285,0.38052714
13286,0.38052714
13287,0.38052714
13288,0.38052714
13289,0.38052714
13290,0.38052714
13291,0.38052714
13292,0.38052714
13293,0.38052714
13294,0.38052714
13295,0.38052714
13296,0.38052714
13297,0.38052714
13298,0.38052714
13299,0.38052714
13300,0.38052714
13301,0.38052714
13302,0.38052714
13303,0.38052714
13304,0.38052714
13305,0.38052714
13306,0.38052714
13307,0.38052714
13308,0.38052714
13309,0.38052714
13310,0.38052714
13311,0.38052714
13312,0.38052714
13313,0.38052714
13314,0.38052714
13315,0.38052714
13316,0.38052714
13317,0.38052714
13318,0.38052714
13319,0.38052714
13320,0.38052714
13321,0.38052714
13322,0.38052714
13323,0.38052714
13324,0.38052714
13325,0.38052714
13326,0.38052714
13327,0.38052714
13328,0.38052714
13329,0.38052714
13330,0.38052714
13331,0.38052714
13332,0.38052714
13333,0.38052714
13334,0.38052714
13335,0.38052714
13336,0.38052714
13337,0.38052714
13338,0.38052714
13339,0.38052714
13340,0.38052714
13341,0.38052714
13342,0.38052714
13343,0.38052714
13344,0.38052714
13345,0.38052714
13346,0.38052714
13347,0.38052714
13348,0.38052714
13349,0.38052714
13350,0.38052714
13351,0.38052714
13352,0.38052714
13353,0.38052714
13354,0.38052714
13355,0.38052714
13356,0.38052714
13357,0.38052714
13358,0.38052714
13359,0.38052714
13360,0.38052714
13361,0.38052714
13362,0.38052714
13363,0.38052714
13364,0.38052714
13365,0.38052714
13366,0.38052714
13367,0.38052714
13368,0.38052714
13369,0.38052714
13370,0.38052714
13371,0.38052714
13372,0.38052714
13373,0.38052714
13374,0.38052714
13375,0.38052714
13376,0.38052714
13377,0.38052714
13378,0.38052714
13379,0.38052714
13380,0.38052714
13381,0.38052714
13382,0.38052714
13383,0.38052714
13384,0.38052714
13385,0.38052714
13386,0.38052714
13387,0.38052714
13388,0.38052714
13389,0.38052714
13390,0.38052714
13391,0.38052714
13392,0.38052714
13393,0.38052714
13394,0.38052714
13395,0.38052714
13396,0.38052714
13397,0.38052714
13398,0.38052714
13399,0.38052714
13400,0.38052714
13401,0.38052714
13402,0.38052714
13403,0.38052714
13404,0.38052714
13405,0.38052714
13406,0.38052714
13407,0.38052714
13408,0.38052714
13409,0.38052714
13410,0.38052714
13411,0.38052714
13412,0.38052714
13413,0.38052714
13414,0.38052714
13415,0.38052714
13416,0.38052714
13417,0.38052714
13418,0.38052714
13419,0.38052714
13420,0.38052714
13421,0.38052714
13422,0.38052714
13423,0.38052714
13424,0.38052714
13425,0.38052714
13426,0.38052714
13427,0.38052714
13428,0.38052714
13429,0.38052714
13430,0.38052714
13431,0.38052714
13432,0.38052714
13433,0.38052714
13434,0.38052714
13435,0.38052714
13436,0.38052714
13437,0.38052714
13438,0.38052714
13439,0.38052714
13440,0.38052714
13441,0.38052714
13442,0.38052714
13443,0.38052714
13444,0.38052714
13445,0.38052714
13446,0.38052714
13447,0.38052714
13448,0.38052714
13449,0.38052714
13450,0.38052714
13451,0.38052714
13452,0.38052714
13453,0.38052714
13454,0.38052714
13455,0.38052714
13456,0.38052714
13457,0.38052714
13458,0.38052714
13459,0.38052714
13460,0.38052714
13461,0.38052714
13462,0.38052714
13463,0.38052714
13464,0.38052714
13465,0.38052714
13466,0.38052714
13467,0.38052714
13468,0.38052714
13469,0.38052714
13470,0.38052714
13471,0.38052714
13472,0.38052714
13473,0.38052714
13474,0.38052714
13475,0.38052714
13476,0.38052714
13477,0.38052714
13478,0.38052714
13479,0.38052714
13480,0.38052714
13481,0.38052714
13482,0.38052714
13483,0.38052714
13484,0.38052714
13485,0.38052714
13486,0.38052714
13487,0.38052714
13488,0.38052714
13489,0.38052714
13490,0.38052714
13491,0.38052714
13492,0.38052714
13493,0.38052714
13494,0.38052714
13495,0.38052714
13496,0.38052714
13497,0.38052714
13498,0.38052714
13499,0.38052714
13500,0.38052714
13501,0.38052714
13502,0.38052714
13503,0.38052714
13504,0.38052714
13505,0.38052714
13506,0.38052714
13507,0.38052714
13508,0.38052714
13509,0.38052714
13510,0.38052714
13511,0.38052714
13512,0.38052714
13513,0.38052714
13514,0.38052714
13515,0.38052714
13516,0.38052714
13517,0.38052714
13518,0.38052714
13519,0.38052714
13520,0.38052714
13521,0.38052714
13522,0.38052714
13523,0.38052714
13524,0.38052714
13525,0.38052714
13526,0.38052714
13527,0.38052714
13528,0.38052714
13529,0.38052714
13530,0.38052714
13531,0.38052714
13532,0.38052714
13533,0.38052714
13534,0.38052714
13535,0.38052714
13536,0.38052714
13537,0.38052714
13538,0.38052714
13539,0.38052714
13540,0.38052714
13541,0.38052714
13542,0.38052714
13543,0.38052714
13544,0.38052714
13545,0.38052714
13546,0.38052714
13547,0.38052714
13548,0.38052714
13549,0.38052714
13550,0.38052714
13551,0.38052714
13552,0.38052714
13553,0.38052714
13554,0.38052714
13555,0.38052714
13556,0.38052714
13557,0.38052714
13558,0.38052714
13559,0.38052714
13560,0.38052714
13561,0.38052714
13562,0.38052714
13563,0.38052714
13564,0.38052714
13565,0.38052714
13566,0.38052714
13567,0.38052714
13568,0.38052714
13569,0.38052714
13570,0.38052714
13571,0.38052714
13572,0.38052714
13573,0.38052714
13574,0.38052714
13575,0.38052714
13576,0.38052714
13577,0.38052714
13578,0.38052714
13579,0.38052714
13580,0.38052714
13581,0.38052714
13582,0.38052714
13583,0.38052714
13584,0.38052714
13585,0.38052714
13586,0.38052714
13587,0.38052714
13588,0.38052714
13589,0.38052714
13590,0.38052714
13591,0.38052714
13592,0.38052714
13593,0.38052714
13594,0.38052714
13595,0.38052714
13596,0.38052714
13597,0.38052714
13598,0.38052714
13599,0.38052714
13600,0.38052714
13601,0.38052714
13602,0.38052714
13603,0.38052714
13604,0.38052714
13605,0.38052714
13606,0.38052714
13607,0.38052714
13608,0.38052714
13609,0.38052714
13610,0.38052714
13611,0.38052714
13612,0.38052714
13613,0.38052714
13614,0.38052714
13615,0.38052714
13616,0.38052714
13617,0.38052714
13618,0.38052714
13619,0.38052714
13620,0.38052714
13621,0.38052714
13622,0.38052714
13623,0.38052714
13624,0.38052714
13625,0.38052714
13626,0.38052714
13627,0.38052714
13628,0.38052714
13629,0.38052714
13630,0.38052714
13631,0.38052714
13632,0.38052714
13633,0.38052714
13634,0.38052714
13635,0.38052714
13636,0.38052714
13637,0.38052714
13638,0.38052714
13639,0.38052714
13640,0.38052714
13641,0.38052714
13642,0.38052714
13643,0.38052714
13644,0.38052714
13645,0.38052714
13646,0.38052714
13647,0.38052714
13648,0.38052714
13649,0.38052714
13650,0.38052714
13651,0.38052714
13652,0.38052714
13653,0.38052714
13654,0.38052714
13655,0.38052714
13656,0.38052714
13657,0.38052714
13658,0.38052714
13659,0.38052714
13660,0.38052714
13661,0.38052714
13662,0.38052714
13663,0.38052714
13664,0.38052714
13665,0.38052714
13666,0.38052714
13667,0.38052714
13668,0.38052714
13669,0.38052714
13670,0.38052714
13671,0.38052714
13672,0.38052714
13673,0.38052714
13674,0.38052714
13675,0.38052714
13676,0.38052714
13677,0.38052714
13678,0.38052714
13679,0.38052714
13680,0.38052714
13681,0.38052714
13682,0.38052714
13683,0.38052714
13684,0.38052714
13685,0.38052714
13686,0.38052714
13687,0.38052714
13688,0.38052714
13689,0.38052714
13690,0.38052714
13691,0.38052714
13692,0.38052714
13693,0.38052714
13694,0.38052714
13695,0.38052714
13696,0.38052714
13697,0.38052714
13698,0.38052714
13699,0.38052714
13700,0.38052714
13701,0.38052714
13702,0.38052714
13703,0.38052714
13704,0.38052714
13705,0.38052714
13706,0.38052714
13707,0.38052714
13708,0.38052714
13709,0.38052714
13710,0.38052714
13711,0.38052714
13712,0.38052714
13713,0.38052714
13714,0.38052714
13715,0.38052714
13716,0.38052714
13717,0.38052714
13718,0.38052714
13719,0.38052714
13720,0.38052714
13721,0.38052714
13722,0.38052714
13723,0.38052714
13724,0.38052714
13725,0.38052714
13726,0.38052714
13727,0.38052714
13728,0.38052714
13729,0.38052714
13730,0.38052714
13731,0.38052714
13732,0.38052714
13733,0.38052714
13734,0.38052714
13735,0.38052714
13736,0.38052714
13737,0.38052714
13738,0.38052714
13739,0.38052714
13740,0.38052714
13741,0.38052714
13742,0.38052714
13743,0.38052714
13744,0.38052714
13745,0.38052714
13746,0.38052714
13747,0.38052714
13748,0.38052714
13749,0.38052714
13750,0.38052714
13751,0.38052714
13752,0.38052714
13753,0.38052714
13754,0.38052714
13755,0.38052714
13756,0.38052714
13757,0.38052714
13758,0.38052714
13759,0.38052714
13760,0.38052714
13761,0.38052714
13762,0.38052714
13763,0.38052714
13764,0.38052714
13765,0.38052714
13766,0.38052714
13767,0.38052714
13768,0.38052714
13769,0.38052714
13770,0.38052714
13771,0.38052714
13772,0.38052714
13773,0.38052714
13774,0.38052714
13775,0.38052714
13776,0.38052714
13777,0.38052714
13778,0.38052714
13779,0.38052714
13780,0.38052714
13781,0.38052714
13782,0.38052714
13783,0.38052714
13784,0.38052714
13785,0.38052714
13786,0.38052714
13787,0.38052714
13788,0.38052714
13789,0.38052714
13790,0.38052714
13791,0.38052714
13792,0.38052714
13793,0.38052714
13794,0.38052714
13795,0.38052714
13796,0.38052714
13797,0.38052714
13798,0.38052714
13799,0.38052714
13800,0.38052714
13801,0.38052714
13802,0.38052714
13803,0.38052714
13804,0.38052714
13805,0.38052714
13806,0.38052714
13807,0.38052714
13808,0.38052714
13809,0.38052714
13810,0.38052714
13811,0.38052714
13812,0.38052714
13813,0.38052714
13814,0.38052714
13815,0.38052714
13816,0.38052714
13817,0.38052714
13818,0.38052714
13819,0.38052714
13820,0.38052714
13821,0.38052714
13822,0.38052714
13823,0.38052714
13824,0.38052714
13825,0.38052714
13826,0.38052714
13827,0.38052714
13828,0.38052714
13829,0.38052714
13830,0.38052714
13831,0.38052714
13832,0.38052714
13833,0.38052714
13834,0.38052714
13835,0.38052714
13836,0.38052714
13837,0.38052714
13838,0.38052714
13839,0.38052714
13840,0.38052714
13841,0.38052714
13842,0.38052714
13843,0.38052714
13844,0.38052714
13845,0.38052714
13846,0.38052714
13847,0.38052714
13848,0.38052714
13849,0.38052714
13850,0.38052714
13851,0.38052714
13852,0.38052714
13853,0.38052714
13854,0.38052714
13855,0.38052714
13856,0.38052714
13857,0.38052714
13858,0.38052714
13859,0.38052714
13860,0.38052714
13861,0.38052714
13862,0.38052714
13863,0.38052714
13864,0.38052714
13865,0.38052714
13866,0.38052714
13867,0.38052714
13868,0.38052714
13869,0.38052714
13870,0.38052714
13871,0.38052714
13872,0.38052714
13873,0.38052714
13874,0.38052714
13875,0.38052714
13876,0.38052714
13877,0.38052714
13878,0.38052714
13879,0.38052714
13880,0.38052714
13881,0.38052714
13882,0.38052714
13883,0.38052714
13884,0.38052714
13885,0.38052714
13886,0.38052714
13887,0.38052714
13888,0.38052714
13889,0.38052714
13890,0.38052714
13891,0.38052714
13892,0.38052714
13893,0.38052714
13894,0.38052714
13895,0.38052714
13896,0.38052714
13897,0.38052714
13898,0.38052714
13899,0.38052714
13900,0.38052714
13901,0.38052714
13902,0.38052714
13903,0.38052714
13904,0.38052714
13905,0.38052714
13906,0.38052714
13907,0.38052714
13908,0.38052714
13909,0.38052714
13910,0.38052714
13911,0.38052714
13912,0.38052714
13913,0.38052714
13914,0.38052714
13915,0.38052714
13916,0.38052714
13917,0.38052714
13918,0.38052714
13919,0.38052714
13920,0.38052714
13921,0.38052714
13922,0.38052714
13923,0.38052714
13924,0.38052714
13925,0.38052714
13926,0.38052714
13927,0.38052714
13928,0.38052714
13929,0.38052714
13930,0.38052714
13931,0.38052714
13932,0.38052714
13933,0.38052714
13934,0.38052714
13935,0.38052714
13936,0.38052714
13937,0.38052714
13938,0.38052714
13939,0.38052714
13940,0.38052714
13941,0.38052714
13942,0.38052714
13943,0.38052714
13944,0.38052714
13945,0.38052714
13946,0.38052714
13947,0.38052714
13948,0.38052714
13949,0.38052714
13950,0.38052714
13951,0.38052714
13952,0.38052714
13953,0.38052714
13954,0.38052714
13955,0.38052714
13956,0.38052714
13957,0.38052714
13958,0.38052714
13959,0.38052714
13960,0.38052714
13961,0.38052714
13962,0.38052714
13963,0.38052714
13964,0.38052714
13965,0.38052714
13966,0.38052714
13967,0.38052714
13968,0.38052714
13969,0.38052714
13970,0.38052714
13971,0.38052714
13972,0.38052714
13973,0.38052714
13974,0.38052714
13975,0.38052714
13976,0.38052714
13977,0.38052714
13978,0.38052714
13979,0.38052714
13980,0.38052714
13981,0.38052714
13982,0.38052714
13983,0.38052714
13984,0.38052714
13985,0.38052714
13986,0.38052714
13987,0.38052714
13988,0.38052714
13989,0.38052714
13990,0.38052714
13991,0.38052714
13992,0.38052714
13993,0.38052714
13994,0.38052714
13995,0.38052714
13996,0.38052714
13997,0.38052714
13998,0.38052714
13999,0.38052714
14000,0.38052714
14001,0.38052714
14002,0.38052714
14003,0.38052714
14004,0.38052714
14005,0.38052714
14006,0.38052714
14007,0.38052714
14008,0.38052714
14009,0.38052714
14010,0.38052714
14011,0.38052714
14012,0.38052714
14013,0.38052714
14014,0.38052714
14015,0.38052714
14016,0.38052714
14017,0.38052714
14018,0.38052714
14019,0.38052714
14020,0.38052714
14021,0.38052714
14022,0.38052714
14023,0.38052714
14024,0.38052714
14025,0.38052714
14026,0.38052714
14027,0.38052714
14028,0.38052714
14029,0.38052714
14030,0.38052714
14031,0.38052714
14032,0.38052714
14033,0.38052714
14034,0.38052714
14035,0.38052714
14036,0.38052714
14037,0.38052714
14038,0.38052714
14039,0.38052714
14040,0.38052714
14041,0.38052714
14042,0.38052714
14043,0.38052714
14044,0.38052714
14045,0.38052714
14046,0.38052714
14047,0.38052714
14048,0.38052714
14049,0.38052714
14050,0.38052714
14051,0.38052714
14052,0.38052714
14053,0.38052714
14054,0.38052714
14055,0.38052714
14056,0.38052714
14057,0.38052714
14058,0.38052714
14059,0.38052714
14060,0.38052714
14061,0.38052714
14062,0.38052714
14063,0.38052714
14064,0.38052714
14065,0.38052714
14066,0.38052714
14067,0.38052714
14068,0.38052714
14069,0.38052714
14070,0.38052714
14071,0.38052714
14072,0.38052714
14073,0.38052714
14074,0.38052714
14075,0.38052714
14076,0.38052714
14077,0.38052714
14078,0.38052714
14079,0.38052714
14080,0.38052714
14081,0.38052714
14082,0.38052714
14083,0.38052714
14084,0.38052714
14085,0.38052714
14086,0.38052714
14087,0.38052714
14088,0.38052714
14089,0.38052714
14090,0.38052714
14091,0.38052714
14092,0.38052714
14093,0.38052714
14094,0.38052714
14095,0.38052714
14096,0.38052714
14097,0.38052714
14098,0.38052714
14099,0.38052714
14100,0.38052714
14101,0.38052714
14102,0.38052714
14103,0.38052714
14104,0.38052714
14105,0.38052714
14106,0.38052714
14107,0.38052714
14108,0.38052714
14109,0.38052714
14110,0.38052714
14111,0.38052714
14112,0.38052714
14113,0.38052714
14114,0.38052714
14115,0.38052714
14116,0.38052714
14117,0.38052714
14118,0.38052714
14119,0.38052714
14120,0.38052714
14121,0.38052714
14122,0.38052714
14123,0.38052714
14124,0.38052714
14125,0.38052714
14126,0.38052714
14127,0.38052714
14128,0.38052714
14129,0.38052714
14130,0.38052714
14131,0.38052714
14132,0.38052714
14133,0.38052714
14134,0.38052714
14135,0.38052714
14136,0.38052714
14137,0.38052714
14138,0.38052714
14139,0.38052714
14140,0.38052714
14141,0.38052714
14142,0.38052714
14143,0.38052714
14144,0.38052714
14145,0.38052714
14146,0.38052714
14147,0.38052714
14148,0.38052714
14149,0.38052714
14150,0.38052714
14151,0.38052714
14152,0.38052714
14153,0.38052714
14154,0.38052714
14155,0.38052714
14156,0.38052714
14157,0.38052714
14158,0.38052714
14159,0.38052714
14160,0.38052714
14161,0.38052714
14162,0.38052714
14163,0.38052714
14164,0.38052714
14165,0.38052714
14166,0.38052714
14167,0.38052714
14168,0.38052714
14169,0.38052714
14170,0.38052714
14171,0.38052714
14172,0.38052714
14173,0.38052714
14174,0.38052714
14175,0.38052714
14176,0.38052714
14177,0.38052714
14178,0.38052714
14179,0.38052714
14180,0.38052714
14181,0.38052714
14182,0.38052714
14183,0.38052714
14184,0.38052714
14185,0.38052714
14186,0.38052714
14187,0.38052714
14188,0.38052714
14189,0.38052714
14190,0.38052714
14191,0.38052714
14192,0.38052714
14193,0.38052714
14194,0.38052714
14195,0.38052714
14196,0.38052714
14197,0.38052714
14198,0.38052714
14199,0.38052714
14200,0.38052714
14201,0.38052714
14202,0.38052714
14203,0.38052714
14204,0.38052714
14205,0.38052714
14206,0.38052714
14207,0.38052714
14208,0.38052714
14209,0.38052714
14210,0.38052714
14211,0.38052714
14212,0.38052714
14213,0.38052714
14214,0.38052714
14215,0.38052714
14216,0.38052714
14217,0.38052714
14218,0.38052714
14219,0.38052714
14220,0.38052714
14221,0.38052714
14222,0.38052714
14223,0.38052714
14224,0.38052714
14225,0.38052714
14226,0.38052714
14227,0.38052714
14228,0.38052714
14229,0.38052714
14230,0.38052714
14231,0.38052714
14232,0.38052714
14233,0.38052714
14234,0.38052714
14235,0.38052714
14236,0.38052714
14237,0.38052714
14238,0.38052714
14239,0.38052714
14240,0.38052714
14241,0.38052714
14242,0.38052714
14243,0.38052714
14244,0.38052714
14245,0.38052714
14246,0.38052714
14247,0.38052714
14248,0.38052714
14249,0.38052714
14250,0.38052714
14251,0.38052714
14252,0.38052714
14253,0.38052714
14254,0.38052714
14255,0.38052714
14256,0.38052714
14257,0.38052714
14258,0.38052714
14259,0.38052714
14260,0.38052714
14261,0.38052714
14262,0.38052714
14263,0.38052714
14264,0.38052714
14265,0.38052714
14266,0.38052714
14267,0.38052714
14268,0.38052714
14269,0.38052714
14270,0.38052714
14271,0.38052714
14272,0.38052714
14273,0.38052714
14274,0.38052714
14275,0.38052714
14276,0.38052714
14277,0.38052714
14278,0.38052714
14279,0.38052714
14280,0.38052714
14281,0.38052714
14282,0.38052714
14283,0.38052714
14284,0.38052714
14285,0.38052714
14286,0.38052714
14287,0.38052714
14288,0.38052714
14289,0.38052714
14290,0.38052714
14291,0.38052714
14292,0.38052714
14293,0.38052714
14294,0.38052714
14295,0.38052714
14296,0.38052714
14297,0.38052714
14298,0.38052714
14299,0.38052714
14300,0.38052714
14301,0.38052714
14302,0.38052714
14303,0.38052714
14304,0.38052714
14305,0.38052714
14306,0.38052714
14307,0.38052714
14308,0.38052714
14309,0.38052714
14310,0.38052714
14311,0.38052714
14312,0.38052714
14313,0.38052714
14314,0.38052714
14315,0.38052714
14316,0.38052714
14317,0.38052714
14318,0.38052714
14319,0.38052714
14320,0.38052714
14321,0.38052714
14322,0.38052714
14323,0.38052714
14324,0.38052714
14325,0.38052714
14326,0.38052714
14327,0.38052714
14328,0.38052714
14329,0.38052714
14330,0.38052714
14331,0.38052714
14332,0.38052714
14333,0.38052714
14334,0.38052714
14335,0.38052714
14336,0.38052714
14337,0.38052714
14338,0.38052714
14339,0.38052714
14340,0.38052714
14341,0.38052714
14342,0.38052714
14343,0.38052714
14344,0.38052714
14345,0.38052714
14346,0.38052714
14347,0.38052714
14348,0.38052714
14349,0.38052714
14350,0.38052714
14351,0.38052714
14352,0.38052714
14353,0.38052714
14354,0.38052714
14355,0.38052714
14356,0.38052714
14357,0.38052714
14358,0.38052714
14359,0.38052714
14360,0.38052714
14361,0.38052714
14362,0.38052714
14363,0.38052714
14364,0.38052714
14365,0.38052714
14366,0.38052714
14367,0.38052714
14368,0.38052714
14369,0.38052714
14370,0.38052714
14371,0.38052714
14372,0.38052714
14373,0.38052714
14374,0.38052714
14375,0.38052714
14376,0.38052714
14377,0.38052714
14378,0.38052714
14379,0.38052714
14380,0.38052714
14381,0.38052714
14382,0.38052714
14383,0.38052714
14384,0.38052714
14385,0.38052714
14386,0.38052714
14387,0.38052714
14388,0.38052714
14389,0.38052714
14390,0.38052714
14391,0.38052714
14392,0.38052714
14393,0.38052714
14394,0.38052714
14395,0.38052714
14396,0.38052714
14397,0.38052714
14398,0.38052714
14399,0.38052714
14400,0.38052714
