Minute,Forecast_SM
1,0.43441975
2,0.43372196
3,0.43401137
4,0.4340127
5,0.43396038
6,0.4338015
7,0.43369654
8,0.43349674
9,0.43392572
10,0.433988
11,0.4336794
12,0.43338346
13,0.4335129
14,0.433561
15,0.43321696
16,0.43330318
17,0.43336612
18,0.43360797
19,0.43374723
20,0.43364072
21,0.43399382
22,0.43355632
23,0.43387192
24,0.43446025
25,0.4343391
26,0.43407667
27,0.43391097
28,0.43390158
29,0.4335577
30,0.4330216
31,0.43278095
32,0.4330232
33,0.43291277
34,0.4330087
35,0.4333333
36,0.43355134
37,0.43370247
38,0.43376392
39,0.43409428
40,0.43440902
41,0.43472713
42,0.43499666
43,0.43476188
44,0.43435416
45,0.43408814
46,0.43406576
47,0.43404755
48,0.43380603
49,0.43326506
50,0.43280533
51,0.43164814
52,0.43228853
53,0.43249875
54,0.43247437
55,0.43289092
56,0.43321544
57,0.4334657
58,0.4336564
59,0.43386146
60,0.43369094
61,0.43456653
62,0.43383646
63,0.43386236
64,0.43384776
65,0.43384874
66,0.43386507
67,0.43373123
68,0.43357548
69,0.43369457
70,0.4335839
71,0.43342438
72,0.43407473
73,0.43367243
74,0.43357086
75,0.4333393
76,0.4332439
77,0.43347237
78,0.43353683
79,0.43386933
80,0.43400446
81,0.43397057
82,0.4339622
83,0.43406057
84,0.43446612
85,0.43456212
86,0.43429142
87,0.43413645
88,0.43391737
89,0.43389264
90,0.43404812
91,0.43342748
92,0.43365082
93,0.43355
94,0.43322495
95,0.43315488
96,0.4331354
97,0.43332118
98,0.43352833
99,0.43346578
100,0.43357423
101,0.4343506
102,0.4335501
103,0.4330873
104,0.43303493
105,0.43317094
106,0.4333119
107,0.43330917
108,0.4331339
109,0.4332486
110,0.43328172
111,0.43384427
112,0.43387657
113,0.43377763
114,0.4336152
115,0.43357533
116,0.43362415
117,0.43382013
118,0.4339656
119,0.4336665
120,0.4336901
121,0.43369535
122,0.43392143
123,0.43392247
124,0.43367526
125,0.43357688
126,0.43338305
127,0.43330848
128,0.43310475
129,0.43334427
130,0.4337607
131,0.43433166
132,0.43377113
133,0.43380094
134,0.43336114
135,0.43325946
136,0.43330252
137,0.4332903
138,0.433553
139,0.4335819
140,0.43354654
141,0.4334088
142,0.43345723
143,0.4336206
144,0.43432966
145,0.4340568
146,0.43391013
147,0.43395483
148,0.433748
149,0.43365964
150,0.4336676
151,0.43409556
152,0.43388906
153,0.43357602
154,0.43330085
155,0.43316188
156,0.43305203
157,0.43283755
158,0.43286386
159,0.43282118
160,0.43292347
161,0.43307945
162,0.43303376
163,0.43318427
164,0.4333249
165,0.43355203
166,0.43368086
167,0.4334132
168,0.43329358
169,0.4329589
170,0.43301028
171,0.43269423
172,0.4328152
173,0.4326781
174,0.43260884
175,0.43287972
176,0.43320444
177,0.43359753
178,0.4338009
179,0.4334936
180,0.43319768
181,0.43392178
182,0.43320096
183,0.43319046
184,0.43330678
185,0.43334594
186,0.43346253
187,0.43351045
188,0.43354785
189,0.43437153
190,0.434708
191,0.43435526
192,0.43503207
193,0.43495154
194,0.4345168
195,0.4342932
196,0.43411532
197,0.43375996
198,0.43391734
199,0.4339712
200,0.43371925
201,0.4332575
202,0.43333483
203,0.43353993
204,0.4338987
205,0.4338633
206,0.43388927
207,0.43412122
208,0.43413
209,0.4341249
210,0.4341202
211,0.43425512
212,0.4343232
213,0.4344945
214,0.4344052
215,0.4344852
216,0.43418705
217,0.43403307
218,0.43391162
219,0.43386018
220,0.43368253
221,0.43414667
222,0.43379918
223,0.4335561
224,0.4334878
225,0.43357736
226,0.4336088
227,0.43357077
228,0.43348762
229,0.43363026
230,0.4337446
231,0.4332955
232,0.43360803
233,0.4337724
234,0.433597
235,0.4337114
236,0.43374643
237,0.43401793
238,0.43421096
239,0.43391952
240,0.433675
241,0.43355227
242,0.43377173
243,0.43363765
244,0.43359756
245,0.43367228
246,0.43370083
247,0.43384185
248,0.43373576
249,0.4339023
250,0.43419033
251,0.43452248
252,0.4341712
253,0.43413165
254,0.43400288
255,0.4338179
256,0.43347034
257,0.43329996
258,0.43341312
259,0.4333852
260,0.43340367
261,0.432946
262,0.43329203
263,0.43335772
264,0.43341517
265,0.43344718
266,0.4334367
267,0.43338934
268,0.43340212
269,0.43350878
270,0.43374103
271,0.43393686
272,0.4335578
273,0.433631
274,0.4338862
275,0.43382138
276,0.43388054
277,0.43389714
278,0.4340838
279,0.43377748
280,0.43370143
281,0.4337486
282,0.4340246
283,0.43381184
284,0.43367413
285,0.43373525
286,0.43390018
287,0.433984
288,0.4338757
289,0.4337973
290,0.43385494
291,0.4340903
292,0.4339843
293,0.4339749
294,0.43383592
295,0.4338263
296,0.43383005
297,0.4337546
298,0.43360683
299,0.43368608
300,0.43376678
301,0.43364593
302,0.43380457
303,0.43386683
304,0.4338165
305,0.43388003
306,0.43385014
307,0.43387288
308,0.43383694
309,0.43390664
310,0.43391255
311,0.43373045
312,0.43379235
313,0.43398455
314,0.43411353
315,0.434138
316,0.434136
317,0.43434665
318,0.43444985
319,0.4344706
320,0.43446925
321,0.43450838
322,0.43440598
323,0.43444458
324,0.4344866
325,0.4344513
326,0.4344266
327,0.43436852
328,0.43444613
329,0.43443954
330,0.43439862
331,0.43444034
332,0.43453076
333,0.43445727
334,0.4343584
335,0.43435025
336,0.43433076
337,0.4342629
338,0.4342434
339,0.43422818
340,0.4342225
341,0.43423888
342,0.43426213
343,0.4342795
344,0.43429857
345,0.43429092
346,0.43429372
347,0.43430004
348,0.4342776
349,0.43427864
350,0.43426698
351,0.43425676
352,0.43423033
353,0.43422353
354,0.43420753
355,0.4342218
356,0.4342329
357,0.43424255
358,0.4342419
359,0.43422952
360,0.4342403
361,0.43424147
362,0.4342681
363,0.4342506
364,0.4342425
365,0.43423647
366,0.43423045
367,0.4342334
368,0.43423006
369,0.43423817
370,0.43423477
371,0.43424246
372,0.43424383
373,0.43425635
374,0.43424916
375,0.43424132
376,0.43423578
377,0.43424082
378,0.43422967
379,0.4342171
380,0.4342262
381,0.43424106
382,0.43425187
383,0.43425223
384,0.43426502
385,0.434266
386,0.4342604
387,0.43426627
388,0.43424934
389,0.43426666
390,0.43426478
391,0.43422076
392,0.43421483
393,0.4342391
394,0.43425784
395,0.4342611
396,0.4342682
397,0.4342591
398,0.43426368
399,0.4342393
400,0.43425143
401,0.43424836
402,0.43424004
403,0.4342272
404,0.434237
405,0.43424603
406,0.43425223
407,0.4342709
408,0.43426847
409,0.43427548
410,0.43429762
411,0.43429378
412,0.43427977
413,0.4342682
414,0.4342635
415,0.4342599
416,0.4342577
417,0.43425298
418,0.43424925
419,0.43423545
420,0.4342452
421,0.43425378
422,0.43425605
423,0.43424943
424,0.43424273
425,0.43423983
426,0.43425173
427,0.43425134
428,0.43423003
429,0.43423054
430,0.4342411
431,0.4342255
432,0.4342459
433,0.4342526
434,0.4342463
435,0.43425804
436,0.43424588
437,0.43424046
438,0.43423855
439,0.43424046
440,0.4342482
441,0.4342615
442,0.4342378
443,0.4342469
444,0.4342656
445,0.43425065
446,0.43425253
447,0.4342575
448,0.4342578
449,0.4342435
450,0.4342436
451,0.43423805
452,0.4342295
453,0.43423188
454,0.43424192
455,0.43425125
456,0.4342461
457,0.43424422
458,0.43424088
459,0.43424496
460,0.43423316
461,0.43423304
462,0.43423703
463,0.43423223
464,0.43422428
465,0.43424073
466,0.43424138
467,0.4342295
468,0.43423352
469,0.43424767
470,0.4342524
471,0.4342521
472,0.4342447
473,0.43424988
474,0.4342475
475,0.43424416
476,0.43424973
477,0.4342525
478,0.43425608
479,0.43424177
480,0.43424878
481,0.43425754
482,0.4342602
483,0.43424785
484,0.43425488
485,0.434249
486,0.4342541
487,0.43425497
488,0.43424594
489,0.43424994
490,0.43423492
491,0.4342409
492,0.43423495
493,0.4342463
494,0.43424994
495,0.4342488
496,0.4342562
497,0.4342505
498,0.4342601
499,0.43427286
500,0.43426457
501,0.43425843
502,0.43427822
503,0.43426475
504,0.4342646
505,0.4342598
506,0.43425104
507,0.4342497
508,0.4342556
509,0.4342607
510,0.43426308
511,0.43426126
512,0.43426082
513,0.4342752
514,0.43429253
515,0.43427905
516,0.43428028
517,0.4342871
518,0.43428645
519,0.4342763
520,0.43427885
521,0.43428522
522,0.43427965
523,0.43427444
524,0.43428096
525,0.4342902
526,0.434283
527,0.43427894
528,0.43428025
529,0.43428448
530,0.43427593
531,0.43427277
532,0.43428153
533,0.43428028
534,0.4342783
535,0.4342792
536,0.4342875
537,0.43428904
538,0.43428636
539,0.4342868
540,0.43428385
541,0.4342839
542,0.4342842
543,0.4342808
544,0.43427578
545,0.43427408
546,0.4342763
547,0.4342858
548,0.43428087
549,0.43427604
550,0.43427733
551,0.4342814
552,0.43427494
553,0.4342733
554,0.43427753
555,0.43427408
556,0.4342696
557,0.43426746
558,0.4342669
559,0.43427238
560,0.4342696
561,0.43426916
562,0.434269
563,0.434272
564,0.43426794
565,0.43427065
566,0.43427363
567,0.43427035
568,0.4342673
569,0.43427196
570,0.43427584
571,0.43427345
572,0.43426946
573,0.43427038
574,0.43427786
575,0.4342801
576,0.43427297
577,0.43427154
578,0.434274
579,0.43427676
580,0.43427238
581,0.43427077
582,0.43427137
583,0.43427444
584,0.43427354
585,0.43427008
586,0.43427795
587,0.43428114
588,0.43427756
589,0.43427017
590,0.4342721
591,0.43427616
592,0.4342775
593,0.43427005
594,0.43426728
595,0.43427148
596,0.4342736
597,0.43427283
598,0.43427232
599,0.43427578
600,0.43427387
601,0.43427446
602,0.43428025
603,0.43427998
604,0.43427694
605,0.43427843
606,0.4342826
607,0.43428165
608,0.4342798
609,0.43428242
610,0.4342851
611,0.43428332
612,0.43428275
613,0.4342842
614,0.4342875
615,0.4342862
616,0.43428424
617,0.4342853
618,0.43428713
619,0.43428615
620,0.434285
621,0.43428484
622,0.43428332
623,0.4342853
624,0.43428722
625,0.4342866
626,0.43428564
627,0.4342881
628,0.43429178
629,0.43429106
630,0.4342873
631,0.4342891
632,0.43429065
633,0.4342896
634,0.434288
635,0.43428925
636,0.43429008
637,0.43428966
638,0.4342933
639,0.43429294
640,0.43429235
641,0.43429455
642,0.434296
643,0.43429482
644,0.43429327
645,0.4342932
646,0.43429506
647,0.43429524
648,0.43429357
649,0.4342949
650,0.4342968
651,0.43429667
652,0.43429774
653,0.43429872
654,0.43429875
655,0.43429744
656,0.43429855
657,0.43429843
658,0.43429685
659,0.4342967
660,0.4342966
661,0.43429697
662,0.4342956
663,0.434295
664,0.43429583
665,0.43429685
666,0.43429706
667,0.43429637
668,0.4342964
669,0.434296
670,0.43429545
671,0.43429506
672,0.43429562
673,0.434295
674,0.4342945
675,0.4342941
676,0.43429473
677,0.43429545
678,0.4342951
679,0.43429503
680,0.43429476
681,0.4342951
682,0.43429464
683,0.43429503
684,0.43429455
685,0.43429396
686,0.43429437
687,0.43429407
688,0.4342933
689,0.43429452
690,0.43429485
691,0.43429425
692,0.43429404
693,0.43429503
694,0.434295
695,0.43429515
696,0.43429482
697,0.43429488
698,0.43429515
699,0.43429562
700,0.4342949
701,0.4342945
702,0.43429485
703,0.43429437
704,0.43429476
705,0.43429545
706,0.43429548
707,0.43429527
708,0.43429482
709,0.43429515
710,0.43429598
711,0.4342958
712,0.43429467
713,0.43429512
714,0.4342953
715,0.43429515
716,0.4342951
717,0.43429568
718,0.43429545
719,0.43429565
720,0.43429607
721,0.43429592
722,0.4342962
723,0.43429548
724,0.43429488
725,0.43429527
726,0.43429545
727,0.43429503
728,0.43429512
729,0.43429554
730,0.43429592
731,0.4342959
732,0.43429643
733,0.4342962
734,0.43429565
735,0.43429607
736,0.43429622
737,0.4342955
738,0.4342954
739,0.4342952
740,0.43429565
741,0.4342955
742,0.43429527
743,0.4342959
744,0.43429625
745,0.43429622
746,0.43429568
747,0.4342961
748,0.43429604
749,0.43429533
750,0.43429577
751,0.4342955
752,0.43429476
753,0.434295
754,0.43429524
755,0.4342949
756,0.43429515
757,0.43429485
758,0.43429545
759,0.43429542
760,0.4342953
761,0.4342951
762,0.43429527
763,0.4342951
764,0.43429482
765,0.43429583
766,0.4342955
767,0.43429515
768,0.43429554
769,0.43429583
770,0.43429562
771,0.43429548
772,0.4342953
773,0.4342953
774,0.43429512
775,0.4342951
776,0.434295
777,0.4342951
778,0.4342953
779,0.4342953
780,0.43429568
781,0.43429583
782,0.43429545
783,0.43429598
784,0.43429568
785,0.43429524
786,0.43429554
787,0.4342957
788,0.43429545
789,0.43429503
790,0.43429548
791,0.43429577
792,0.43429545
793,0.4342955
794,0.43429568
795,0.43429568
796,0.4342954
797,0.43429562
798,0.4342962
799,0.4342962
800,0.4342953
801,0.43429583
802,0.43429637
803,0.4342964
804,0.434296
805,0.43429628
806,0.4342964
807,0.43429616
808,0.43429637
809,0.4342964
810,0.4342966
811,0.43429625
812,0.43429616
813,0.43429655
814,0.4342967
815,0.43429625
816,0.4342961
817,0.4342967
818,0.4342967
819,0.43429658
820,0.43429685
821,0.43429688
822,0.43429664
823,0.43429682
824,0.43429697
825,0.43429688
826,0.4342968
827,0.43429658
828,0.43429688
829,0.434297
830,0.43429697
831,0.434297
832,0.43429717
833,0.4342972
834,0.43429726
835,0.43429747
836,0.43429744
837,0.43429735
838,0.43429756
839,0.4342974
840,0.43429723
841,0.43429726
842,0.43429747
843,0.43429738
844,0.43429723
845,0.4342972
846,0.4342976
847,0.4342976
848,0.43429747
849,0.43429753
850,0.43429777
851,0.4342977
852,0.43429756
853,0.4342977
854,0.43429765
855,0.4342974
856,0.43429753
857,0.43429765
858,0.43429765
859,0.43429753
860,0.43429762
861,0.4342977
862,0.43429765
863,0.43429753
864,0.43429756
865,0.43429765
866,0.43429753
867,0.43429732
868,0.4342974
869,0.4342976
870,0.4342976
871,0.43429762
872,0.4342976
873,0.43429753
874,0.43429762
875,0.4342978
876,0.43429756
877,0.43429732
878,0.43429738
879,0.43429753
880,0.43429747
881,0.43429732
882,0.43429723
883,0.43429753
884,0.43429753
885,0.43429735
886,0.43429735
887,0.43429753
888,0.43429747
889,0.43429732
890,0.43429732
891,0.43429744
892,0.43429744
893,0.43429732
894,0.43429732
895,0.43429744
896,0.43429744
897,0.4342974
898,0.43429756
899,0.43429747
900,0.4342974
901,0.43429753
902,0.4342977
903,0.43429756
904,0.4342974
905,0.43429753
906,0.43429756
907,0.43429762
908,0.43429756
909,0.43429753
910,0.4342976
911,0.4342977
912,0.4342977
913,0.43429762
914,0.43429765
915,0.4342977
916,0.43429774
917,0.4342977
918,0.43429765
919,0.4342977
920,0.43429777
921,0.43429774
922,0.4342977
923,0.4342978
924,0.43429786
925,0.43429783
926,0.43429777
927,0.43429783
928,0.43429795
929,0.43429783
930,0.4342978
931,0.43429792
932,0.43429792
933,0.43429792
934,0.43429792
935,0.434298
936,0.43429795
937,0.434298
938,0.43429813
939,0.4342981
940,0.434298
941,0.4342981
942,0.4342982
943,0.43429816
944,0.43429804
945,0.4342981
946,0.43429816
947,0.43429816
948,0.43429813
949,0.43429816
950,0.43429822
951,0.4342982
952,0.43429822
953,0.43429828
954,0.4342982
955,0.4342982
956,0.43429828
957,0.43429822
958,0.43429816
959,0.4342982
960,0.43429828
961,0.4342983
962,0.4342983
963,0.4342983
964,0.43429834
965,0.43429837
966,0.43429834
967,0.4342983
968,0.43429834
969,0.4342983
970,0.4342983
971,0.43429834
972,0.43429834
973,0.4342983
974,0.43429837
975,0.43429837
976,0.4342984
977,0.43429837
978,0.4342984
979,0.4342984
980,0.43429837
981,0.43429837
982,0.4342984
983,0.43429837
984,0.43429837
985,0.43429837
986,0.4342984
987,0.4342984
988,0.43429837
989,0.4342984
990,0.4342984
991,0.43429837
992,0.43429837
993,0.4342984
994,0.4342984
995,0.43429837
996,0.43429837
997,0.43429837
998,0.4342984
999,0.4342984
1000,0.43429837
1001,0.4342984
1002,0.4342984
1003,0.43429837
1004,0.43429837
1005,0.4342984
1006,0.43429837
1007,0.43429837
1008,0.43429834
1009,0.43429837
1010,0.4342984
1011,0.43429837
1012,0.43429837
1013,0.43429837
1014,0.43429843
1015,0.4342984
1016,0.4342984
1017,0.4342984
1018,0.43429837
1019,0.4342984
1020,0.4342984
1021,0.4342984
1022,0.4342984
1023,0.4342984
1024,0.43429837
1025,0.4342984
1026,0.4342984
1027,0.4342984
1028,0.4342984
1029,0.43429843
1030,0.43429843
1031,0.43429843
1032,0.43429843
1033,0.4342984
1034,0.43429843
1035,0.43429843
1036,0.43429843
1037,0.4342984
1038,0.4342984
1039,0.43429843
1040,0.43429843
1041,0.43429843
1042,0.43429843
1043,0.43429843
1044,0.43429843
1045,0.43429843
1046,0.43429843
1047,0.43429843
1048,0.43429843
1049,0.43429843
1050,0.4342985
1051,0.43429843
1052,0.43429843
1053,0.4342985
1054,0.4342985
1055,0.43429843
1056,0.43429843
1057,0.4342985
1058,0.43429843
1059,0.43429843
1060,0.43429843
1061,0.43429843
1062,0.43429843
1063,0.43429843
1064,0.43429843
1065,0.4342985
1066,0.43429843
1067,0.43429843
1068,0.4342985
1069,0.4342985
1070,0.43429843
1071,0.43429843
1072,0.4342985
1073,0.43429843
1074,0.43429843
1075,0.43429843
1076,0.43429843
1077,0.43429843
1078,0.43429843
1079,0.43429843
1080,0.4342985
1081,0.43429843
1082,0.43429843
1083,0.4342985
1084,0.4342985
1085,0.43429843
1086,0.43429843
1087,0.4342985
1088,0.43429843
1089,0.43429843
1090,0.43429843
1091,0.43429843
1092,0.43429843
1093,0.43429843
1094,0.4342985
1095,0.43429843
1096,0.43429843
1097,0.43429843
1098,0.4342985
1099,0.43429843
1100,0.43429843
1101,0.4342985
1102,0.4342985
1103,0.4342985
1104,0.4342985
1105,0.4342985
1106,0.4342985
1107,0.4342985
1108,0.4342985
1109,0.4342985
1110,0.4342985
1111,0.4342985
1112,0.4342985
1113,0.4342985
1114,0.4342985
1115,0.4342985
1116,0.4342985
1117,0.43429852
1118,0.4342985
1119,0.43429852
1120,0.43429852
1121,0.4342985
1122,0.4342985
1123,0.43429852
1124,0.43429852
1125,0.43429852
1126,0.43429852
1127,0.43429852
1128,0.43429852
1129,0.43429852
1130,0.43429852
1131,0.43429852
1132,0.43429852
1133,0.43429852
1134,0.43429855
1135,0.43429855
1136,0.43429852
1137,0.43429852
1138,0.43429855
1139,0.43429855
1140,0.43429852
1141,0.43429855
1142,0.43429855
1143,0.43429855
1144,0.43429855
1145,0.43429855
1146,0.43429855
1147,0.43429855
1148,0.43429855
1149,0.43429855
1150,0.43429855
1151,0.43429855
1152,0.43429855
1153,0.43429855
1154,0.43429855
1155,0.43429855
1156,0.43429855
1157,0.43429857
1158,0.43429855
1159,0.43429855
1160,0.43429855
1161,0.43429857
1162,0.43429855
1163,0.43429855
1164,0.43429855
1165,0.43429857
1166,0.43429855
1167,0.43429857
1168,0.43429857
1169,0.43429857
1170,0.43429857
1171,0.43429857
1172,0.43429857
1173,0.43429855
1174,0.43429857
1175,0.43429857
1176,0.43429857
1177,0.43429857
1178,0.43429857
1179,0.43429857
1180,0.43429857
1181,0.43429857
1182,0.43429857
1183,0.43429857
1184,0.43429857
1185,0.43429857
1186,0.43429857
1187,0.43429857
1188,0.43429857
1189,0.43429857
1190,0.43429857
1191,0.43429857
1192,0.43429857
1193,0.43429857
1194,0.43429857
1195,0.43429857
1196,0.43429857
1197,0.43429857
1198,0.43429857
1199,0.43429857
1200,0.43429857
1201,0.43429857
1202,0.43429857
1203,0.43429857
1204,0.43429857
1205,0.43429857
1206,0.43429857
1207,0.43429857
1208,0.43429857
1209,0.43429857
1210,0.43429857
1211,0.43429857
1212,0.43429857
1213,0.43429857
1214,0.43429857
1215,0.43429857
1216,0.43429857
1217,0.43429857
1218,0.43429857
1219,0.43429857
1220,0.43429857
1221,0.43429857
1222,0.43429857
1223,0.43429857
1224,0.43429857
1225,0.43429857
1226,0.43429857
1227,0.43429857
1228,0.43429857
1229,0.43429857
1230,0.43429857
1231,0.43429857
1232,0.43429857
1233,0.43429857
1234,0.43429857
1235,0.43429857
1236,0.43429857
1237,0.43429857
1238,0.43429857
1239,0.43429857
1240,0.43429857
1241,0.43429857
1242,0.43429857
1243,0.43429857
1244,0.43429857
1245,0.43429857
1246,0.43429857
1247,0.43429857
1248,0.43429857
1249,0.43429857
1250,0.43429857
1251,0.43429857
1252,0.4342986
1253,0.4342986
1254,0.43429857
1255,0.43429857
1256,0.4342986
1257,0.43429857
1258,0.43429857
1259,0.4342986
1260,0.4342986
1261,0.4342986
1262,0.4342986
1263,0.4342986
1264,0.4342986
1265,0.4342986
1266,0.4342986
1267,0.4342986
1268,0.4342986
1269,0.4342986
1270,0.4342986
1271,0.4342986
1272,0.4342986
1273,0.4342986
1274,0.4342986
1275,0.4342986
1276,0.4342986
1277,0.4342986
1278,0.4342986
1279,0.4342986
1280,0.4342986
1281,0.4342986
1282,0.4342986
1283,0.4342986
1284,0.4342986
1285,0.4342986
1286,0.4342986
1287,0.4342986
1288,0.4342986
1289,0.4342986
1290,0.4342986
1291,0.4342986
1292,0.4342986
1293,0.4342986
1294,0.4342986
1295,0.4342986
1296,0.4342986
1297,0.4342986
1298,0.4342986
1299,0.4342986
1300,0.4342986
1301,0.4342986
1302,0.4342986
1303,0.4342986
1304,0.4342986
1305,0.4342986
1306,0.4342986
1307,0.4342986
1308,0.4342986
1309,0.4342986
1310,0.4342986
1311,0.4342986
1312,0.4342986
1313,0.4342986
1314,0.4342986
1315,0.4342986
1316,0.4342986
1317,0.4342986
1318,0.4342986
1319,0.4342986
1320,0.4342986
1321,0.4342986
1322,0.4342986
1323,0.4342986
1324,0.4342986
1325,0.4342986
1326,0.4342986
1327,0.4342986
1328,0.4342986
1329,0.4342986
1330,0.4342986
1331,0.4342986
1332,0.4342986
1333,0.4342986
1334,0.4342986
1335,0.4342986
1336,0.4342986
1337,0.4342986
1338,0.4342986
1339,0.4342986
1340,0.4342986
1341,0.4342986
1342,0.4342986
1343,0.4342986
1344,0.4342986
1345,0.4342986
1346,0.4342986
1347,0.4342986
1348,0.4342986
1349,0.4342986
1350,0.4342986
1351,0.4342986
1352,0.4342986
1353,0.4342986
1354,0.4342986
1355,0.4342986
1356,0.4342986
1357,0.4342986
1358,0.4342986
1359,0.4342986
1360,0.4342986
1361,0.4342986
1362,0.4342986
1363,0.4342986
1364,0.4342986
1365,0.4342986
1366,0.4342986
1367,0.4342986
1368,0.4342986
1369,0.4342986
1370,0.4342986
1371,0.4342986
1372,0.4342986
1373,0.4342986
1374,0.4342986
1375,0.4342986
1376,0.4342986
1377,0.4342986
1378,0.4342986
1379,0.4342986
1380,0.4342986
1381,0.4342986
1382,0.4342986
1383,0.4342986
1384,0.4342986
1385,0.4342986
1386,0.4342986
1387,0.4342986
1388,0.4342986
1389,0.4342986
1390,0.4342986
1391,0.4342986
1392,0.4342986
1393,0.4342986
1394,0.4342986
1395,0.4342986
1396,0.4342986
1397,0.4342986
1398,0.4342986
1399,0.4342986
1400,0.4342986
1401,0.4342986
1402,0.4342986
1403,0.4342986
1404,0.4342986
1405,0.4342986
1406,0.4342986
1407,0.4342986
1408,0.4342986
1409,0.4342986
1410,0.4342986
1411,0.4342986
1412,0.4342986
1413,0.4342986
1414,0.4342986
1415,0.4342986
1416,0.4342986
1417,0.4342986
1418,0.4342986
1419,0.4342986
1420,0.4342986
1421,0.4342986
1422,0.4342986
1423,0.4342986
1424,0.4342986
1425,0.4342986
1426,0.4342986
1427,0.4342986
1428,0.4342986
1429,0.4342986
1430,0.4342986
1431,0.4342986
1432,0.4342986
1433,0.4342986
1434,0.4342986
1435,0.4342986
1436,0.4342986
1437,0.4342986
1438,0.4342986
1439,0.4342986
1440,0.4342986
1441,0.4342986
1442,0.4342986
1443,0.4342986
1444,0.4342986
1445,0.4342986
1446,0.4342986
1447,0.4342986
1448,0.4342986
1449,0.4342986
1450,0.4342986
1451,0.4342986
1452,0.4342986
1453,0.4342986
1454,0.4342986
1455,0.4342986
1456,0.4342986
1457,0.4342986
1458,0.4342986
1459,0.4342986
1460,0.4342986
1461,0.4342986
1462,0.4342986
1463,0.4342986
1464,0.4342986
1465,0.4342986
1466,0.4342986
1467,0.4342986
1468,0.4342986
1469,0.4342986
1470,0.4342986
1471,0.4342986
1472,0.4342986
1473,0.4342986
1474,0.4342986
1475,0.4342986
1476,0.4342986
1477,0.4342986
1478,0.4342986
1479,0.4342986
1480,0.4342986
1481,0.4342986
1482,0.4342986
1483,0.4342986
1484,0.4342986
1485,0.4342986
1486,0.4342986
1487,0.4342986
1488,0.4342986
1489,0.4342986
1490,0.4342986
1491,0.4342986
1492,0.4342986
1493,0.4342986
1494,0.4342986
1495,0.4342986
1496,0.4342986
1497,0.4342986
1498,0.4342986
1499,0.4342986
1500,0.4342986
1501,0.4342986
1502,0.4342986
1503,0.4342986
1504,0.4342986
1505,0.4342986
1506,0.4342986
1507,0.4342986
1508,0.4342986
1509,0.4342986
1510,0.4342986
1511,0.4342986
1512,0.4342986
1513,0.4342986
1514,0.4342986
1515,0.4342986
1516,0.4342986
1517,0.4342986
1518,0.4342986
1519,0.4342986
1520,0.4342986
1521,0.4342986
1522,0.4342986
1523,0.4342986
1524,0.4342986
1525,0.4342986
1526,0.4342986
1527,0.4342986
1528,0.4342986
1529,0.4342986
1530,0.4342986
1531,0.4342986
1532,0.4342986
1533,0.4342986
1534,0.4342986
1535,0.4342986
1536,0.4342986
1537,0.4342986
1538,0.4342986
1539,0.4342986
1540,0.4342986
1541,0.4342986
1542,0.4342986
1543,0.4342986
1544,0.4342986
1545,0.4342986
1546,0.4342986
1547,0.4342986
1548,0.4342986
1549,0.4342986
1550,0.4342986
1551,0.4342986
1552,0.4342986
1553,0.4342986
1554,0.4342986
1555,0.4342986
1556,0.4342986
1557,0.4342986
1558,0.4342986
1559,0.4342986
1560,0.4342986
1561,0.4342986
1562,0.4342986
1563,0.4342986
1564,0.4342986
1565,0.4342986
1566,0.4342986
1567,0.4342986
1568,0.4342986
1569,0.4342986
1570,0.4342986
1571,0.4342986
1572,0.4342986
1573,0.4342986
1574,0.4342986
1575,0.4342986
1576,0.4342986
1577,0.4342986
1578,0.4342986
1579,0.4342986
1580,0.4342986
1581,0.4342986
1582,0.4342986
1583,0.4342986
1584,0.4342986
1585,0.4342986
1586,0.4342986
1587,0.4342986
1588,0.4342986
1589,0.4342986
1590,0.4342986
1591,0.4342986
1592,0.4342986
1593,0.4342986
1594,0.4342986
1595,0.4342986
1596,0.4342986
1597,0.4342986
1598,0.4342986
1599,0.4342986
1600,0.4342986
1601,0.4342986
1602,0.4342986
1603,0.4342986
1604,0.4342986
1605,0.4342986
1606,0.4342986
1607,0.4342986
1608,0.4342986
1609,0.4342986
1610,0.4342986
1611,0.4342986
1612,0.4342986
1613,0.4342986
1614,0.4342986
1615,0.4342986
1616,0.4342986
1617,0.4342986
1618,0.4342986
1619,0.4342986
1620,0.4342986
1621,0.4342986
1622,0.4342986
1623,0.4342986
1624,0.4342986
1625,0.4342986
1626,0.4342986
1627,0.4342986
1628,0.4342986
1629,0.4342986
1630,0.4342986
1631,0.4342986
1632,0.4342986
1633,0.4342986
1634,0.4342986
1635,0.4342986
1636,0.4342986
1637,0.4342986
1638,0.4342986
1639,0.4342986
1640,0.4342986
1641,0.4342986
1642,0.4342986
1643,0.4342986
1644,0.4342986
1645,0.4342986
1646,0.4342986
1647,0.4342986
1648,0.4342986
1649,0.4342986
1650,0.4342986
1651,0.4342986
1652,0.4342986
1653,0.4342986
1654,0.4342986
1655,0.4342986
1656,0.4342986
1657,0.4342986
1658,0.4342986
1659,0.4342986
1660,0.4342986
1661,0.4342986
1662,0.4342986
1663,0.4342986
1664,0.4342986
1665,0.4342986
1666,0.4342986
1667,0.4342986
1668,0.4342986
1669,0.4342986
1670,0.4342986
1671,0.4342986
1672,0.4342986
1673,0.4342986
1674,0.4342986
1675,0.4342986
1676,0.4342986
1677,0.4342986
1678,0.4342986
1679,0.4342986
1680,0.4342986
1681,0.4342986
1682,0.4342986
1683,0.4342986
1684,0.4342986
1685,0.4342986
1686,0.4342986
1687,0.4342986
1688,0.4342986
1689,0.4342986
1690,0.4342986
1691,0.4342986
1692,0.4342986
1693,0.4342986
1694,0.4342986
1695,0.4342986
1696,0.4342986
1697,0.4342986
1698,0.4342986
1699,0.4342986
1700,0.4342986
1701,0.4342986
1702,0.4342986
1703,0.4342986
1704,0.4342986
1705,0.4342986
1706,0.4342986
1707,0.4342986
1708,0.4342986
1709,0.4342986
1710,0.4342986
1711,0.4342986
1712,0.4342986
1713,0.4342986
1714,0.4342986
1715,0.4342986
1716,0.4342986
1717,0.4342986
1718,0.4342986
1719,0.4342986
1720,0.4342986
1721,0.4342986
1722,0.4342986
1723,0.4342986
1724,0.4342986
1725,0.4342986
1726,0.4342986
1727,0.4342986
1728,0.4342986
1729,0.4342986
1730,0.4342986
1731,0.4342986
1732,0.4342986
1733,0.4342986
1734,0.4342986
1735,0.4342986
1736,0.4342986
1737,0.4342986
1738,0.4342986
1739,0.4342986
1740,0.4342986
1741,0.4342986
1742,0.4342986
1743,0.4342986
1744,0.4342986
1745,0.4342986
1746,0.4342986
1747,0.4342986
1748,0.4342986
1749,0.4342986
1750,0.4342986
1751,0.4342986
1752,0.4342986
1753,0.4342986
1754,0.4342986
1755,0.4342986
1756,0.4342986
1757,0.4342986
1758,0.4342986
1759,0.4342986
1760,0.4342986
1761,0.4342986
1762,0.4342986
1763,0.4342986
1764,0.4342986
1765,0.4342986
1766,0.4342986
1767,0.4342986
1768,0.4342986
1769,0.4342986
1770,0.4342986
1771,0.4342986
1772,0.4342986
1773,0.4342986
1774,0.4342986
1775,0.4342986
1776,0.4342986
1777,0.4342986
1778,0.4342986
1779,0.4342986
1780,0.4342986
1781,0.4342986
1782,0.4342986
1783,0.4342986
1784,0.4342986
1785,0.4342986
1786,0.4342986
1787,0.4342986
1788,0.4342986
1789,0.4342986
1790,0.4342986
1791,0.4342986
1792,0.4342986
1793,0.4342986
1794,0.4342986
1795,0.4342986
1796,0.4342986
1797,0.4342986
1798,0.4342986
1799,0.4342986
1800,0.4342986
1801,0.4342986
1802,0.4342986
1803,0.4342986
1804,0.4342986
1805,0.4342986
1806,0.4342986
1807,0.4342986
1808,0.4342986
1809,0.4342986
1810,0.4342986
1811,0.4342986
1812,0.4342986
1813,0.4342986
1814,0.4342986
1815,0.4342986
1816,0.4342986
1817,0.4342986
1818,0.4342986
1819,0.4342986
1820,0.4342986
1821,0.4342986
1822,0.4342986
1823,0.4342986
1824,0.4342986
1825,0.4342986
1826,0.4342986
1827,0.4342986
1828,0.4342986
1829,0.4342986
1830,0.4342986
1831,0.4342986
1832,0.4342986
1833,0.4342986
1834,0.4342986
1835,0.4342986
1836,0.4342986
1837,0.4342986
1838,0.4342986
1839,0.4342986
1840,0.4342986
1841,0.4342986
1842,0.4342986
1843,0.4342986
1844,0.4342986
1845,0.4342986
1846,0.4342986
1847,0.4342986
1848,0.4342986
1849,0.4342986
1850,0.4342986
1851,0.4342986
1852,0.4342986
1853,0.4342986
1854,0.4342986
1855,0.4342986
1856,0.4342986
1857,0.4342986
1858,0.4342986
1859,0.4342986
1860,0.4342986
1861,0.4342986
1862,0.4342986
1863,0.4342986
1864,0.4342986
1865,0.4342986
1866,0.4342986
1867,0.4342986
1868,0.4342986
1869,0.4342986
1870,0.4342986
1871,0.4342986
1872,0.4342986
1873,0.4342986
1874,0.4342986
1875,0.4342986
1876,0.4342986
1877,0.4342986
1878,0.4342986
1879,0.4342986
1880,0.4342986
1881,0.4342986
1882,0.4342986
1883,0.4342986
1884,0.4342986
1885,0.4342986
1886,0.4342986
1887,0.4342986
1888,0.4342986
1889,0.4342986
1890,0.4342986
1891,0.4342986
1892,0.4342986
1893,0.4342986
1894,0.4342986
1895,0.4342986
1896,0.4342986
1897,0.4342986
1898,0.4342986
1899,0.4342986
1900,0.4342986
1901,0.4342986
1902,0.4342986
1903,0.4342986
1904,0.4342986
1905,0.4342986
1906,0.4342986
1907,0.4342986
1908,0.4342986
1909,0.4342986
1910,0.4342986
1911,0.4342986
1912,0.4342986
1913,0.4342986
1914,0.4342986
1915,0.4342986
1916,0.4342986
1917,0.4342986
1918,0.4342986
1919,0.4342986
1920,0.4342986
1921,0.4342986
1922,0.4342986
1923,0.4342986
1924,0.4342986
1925,0.4342986
1926,0.4342986
1927,0.4342986
1928,0.4342986
1929,0.4342986
1930,0.4342986
1931,0.4342986
1932,0.4342986
1933,0.4342986
1934,0.4342986
1935,0.4342986
1936,0.4342986
1937,0.4342986
1938,0.4342986
1939,0.4342986
1940,0.4342986
1941,0.4342986
1942,0.4342986
1943,0.4342986
1944,0.4342986
1945,0.4342986
1946,0.4342986
1947,0.4342986
1948,0.4342986
1949,0.4342986
1950,0.4342986
1951,0.4342986
1952,0.4342986
1953,0.4342986
1954,0.4342986
1955,0.4342986
1956,0.4342986
1957,0.4342986
1958,0.4342986
1959,0.4342986
1960,0.4342986
1961,0.4342986
1962,0.4342986
1963,0.4342986
1964,0.4342986
1965,0.4342986
1966,0.4342986
1967,0.4342986
1968,0.4342986
1969,0.4342986
1970,0.4342986
1971,0.4342986
1972,0.4342986
1973,0.4342986
1974,0.4342986
1975,0.4342986
1976,0.4342986
1977,0.4342986
1978,0.4342986
1979,0.4342986
1980,0.4342986
1981,0.4342986
1982,0.4342986
1983,0.4342986
1984,0.4342986
1985,0.4342986
1986,0.4342986
1987,0.4342986
1988,0.4342986
1989,0.4342986
1990,0.4342986
1991,0.4342986
1992,0.4342986
1993,0.4342986
1994,0.4342986
1995,0.4342986
1996,0.4342986
1997,0.4342986
1998,0.4342986
1999,0.4342986
2000,0.4342986
2001,0.4342986
2002,0.4342986
2003,0.4342986
2004,0.4342986
2005,0.4342986
2006,0.4342986
2007,0.4342986
2008,0.4342986
2009,0.4342986
2010,0.4342986
2011,0.4342986
2012,0.4342986
2013,0.4342986
2014,0.4342986
2015,0.4342986
2016,0.4342986
2017,0.4342986
2018,0.4342986
2019,0.4342986
2020,0.4342986
2021,0.4342986
2022,0.4342986
2023,0.4342986
2024,0.4342986
2025,0.4342986
2026,0.4342986
2027,0.4342986
2028,0.4342986
2029,0.4342986
2030,0.4342986
2031,0.4342986
2032,0.4342986
2033,0.4342986
2034,0.4342986
2035,0.4342986
2036,0.4342986
2037,0.4342986
2038,0.4342986
2039,0.4342986
2040,0.4342986
2041,0.4342986
2042,0.4342986
2043,0.4342986
2044,0.4342986
2045,0.4342986
2046,0.4342986
2047,0.4342986
2048,0.4342986
2049,0.4342986
2050,0.4342986
2051,0.4342986
2052,0.4342986
2053,0.4342986
2054,0.4342986
2055,0.4342986
2056,0.4342986
2057,0.4342986
2058,0.4342986
2059,0.4342986
2060,0.4342986
2061,0.4342986
2062,0.4342986
2063,0.4342986
2064,0.4342986
2065,0.4342986
2066,0.4342986
2067,0.4342986
2068,0.4342986
2069,0.4342986
2070,0.4342986
2071,0.4342986
2072,0.4342986
2073,0.4342986
2074,0.4342986
2075,0.4342986
2076,0.4342986
2077,0.4342986
2078,0.4342986
2079,0.4342986
2080,0.4342986
2081,0.4342986
2082,0.4342986
2083,0.4342986
2084,0.4342986
2085,0.4342986
2086,0.4342986
2087,0.4342986
2088,0.4342986
2089,0.4342986
2090,0.4342986
2091,0.4342986
2092,0.4342986
2093,0.4342986
2094,0.4342986
2095,0.4342986
2096,0.4342986
2097,0.4342986
2098,0.4342986
2099,0.4342986
2100,0.4342986
2101,0.4342986
2102,0.4342986
2103,0.4342986
2104,0.4342986
2105,0.4342986
2106,0.4342986
2107,0.4342986
2108,0.4342986
2109,0.4342986
2110,0.4342986
2111,0.4342986
2112,0.4342986
2113,0.4342986
2114,0.4342986
2115,0.4342986
2116,0.4342986
2117,0.4342986
2118,0.4342986
2119,0.4342986
2120,0.4342986
2121,0.4342986
2122,0.4342986
2123,0.4342986
2124,0.4342986
2125,0.4342986
2126,0.4342986
2127,0.4342986
2128,0.4342986
2129,0.4342986
2130,0.4342986
2131,0.4342986
2132,0.4342986
2133,0.4342986
2134,0.4342986
2135,0.4342986
2136,0.4342986
2137,0.4342986
2138,0.4342986
2139,0.4342986
2140,0.4342986
2141,0.4342986
2142,0.4342986
2143,0.4342986
2144,0.4342986
2145,0.4342986
2146,0.4342986
2147,0.4342986
2148,0.4342986
2149,0.4342986
2150,0.4342986
2151,0.4342986
2152,0.4342986
2153,0.4342986
2154,0.4342986
2155,0.4342986
2156,0.4342986
2157,0.4342986
2158,0.4342986
2159,0.4342986
2160,0.4342986
2161,0.4342986
2162,0.4342986
2163,0.4342986
2164,0.4342986
2165,0.4342986
2166,0.4342986
2167,0.4342986
2168,0.4342986
2169,0.4342986
2170,0.4342986
2171,0.4342986
2172,0.4342986
2173,0.4342986
2174,0.4342986
2175,0.4342986
2176,0.4342986
2177,0.4342986
2178,0.4342986
2179,0.4342986
2180,0.4342986
2181,0.4342986
2182,0.4342986
2183,0.4342986
2184,0.4342986
2185,0.4342986
2186,0.4342986
2187,0.4342986
2188,0.4342986
2189,0.4342986
2190,0.4342986
2191,0.4342986
2192,0.4342986
2193,0.4342986
2194,0.4342986
2195,0.4342986
2196,0.4342986
2197,0.4342986
2198,0.4342986
2199,0.4342986
2200,0.4342986
2201,0.4342986
2202,0.4342986
2203,0.4342986
2204,0.4342986
2205,0.4342986
2206,0.4342986
2207,0.4342986
2208,0.4342986
2209,0.4342986
2210,0.4342986
2211,0.4342986
2212,0.4342986
2213,0.4342986
2214,0.4342986
2215,0.4342986
2216,0.4342986
2217,0.4342986
2218,0.4342986
2219,0.4342986
2220,0.4342986
2221,0.4342986
2222,0.4342986
2223,0.4342986
2224,0.4342986
2225,0.4342986
2226,0.4342986
2227,0.4342986
2228,0.4342986
2229,0.4342986
2230,0.4342986
2231,0.4342986
2232,0.4342986
2233,0.4342986
2234,0.4342986
2235,0.4342986
2236,0.4342986
2237,0.4342986
2238,0.4342986
2239,0.4342986
2240,0.4342986
2241,0.4342986
2242,0.4342986
2243,0.4342986
2244,0.4342986
2245,0.4342986
2246,0.4342986
2247,0.4342986
2248,0.4342986
2249,0.4342986
2250,0.4342986
2251,0.4342986
2252,0.4342986
2253,0.4342986
2254,0.4342986
2255,0.4342986
2256,0.4342986
2257,0.4342986
2258,0.4342986
2259,0.4342986
2260,0.4342986
2261,0.4342986
2262,0.4342986
2263,0.4342986
2264,0.4342986
2265,0.4342986
2266,0.4342986
2267,0.4342986
2268,0.4342986
2269,0.4342986
2270,0.4342986
2271,0.4342986
2272,0.4342986
2273,0.4342986
2274,0.4342986
2275,0.4342986
2276,0.4342986
2277,0.4342986
2278,0.4342986
2279,0.4342986
2280,0.4342986
2281,0.4342986
2282,0.4342986
2283,0.4342986
2284,0.4342986
2285,0.4342986
2286,0.4342986
2287,0.4342986
2288,0.4342986
2289,0.4342986
2290,0.4342986
2291,0.4342986
2292,0.4342986
2293,0.4342986
2294,0.4342986
2295,0.4342986
2296,0.4342986
2297,0.4342986
2298,0.4342986
2299,0.4342986
2300,0.4342986
2301,0.4342986
2302,0.4342986
2303,0.4342986
2304,0.4342986
2305,0.4342986
2306,0.4342986
2307,0.4342986
2308,0.4342986
2309,0.4342986
2310,0.4342986
2311,0.4342986
2312,0.4342986
2313,0.4342986
2314,0.4342986
2315,0.4342986
2316,0.4342986
2317,0.4342986
2318,0.4342986
2319,0.4342986
2320,0.4342986
2321,0.4342986
2322,0.4342986
2323,0.4342986
2324,0.4342986
2325,0.4342986
2326,0.4342986
2327,0.4342986
2328,0.4342986
2329,0.4342986
2330,0.4342986
2331,0.4342986
2332,0.4342986
2333,0.4342986
2334,0.4342986
2335,0.4342986
2336,0.4342986
2337,0.4342986
2338,0.4342986
2339,0.4342986
2340,0.4342986
2341,0.4342986
2342,0.4342986
2343,0.4342986
2344,0.4342986
2345,0.4342986
2346,0.4342986
2347,0.4342986
2348,0.4342986
2349,0.4342986
2350,0.4342986
2351,0.4342986
2352,0.4342986
2353,0.4342986
2354,0.4342986
2355,0.4342986
2356,0.4342986
2357,0.4342986
2358,0.4342986
2359,0.4342986
2360,0.4342986
2361,0.4342986
2362,0.4342986
2363,0.4342986
2364,0.4342986
2365,0.4342986
2366,0.4342986
2367,0.4342986
2368,0.4342986
2369,0.4342986
2370,0.4342986
2371,0.4342986
2372,0.4342986
2373,0.4342986
2374,0.4342986
2375,0.4342986
2376,0.4342986
2377,0.4342986
2378,0.4342986
2379,0.4342986
2380,0.4342986
2381,0.4342986
2382,0.4342986
2383,0.4342986
2384,0.4342986
2385,0.4342986
2386,0.4342986
2387,0.4342986
2388,0.4342986
2389,0.4342986
2390,0.4342986
2391,0.4342986
2392,0.4342986
2393,0.4342986
2394,0.4342986
2395,0.4342986
2396,0.4342986
2397,0.4342986
2398,0.4342986
2399,0.4342986
2400,0.4342986
2401,0.4342986
2402,0.4342986
2403,0.4342986
2404,0.4342986
2405,0.4342986
2406,0.4342986
2407,0.4342986
2408,0.4342986
2409,0.4342986
2410,0.4342986
2411,0.4342986
2412,0.4342986
2413,0.4342986
2414,0.4342986
2415,0.4342986
2416,0.4342986
2417,0.4342986
2418,0.4342986
2419,0.4342986
2420,0.4342986
2421,0.4342986
2422,0.4342986
2423,0.4342986
2424,0.4342986
2425,0.4342986
2426,0.4342986
2427,0.4342986
2428,0.4342986
2429,0.4342986
2430,0.4342986
2431,0.4342986
2432,0.4342986
2433,0.4342986
2434,0.4342986
2435,0.4342986
2436,0.4342986
2437,0.4342986
2438,0.4342986
2439,0.4342986
2440,0.4342986
2441,0.4342986
2442,0.4342986
2443,0.4342986
2444,0.4342986
2445,0.4342986
2446,0.4342986
2447,0.4342986
2448,0.4342986
2449,0.4342986
2450,0.4342986
2451,0.4342986
2452,0.4342986
2453,0.4342986
2454,0.4342986
2455,0.4342986
2456,0.4342986
2457,0.4342986
2458,0.4342986
2459,0.4342986
2460,0.4342986
2461,0.4342986
2462,0.4342986
2463,0.4342986
2464,0.4342986
2465,0.4342986
2466,0.4342986
2467,0.4342986
2468,0.4342986
2469,0.4342986
2470,0.4342986
2471,0.4342986
2472,0.4342986
2473,0.4342986
2474,0.4342986
2475,0.4342986
2476,0.4342986
2477,0.4342986
2478,0.4342986
2479,0.4342986
2480,0.4342986
2481,0.4342986
2482,0.4342986
2483,0.4342986
2484,0.4342986
2485,0.4342986
2486,0.4342986
2487,0.4342986
2488,0.4342986
2489,0.4342986
2490,0.4342986
2491,0.4342986
2492,0.4342986
2493,0.4342986
2494,0.4342986
2495,0.4342986
2496,0.4342986
2497,0.4342986
2498,0.4342986
2499,0.4342986
2500,0.4342986
2501,0.4342986
2502,0.4342986
2503,0.4342986
2504,0.4342986
2505,0.4342986
2506,0.4342986
2507,0.4342986
2508,0.4342986
2509,0.4342986
2510,0.4342986
2511,0.4342986
2512,0.4342986
2513,0.4342986
2514,0.4342986
2515,0.4342986
2516,0.4342986
2517,0.4342986
2518,0.4342986
2519,0.4342986
2520,0.4342986
2521,0.4342986
2522,0.4342986
2523,0.4342986
2524,0.4342986
2525,0.4342986
2526,0.4342986
2527,0.4342986
2528,0.4342986
2529,0.4342986
2530,0.4342986
2531,0.4342986
2532,0.4342986
2533,0.4342986
2534,0.4342986
2535,0.4342986
2536,0.4342986
2537,0.4342986
2538,0.4342986
2539,0.4342986
2540,0.4342986
2541,0.4342986
2542,0.4342986
2543,0.4342986
2544,0.4342986
2545,0.4342986
2546,0.4342986
2547,0.4342986
2548,0.4342986
2549,0.4342986
2550,0.4342986
2551,0.4342986
2552,0.4342986
2553,0.4342986
2554,0.4342986
2555,0.4342986
2556,0.4342986
2557,0.4342986
2558,0.4342986
2559,0.4342986
2560,0.4342986
2561,0.4342986
2562,0.4342986
2563,0.4342986
2564,0.4342986
2565,0.4342986
2566,0.4342986
2567,0.4342986
2568,0.4342986
2569,0.4342986
2570,0.4342986
2571,0.4342986
2572,0.4342986
2573,0.4342986
2574,0.4342986
2575,0.4342986
2576,0.4342986
2577,0.4342986
2578,0.4342986
2579,0.4342986
2580,0.4342986
2581,0.4342986
2582,0.4342986
2583,0.4342986
2584,0.4342986
2585,0.4342986
2586,0.4342986
2587,0.4342986
2588,0.4342986
2589,0.4342986
2590,0.4342986
2591,0.4342986
2592,0.4342986
2593,0.4342986
2594,0.4342986
2595,0.4342986
2596,0.4342986
2597,0.4342986
2598,0.4342986
2599,0.4342986
2600,0.4342986
2601,0.4342986
2602,0.4342986
2603,0.4342986
2604,0.4342986
2605,0.4342986
2606,0.4342986
2607,0.4342986
2608,0.4342986
2609,0.4342986
2610,0.4342986
2611,0.4342986
2612,0.4342986
2613,0.4342986
2614,0.4342986
2615,0.4342986
2616,0.4342986
2617,0.4342986
2618,0.4342986
2619,0.4342986
2620,0.4342986
2621,0.4342986
2622,0.4342986
2623,0.4342986
2624,0.4342986
2625,0.4342986
2626,0.4342986
2627,0.4342986
2628,0.4342986
2629,0.4342986
2630,0.4342986
2631,0.4342986
2632,0.4342986
2633,0.4342986
2634,0.4342986
2635,0.4342986
2636,0.4342986
2637,0.4342986
2638,0.4342986
2639,0.4342986
2640,0.4342986
2641,0.4342986
2642,0.4342986
2643,0.4342986
2644,0.4342986
2645,0.4342986
2646,0.4342986
2647,0.4342986
2648,0.4342986
2649,0.4342986
2650,0.4342986
2651,0.4342986
2652,0.4342986
2653,0.4342986
2654,0.4342986
2655,0.4342986
2656,0.4342986
2657,0.4342986
2658,0.4342986
2659,0.4342986
2660,0.4342986
2661,0.4342986
2662,0.4342986
2663,0.4342986
2664,0.4342986
2665,0.4342986
2666,0.4342986
2667,0.4342986
2668,0.4342986
2669,0.4342986
2670,0.4342986
2671,0.4342986
2672,0.4342986
2673,0.4342986
2674,0.4342986
2675,0.4342986
2676,0.4342986
2677,0.4342986
2678,0.4342986
2679,0.4342986
2680,0.4342986
2681,0.4342986
2682,0.4342986
2683,0.4342986
2684,0.4342986
2685,0.4342986
2686,0.4342986
2687,0.4342986
2688,0.4342986
2689,0.4342986
2690,0.4342986
2691,0.4342986
2692,0.4342986
2693,0.4342986
2694,0.4342986
2695,0.4342986
2696,0.4342986
2697,0.4342986
2698,0.4342986
2699,0.4342986
2700,0.4342986
2701,0.4342986
2702,0.4342986
2703,0.4342986
2704,0.4342986
2705,0.4342986
2706,0.4342986
2707,0.4342986
2708,0.4342986
2709,0.4342986
2710,0.4342986
2711,0.4342986
2712,0.4342986
2713,0.4342986
2714,0.4342986
2715,0.4342986
2716,0.4342986
2717,0.4342986
2718,0.4342986
2719,0.4342986
2720,0.4342986
2721,0.4342986
2722,0.4342986
2723,0.4342986
2724,0.4342986
2725,0.4342986
2726,0.4342986
2727,0.4342986
2728,0.4342986
2729,0.4342986
2730,0.4342986
2731,0.4342986
2732,0.4342986
2733,0.4342986
2734,0.4342986
2735,0.4342986
2736,0.4342986
2737,0.4342986
2738,0.4342986
2739,0.4342986
2740,0.4342986
2741,0.4342986
2742,0.4342986
2743,0.4342986
2744,0.4342986
2745,0.4342986
2746,0.4342986
2747,0.4342986
2748,0.4342986
2749,0.4342986
2750,0.4342986
2751,0.4342986
2752,0.4342986
2753,0.4342986
2754,0.4342986
2755,0.4342986
2756,0.4342986
2757,0.4342986
2758,0.4342986
2759,0.4342986
2760,0.4342986
2761,0.4342986
2762,0.4342986
2763,0.4342986
2764,0.4342986
2765,0.4342986
2766,0.4342986
2767,0.4342986
2768,0.4342986
2769,0.4342986
2770,0.4342986
2771,0.4342986
2772,0.4342986
2773,0.4342986
2774,0.4342986
2775,0.4342986
2776,0.4342986
2777,0.4342986
2778,0.4342986
2779,0.4342986
2780,0.4342986
2781,0.4342986
2782,0.4342986
2783,0.4342986
2784,0.4342986
2785,0.4342986
2786,0.4342986
2787,0.4342986
2788,0.4342986
2789,0.4342986
2790,0.4342986
2791,0.4342986
2792,0.4342986
2793,0.4342986
2794,0.4342986
2795,0.4342986
2796,0.4342986
2797,0.4342986
2798,0.4342986
2799,0.4342986
2800,0.4342986
2801,0.4342986
2802,0.4342986
2803,0.4342986
2804,0.4342986
2805,0.4342986
2806,0.4342986
2807,0.4342986
2808,0.4342986
2809,0.4342986
2810,0.4342986
2811,0.4342986
2812,0.4342986
2813,0.4342986
2814,0.4342986
2815,0.4342986
2816,0.4342986
2817,0.4342986
2818,0.4342986
2819,0.4342986
2820,0.4342986
2821,0.4342986
2822,0.4342986
2823,0.4342986
2824,0.4342986
2825,0.4342986
2826,0.4342986
2827,0.4342986
2828,0.4342986
2829,0.4342986
2830,0.4342986
2831,0.4342986
2832,0.4342986
2833,0.4342986
2834,0.4342986
2835,0.4342986
2836,0.4342986
2837,0.4342986
2838,0.4342986
2839,0.4342986
2840,0.4342986
2841,0.4342986
2842,0.4342986
2843,0.4342986
2844,0.4342986
2845,0.4342986
2846,0.4342986
2847,0.4342986
2848,0.4342986
2849,0.4342986
2850,0.4342986
2851,0.4342986
2852,0.4342986
2853,0.4342986
2854,0.4342986
2855,0.4342986
2856,0.4342986
2857,0.4342986
2858,0.4342986
2859,0.4342986
2860,0.4342986
2861,0.4342986
2862,0.4342986
2863,0.4342986
2864,0.4342986
2865,0.4342986
2866,0.4342986
2867,0.4342986
2868,0.4342986
2869,0.4342986
2870,0.4342986
2871,0.4342986
2872,0.4342986
2873,0.4342986
2874,0.4342986
2875,0.4342986
2876,0.4342986
2877,0.4342986
2878,0.4342986
2879,0.4342986
2880,0.4342986
2881,0.4342986
2882,0.4342986
2883,0.4342986
2884,0.4342986
2885,0.4342986
2886,0.4342986
2887,0.4342986
2888,0.4342986
2889,0.4342986
2890,0.4342986
2891,0.4342986
2892,0.4342986
2893,0.4342986
2894,0.4342986
2895,0.4342986
2896,0.4342986
2897,0.4342986
2898,0.4342986
2899,0.4342986
2900,0.4342986
2901,0.4342986
2902,0.4342986
2903,0.4342986
2904,0.4342986
2905,0.4342986
2906,0.4342986
2907,0.4342986
2908,0.4342986
2909,0.4342986
2910,0.4342986
2911,0.4342986
2912,0.4342986
2913,0.4342986
2914,0.4342986
2915,0.4342986
2916,0.4342986
2917,0.4342986
2918,0.4342986
2919,0.4342986
2920,0.4342986
2921,0.4342986
2922,0.4342986
2923,0.4342986
2924,0.4342986
2925,0.4342986
2926,0.4342986
2927,0.4342986
2928,0.4342986
2929,0.4342986
2930,0.4342986
2931,0.4342986
2932,0.4342986
2933,0.4342986
2934,0.4342986
2935,0.4342986
2936,0.4342986
2937,0.4342986
2938,0.4342986
2939,0.4342986
2940,0.4342986
2941,0.4342986
2942,0.4342986
2943,0.4342986
2944,0.4342986
2945,0.4342986
2946,0.4342986
2947,0.4342986
2948,0.4342986
2949,0.4342986
2950,0.4342986
2951,0.4342986
2952,0.4342986
2953,0.4342986
2954,0.4342986
2955,0.4342986
2956,0.4342986
2957,0.4342986
2958,0.4342986
2959,0.4342986
2960,0.4342986
2961,0.4342986
2962,0.4342986
2963,0.4342986
2964,0.4342986
2965,0.4342986
2966,0.4342986
2967,0.4342986
2968,0.4342986
2969,0.4342986
2970,0.4342986
2971,0.4342986
2972,0.4342986
2973,0.4342986
2974,0.4342986
2975,0.4342986
2976,0.4342986
2977,0.4342986
2978,0.4342986
2979,0.4342986
2980,0.4342986
2981,0.4342986
2982,0.4342986
2983,0.4342986
2984,0.4342986
2985,0.4342986
2986,0.4342986
2987,0.4342986
2988,0.4342986
2989,0.4342986
2990,0.4342986
2991,0.4342986
2992,0.4342986
2993,0.4342986
2994,0.4342986
2995,0.4342986
2996,0.4342986
2997,0.4342986
2998,0.4342986
2999,0.4342986
3000,0.4342986
3001,0.4342986
3002,0.4342986
3003,0.4342986
3004,0.4342986
3005,0.4342986
3006,0.4342986
3007,0.4342986
3008,0.4342986
3009,0.4342986
3010,0.4342986
3011,0.4342986
3012,0.4342986
3013,0.4342986
3014,0.4342986
3015,0.4342986
3016,0.4342986
3017,0.4342986
3018,0.4342986
3019,0.4342986
3020,0.4342986
3021,0.4342986
3022,0.4342986
3023,0.4342986
3024,0.4342986
3025,0.4342986
3026,0.4342986
3027,0.4342986
3028,0.4342986
3029,0.4342986
3030,0.4342986
3031,0.4342986
3032,0.4342986
3033,0.4342986
3034,0.4342986
3035,0.4342986
3036,0.4342986
3037,0.4342986
3038,0.4342986
3039,0.4342986
3040,0.4342986
3041,0.4342986
3042,0.4342986
3043,0.4342986
3044,0.4342986
3045,0.4342986
3046,0.4342986
3047,0.4342986
3048,0.4342986
3049,0.4342986
3050,0.4342986
3051,0.4342986
3052,0.4342986
3053,0.4342986
3054,0.4342986
3055,0.4342986
3056,0.4342986
3057,0.4342986
3058,0.4342986
3059,0.4342986
3060,0.4342986
3061,0.4342986
3062,0.4342986
3063,0.4342986
3064,0.4342986
3065,0.4342986
3066,0.4342986
3067,0.4342986
3068,0.4342986
3069,0.4342986
3070,0.4342986
3071,0.4342986
3072,0.4342986
3073,0.4342986
3074,0.4342986
3075,0.4342986
3076,0.4342986
3077,0.4342986
3078,0.4342986
3079,0.4342986
3080,0.4342986
3081,0.4342986
3082,0.4342986
3083,0.4342986
3084,0.4342986
3085,0.4342986
3086,0.4342986
3087,0.4342986
3088,0.4342986
3089,0.4342986
3090,0.4342986
3091,0.4342986
3092,0.4342986
3093,0.4342986
3094,0.4342986
3095,0.4342986
3096,0.4342986
3097,0.4342986
3098,0.4342986
3099,0.4342986
3100,0.4342986
3101,0.4342986
3102,0.4342986
3103,0.4342986
3104,0.4342986
3105,0.4342986
3106,0.4342986
3107,0.4342986
3108,0.4342986
3109,0.4342986
3110,0.4342986
3111,0.4342986
3112,0.4342986
3113,0.4342986
3114,0.4342986
3115,0.4342986
3116,0.4342986
3117,0.4342986
3118,0.4342986
3119,0.4342986
3120,0.4342986
3121,0.4342986
3122,0.4342986
3123,0.4342986
3124,0.4342986
3125,0.4342986
3126,0.4342986
3127,0.4342986
3128,0.4342986
3129,0.4342986
3130,0.4342986
3131,0.4342986
3132,0.4342986
3133,0.4342986
3134,0.4342986
3135,0.4342986
3136,0.4342986
3137,0.4342986
3138,0.4342986
3139,0.4342986
3140,0.4342986
3141,0.4342986
3142,0.4342986
3143,0.4342986
3144,0.4342986
3145,0.4342986
3146,0.4342986
3147,0.4342986
3148,0.4342986
3149,0.4342986
3150,0.4342986
3151,0.4342986
3152,0.4342986
3153,0.4342986
3154,0.4342986
3155,0.4342986
3156,0.4342986
3157,0.4342986
3158,0.4342986
3159,0.4342986
3160,0.4342986
3161,0.4342986
3162,0.4342986
3163,0.4342986
3164,0.4342986
3165,0.4342986
3166,0.4342986
3167,0.4342986
3168,0.4342986
3169,0.4342986
3170,0.4342986
3171,0.4342986
3172,0.4342986
3173,0.4342986
3174,0.4342986
3175,0.4342986
3176,0.4342986
3177,0.4342986
3178,0.4342986
3179,0.4342986
3180,0.4342986
3181,0.4342986
3182,0.4342986
3183,0.4342986
3184,0.4342986
3185,0.4342986
3186,0.4342986
3187,0.4342986
3188,0.4342986
3189,0.4342986
3190,0.4342986
3191,0.4342986
3192,0.4342986
3193,0.4342986
3194,0.4342986
3195,0.4342986
3196,0.4342986
3197,0.4342986
3198,0.4342986
3199,0.4342986
3200,0.4342986
3201,0.4342986
3202,0.4342986
3203,0.4342986
3204,0.4342986
3205,0.4342986
3206,0.4342986
3207,0.4342986
3208,0.4342986
3209,0.4342986
3210,0.4342986
3211,0.4342986
3212,0.4342986
3213,0.4342986
3214,0.4342986
3215,0.4342986
3216,0.4342986
3217,0.4342986
3218,0.4342986
3219,0.4342986
3220,0.4342986
3221,0.4342986
3222,0.4342986
3223,0.4342986
3224,0.4342986
3225,0.4342986
3226,0.4342986
3227,0.4342986
3228,0.4342986
3229,0.4342986
3230,0.4342986
3231,0.4342986
3232,0.4342986
3233,0.4342986
3234,0.4342986
3235,0.4342986
3236,0.4342986
3237,0.4342986
3238,0.4342986
3239,0.4342986
3240,0.4342986
3241,0.4342986
3242,0.4342986
3243,0.4342986
3244,0.4342986
3245,0.4342986
3246,0.4342986
3247,0.4342986
3248,0.4342986
3249,0.4342986
3250,0.4342986
3251,0.4342986
3252,0.4342986
3253,0.4342986
3254,0.4342986
3255,0.4342986
3256,0.4342986
3257,0.4342986
3258,0.4342986
3259,0.4342986
3260,0.4342986
3261,0.4342986
3262,0.4342986
3263,0.4342986
3264,0.4342986
3265,0.4342986
3266,0.4342986
3267,0.4342986
3268,0.4342986
3269,0.4342986
3270,0.4342986
3271,0.4342986
3272,0.4342986
3273,0.4342986
3274,0.4342986
3275,0.4342986
3276,0.4342986
3277,0.4342986
3278,0.4342986
3279,0.4342986
3280,0.4342986
3281,0.4342986
3282,0.4342986
3283,0.4342986
3284,0.4342986
3285,0.4342986
3286,0.4342986
3287,0.4342986
3288,0.4342986
3289,0.4342986
3290,0.4342986
3291,0.4342986
3292,0.4342986
3293,0.4342986
3294,0.4342986
3295,0.4342986
3296,0.4342986
3297,0.4342986
3298,0.4342986
3299,0.4342986
3300,0.4342986
3301,0.4342986
3302,0.4342986
3303,0.4342986
3304,0.4342986
3305,0.4342986
3306,0.4342986
3307,0.4342986
3308,0.4342986
3309,0.4342986
3310,0.4342986
3311,0.4342986
3312,0.4342986
3313,0.4342986
3314,0.4342986
3315,0.4342986
3316,0.4342986
3317,0.4342986
3318,0.4342986
3319,0.4342986
3320,0.4342986
3321,0.4342986
3322,0.4342986
3323,0.4342986
3324,0.4342986
3325,0.4342986
3326,0.4342986
3327,0.4342986
3328,0.4342986
3329,0.4342986
3330,0.4342986
3331,0.4342986
3332,0.4342986
3333,0.4342986
3334,0.4342986
3335,0.4342986
3336,0.4342986
3337,0.4342986
3338,0.4342986
3339,0.4342986
3340,0.4342986
3341,0.4342986
3342,0.4342986
3343,0.4342986
3344,0.4342986
3345,0.4342986
3346,0.4342986
3347,0.4342986
3348,0.4342986
3349,0.4342986
3350,0.4342986
3351,0.4342986
3352,0.4342986
3353,0.4342986
3354,0.4342986
3355,0.4342986
3356,0.4342986
3357,0.4342986
3358,0.4342986
3359,0.4342986
3360,0.4342986
3361,0.4342986
3362,0.4342986
3363,0.4342986
3364,0.4342986
3365,0.4342986
3366,0.4342986
3367,0.4342986
3368,0.4342986
3369,0.4342986
3370,0.4342986
3371,0.4342986
3372,0.4342986
3373,0.4342986
3374,0.4342986
3375,0.4342986
3376,0.4342986
3377,0.4342986
3378,0.4342986
3379,0.4342986
3380,0.4342986
3381,0.4342986
3382,0.4342986
3383,0.4342986
3384,0.4342986
3385,0.4342986
3386,0.4342986
3387,0.4342986
3388,0.4342986
3389,0.4342986
3390,0.4342986
3391,0.4342986
3392,0.4342986
3393,0.4342986
3394,0.4342986
3395,0.4342986
3396,0.4342986
3397,0.4342986
3398,0.4342986
3399,0.4342986
3400,0.4342986
3401,0.4342986
3402,0.4342986
3403,0.4342986
3404,0.4342986
3405,0.4342986
3406,0.4342986
3407,0.4342986
3408,0.4342986
3409,0.4342986
3410,0.4342986
3411,0.4342986
3412,0.4342986
3413,0.4342986
3414,0.4342986
3415,0.4342986
3416,0.4342986
3417,0.4342986
3418,0.4342986
3419,0.4342986
3420,0.4342986
3421,0.4342986
3422,0.4342986
3423,0.4342986
3424,0.4342986
3425,0.4342986
3426,0.4342986
3427,0.4342986
3428,0.4342986
3429,0.4342986
3430,0.4342986
3431,0.4342986
3432,0.4342986
3433,0.4342986
3434,0.4342986
3435,0.4342986
3436,0.4342986
3437,0.4342986
3438,0.4342986
3439,0.4342986
3440,0.4342986
3441,0.4342986
3442,0.4342986
3443,0.4342986
3444,0.4342986
3445,0.4342986
3446,0.4342986
3447,0.4342986
3448,0.4342986
3449,0.4342986
3450,0.4342986
3451,0.4342986
3452,0.4342986
3453,0.4342986
3454,0.4342986
3455,0.4342986
3456,0.4342986
3457,0.4342986
3458,0.4342986
3459,0.4342986
3460,0.4342986
3461,0.4342986
3462,0.4342986
3463,0.4342986
3464,0.4342986
3465,0.4342986
3466,0.4342986
3467,0.4342986
3468,0.4342986
3469,0.4342986
3470,0.4342986
3471,0.4342986
3472,0.4342986
3473,0.4342986
3474,0.4342986
3475,0.4342986
3476,0.4342986
3477,0.4342986
3478,0.4342986
3479,0.4342986
3480,0.4342986
3481,0.4342986
3482,0.4342986
3483,0.4342986
3484,0.4342986
3485,0.4342986
3486,0.4342986
3487,0.4342986
3488,0.4342986
3489,0.4342986
3490,0.4342986
3491,0.4342986
3492,0.4342986
3493,0.4342986
3494,0.4342986
3495,0.4342986
3496,0.4342986
3497,0.4342986
3498,0.4342986
3499,0.4342986
3500,0.4342986
3501,0.4342986
3502,0.4342986
3503,0.4342986
3504,0.4342986
3505,0.4342986
3506,0.4342986
3507,0.4342986
3508,0.4342986
3509,0.4342986
3510,0.4342986
3511,0.4342986
3512,0.4342986
3513,0.4342986
3514,0.4342986
3515,0.4342986
3516,0.4342986
3517,0.4342986
3518,0.4342986
3519,0.4342986
3520,0.4342986
3521,0.4342986
3522,0.4342986
3523,0.4342986
3524,0.4342986
3525,0.4342986
3526,0.4342986
3527,0.4342986
3528,0.4342986
3529,0.4342986
3530,0.4342986
3531,0.4342986
3532,0.4342986
3533,0.4342986
3534,0.4342986
3535,0.4342986
3536,0.4342986
3537,0.4342986
3538,0.4342986
3539,0.4342986
3540,0.4342986
3541,0.4342986
3542,0.4342986
3543,0.4342986
3544,0.4342986
3545,0.4342986
3546,0.4342986
3547,0.4342986
3548,0.4342986
3549,0.4342986
3550,0.4342986
3551,0.4342986
3552,0.4342986
3553,0.4342986
3554,0.4342986
3555,0.4342986
3556,0.4342986
3557,0.4342986
3558,0.4342986
3559,0.4342986
3560,0.4342986
3561,0.4342986
3562,0.4342986
3563,0.4342986
3564,0.4342986
3565,0.4342986
3566,0.4342986
3567,0.4342986
3568,0.4342986
3569,0.4342986
3570,0.4342986
3571,0.4342986
3572,0.4342986
3573,0.4342986
3574,0.4342986
3575,0.4342986
3576,0.4342986
3577,0.4342986
3578,0.4342986
3579,0.4342986
3580,0.4342986
3581,0.4342986
3582,0.4342986
3583,0.4342986
3584,0.4342986
3585,0.4342986
3586,0.4342986
3587,0.4342986
3588,0.4342986
3589,0.4342986
3590,0.4342986
3591,0.4342986
3592,0.4342986
3593,0.4342986
3594,0.4342986
3595,0.4342986
3596,0.4342986
3597,0.4342986
3598,0.4342986
3599,0.4342986
3600,0.4342986
3601,0.4342986
3602,0.4342986
3603,0.4342986
3604,0.4342986
3605,0.4342986
3606,0.4342986
3607,0.4342986
3608,0.4342986
3609,0.4342986
3610,0.4342986
3611,0.4342986
3612,0.4342986
3613,0.4342986
3614,0.4342986
3615,0.4342986
3616,0.4342986
3617,0.4342986
3618,0.4342986
3619,0.4342986
3620,0.4342986
3621,0.4342986
3622,0.4342986
3623,0.4342986
3624,0.4342986
3625,0.4342986
3626,0.4342986
3627,0.4342986
3628,0.4342986
3629,0.4342986
3630,0.4342986
3631,0.4342986
3632,0.4342986
3633,0.4342986
3634,0.4342986
3635,0.4342986
3636,0.4342986
3637,0.4342986
3638,0.4342986
3639,0.4342986
3640,0.4342986
3641,0.4342986
3642,0.4342986
3643,0.4342986
3644,0.4342986
3645,0.4342986
3646,0.4342986
3647,0.4342986
3648,0.4342986
3649,0.4342986
3650,0.4342986
3651,0.4342986
3652,0.4342986
3653,0.4342986
3654,0.4342986
3655,0.4342986
3656,0.4342986
3657,0.4342986
3658,0.4342986
3659,0.4342986
3660,0.4342986
3661,0.4342986
3662,0.4342986
3663,0.4342986
3664,0.4342986
3665,0.4342986
3666,0.4342986
3667,0.4342986
3668,0.4342986
3669,0.4342986
3670,0.4342986
3671,0.4342986
3672,0.4342986
3673,0.4342986
3674,0.4342986
3675,0.4342986
3676,0.4342986
3677,0.4342986
3678,0.4342986
3679,0.4342986
3680,0.4342986
3681,0.4342986
3682,0.4342986
3683,0.4342986
3684,0.4342986
3685,0.4342986
3686,0.4342986
3687,0.4342986
3688,0.4342986
3689,0.4342986
3690,0.4342986
3691,0.4342986
3692,0.4342986
3693,0.4342986
3694,0.4342986
3695,0.4342986
3696,0.4342986
3697,0.4342986
3698,0.4342986
3699,0.4342986
3700,0.4342986
3701,0.4342986
3702,0.4342986
3703,0.4342986
3704,0.4342986
3705,0.4342986
3706,0.4342986
3707,0.4342986
3708,0.4342986
3709,0.4342986
3710,0.4342986
3711,0.4342986
3712,0.4342986
3713,0.4342986
3714,0.4342986
3715,0.4342986
3716,0.4342986
3717,0.4342986
3718,0.4342986
3719,0.4342986
3720,0.4342986
3721,0.4342986
3722,0.4342986
3723,0.4342986
3724,0.4342986
3725,0.4342986
3726,0.4342986
3727,0.4342986
3728,0.4342986
3729,0.4342986
3730,0.4342986
3731,0.4342986
3732,0.4342986
3733,0.4342986
3734,0.4342986
3735,0.4342986
3736,0.4342986
3737,0.4342986
3738,0.4342986
3739,0.4342986
3740,0.4342986
3741,0.4342986
3742,0.4342986
3743,0.4342986
3744,0.4342986
3745,0.4342986
3746,0.4342986
3747,0.4342986
3748,0.4342986
3749,0.4342986
3750,0.4342986
3751,0.4342986
3752,0.4342986
3753,0.4342986
3754,0.4342986
3755,0.4342986
3756,0.4342986
3757,0.4342986
3758,0.4342986
3759,0.4342986
3760,0.4342986
3761,0.4342986
3762,0.4342986
3763,0.4342986
3764,0.4342986
3765,0.4342986
3766,0.4342986
3767,0.4342986
3768,0.4342986
3769,0.4342986
3770,0.4342986
3771,0.4342986
3772,0.4342986
3773,0.4342986
3774,0.4342986
3775,0.4342986
3776,0.4342986
3777,0.4342986
3778,0.4342986
3779,0.4342986
3780,0.4342986
3781,0.4342986
3782,0.4342986
3783,0.4342986
3784,0.4342986
3785,0.4342986
3786,0.4342986
3787,0.4342986
3788,0.4342986
3789,0.4342986
3790,0.4342986
3791,0.4342986
3792,0.4342986
3793,0.4342986
3794,0.4342986
3795,0.4342986
3796,0.4342986
3797,0.4342986
3798,0.4342986
3799,0.4342986
3800,0.4342986
3801,0.4342986
3802,0.4342986
3803,0.4342986
3804,0.4342986
3805,0.4342986
3806,0.4342986
3807,0.4342986
3808,0.4342986
3809,0.4342986
3810,0.4342986
3811,0.4342986
3812,0.4342986
3813,0.4342986
3814,0.4342986
3815,0.4342986
3816,0.4342986
3817,0.4342986
3818,0.4342986
3819,0.4342986
3820,0.4342986
3821,0.4342986
3822,0.4342986
3823,0.4342986
3824,0.4342986
3825,0.4342986
3826,0.4342986
3827,0.4342986
3828,0.4342986
3829,0.4342986
3830,0.4342986
3831,0.4342986
3832,0.4342986
3833,0.4342986
3834,0.4342986
3835,0.4342986
3836,0.4342986
3837,0.4342986
3838,0.4342986
3839,0.4342986
3840,0.4342986
3841,0.4342986
3842,0.4342986
3843,0.4342986
3844,0.4342986
3845,0.4342986
3846,0.4342986
3847,0.4342986
3848,0.4342986
3849,0.4342986
3850,0.4342986
3851,0.4342986
3852,0.4342986
3853,0.4342986
3854,0.4342986
3855,0.4342986
3856,0.4342986
3857,0.4342986
3858,0.4342986
3859,0.4342986
3860,0.4342986
3861,0.4342986
3862,0.4342986
3863,0.4342986
3864,0.4342986
3865,0.4342986
3866,0.4342986
3867,0.4342986
3868,0.4342986
3869,0.4342986
3870,0.4342986
3871,0.4342986
3872,0.4342986
3873,0.4342986
3874,0.4342986
3875,0.4342986
3876,0.4342986
3877,0.4342986
3878,0.4342986
3879,0.4342986
3880,0.4342986
3881,0.4342986
3882,0.4342986
3883,0.4342986
3884,0.4342986
3885,0.4342986
3886,0.4342986
3887,0.4342986
3888,0.4342986
3889,0.4342986
3890,0.4342986
3891,0.4342986
3892,0.4342986
3893,0.4342986
3894,0.4342986
3895,0.4342986
3896,0.4342986
3897,0.4342986
3898,0.4342986
3899,0.4342986
3900,0.4342986
3901,0.4342986
3902,0.4342986
3903,0.4342986
3904,0.4342986
3905,0.4342986
3906,0.4342986
3907,0.4342986
3908,0.4342986
3909,0.4342986
3910,0.4342986
3911,0.4342986
3912,0.4342986
3913,0.4342986
3914,0.4342986
3915,0.4342986
3916,0.4342986
3917,0.4342986
3918,0.4342986
3919,0.4342986
3920,0.4342986
3921,0.4342986
3922,0.4342986
3923,0.4342986
3924,0.4342986
3925,0.4342986
3926,0.4342986
3927,0.4342986
3928,0.4342986
3929,0.4342986
3930,0.4342986
3931,0.4342986
3932,0.4342986
3933,0.4342986
3934,0.4342986
3935,0.4342986
3936,0.4342986
3937,0.4342986
3938,0.4342986
3939,0.4342986
3940,0.4342986
3941,0.4342986
3942,0.4342986
3943,0.4342986
3944,0.4342986
3945,0.4342986
3946,0.4342986
3947,0.4342986
3948,0.4342986
3949,0.4342986
3950,0.4342986
3951,0.4342986
3952,0.4342986
3953,0.4342986
3954,0.4342986
3955,0.4342986
3956,0.4342986
3957,0.4342986
3958,0.4342986
3959,0.4342986
3960,0.4342986
3961,0.4342986
3962,0.4342986
3963,0.4342986
3964,0.4342986
3965,0.4342986
3966,0.4342986
3967,0.4342986
3968,0.4342986
3969,0.4342986
3970,0.4342986
3971,0.4342986
3972,0.4342986
3973,0.4342986
3974,0.4342986
3975,0.4342986
3976,0.4342986
3977,0.4342986
3978,0.4342986
3979,0.4342986
3980,0.4342986
3981,0.4342986
3982,0.4342986
3983,0.4342986
3984,0.4342986
3985,0.4342986
3986,0.4342986
3987,0.4342986
3988,0.4342986
3989,0.4342986
3990,0.4342986
3991,0.4342986
3992,0.4342986
3993,0.4342986
3994,0.4342986
3995,0.4342986
3996,0.4342986
3997,0.4342986
3998,0.4342986
3999,0.4342986
4000,0.4342986
4001,0.4342986
4002,0.4342986
4003,0.4342986
4004,0.4342986
4005,0.4342986
4006,0.4342986
4007,0.4342986
4008,0.4342986
4009,0.4342986
4010,0.4342986
4011,0.4342986
4012,0.4342986
4013,0.4342986
4014,0.4342986
4015,0.4342986
4016,0.4342986
4017,0.4342986
4018,0.4342986
4019,0.4342986
4020,0.4342986
4021,0.4342986
4022,0.4342986
4023,0.4342986
4024,0.4342986
4025,0.4342986
4026,0.4342986
4027,0.4342986
4028,0.4342986
4029,0.4342986
4030,0.4342986
4031,0.4342986
4032,0.4342986
4033,0.4342986
4034,0.4342986
4035,0.4342986
4036,0.4342986
4037,0.4342986
4038,0.4342986
4039,0.4342986
4040,0.4342986
4041,0.4342986
4042,0.4342986
4043,0.4342986
4044,0.4342986
4045,0.4342986
4046,0.4342986
4047,0.4342986
4048,0.4342986
4049,0.4342986
4050,0.4342986
4051,0.4342986
4052,0.4342986
4053,0.4342986
4054,0.4342986
4055,0.4342986
4056,0.4342986
4057,0.4342986
4058,0.4342986
4059,0.4342986
4060,0.4342986
4061,0.4342986
4062,0.4342986
4063,0.4342986
4064,0.4342986
4065,0.4342986
4066,0.4342986
4067,0.4342986
4068,0.4342986
4069,0.4342986
4070,0.4342986
4071,0.4342986
4072,0.4342986
4073,0.4342986
4074,0.4342986
4075,0.4342986
4076,0.4342986
4077,0.4342986
4078,0.4342986
4079,0.4342986
4080,0.4342986
4081,0.4342986
4082,0.4342986
4083,0.4342986
4084,0.4342986
4085,0.4342986
4086,0.4342986
4087,0.4342986
4088,0.4342986
4089,0.4342986
4090,0.4342986
4091,0.4342986
4092,0.4342986
4093,0.4342986
4094,0.4342986
4095,0.4342986
4096,0.4342986
4097,0.4342986
4098,0.4342986
4099,0.4342986
4100,0.4342986
4101,0.4342986
4102,0.4342986
4103,0.4342986
4104,0.4342986
4105,0.4342986
4106,0.4342986
4107,0.4342986
4108,0.4342986
4109,0.4342986
4110,0.4342986
4111,0.4342986
4112,0.4342986
4113,0.4342986
4114,0.4342986
4115,0.4342986
4116,0.4342986
4117,0.4342986
4118,0.4342986
4119,0.4342986
4120,0.4342986
4121,0.4342986
4122,0.4342986
4123,0.4342986
4124,0.4342986
4125,0.4342986
4126,0.4342986
4127,0.4342986
4128,0.4342986
4129,0.4342986
4130,0.4342986
4131,0.4342986
4132,0.4342986
4133,0.4342986
4134,0.4342986
4135,0.4342986
4136,0.4342986
4137,0.4342986
4138,0.4342986
4139,0.4342986
4140,0.4342986
4141,0.4342986
4142,0.4342986
4143,0.4342986
4144,0.4342986
4145,0.4342986
4146,0.4342986
4147,0.4342986
4148,0.4342986
4149,0.4342986
4150,0.4342986
4151,0.4342986
4152,0.4342986
4153,0.4342986
4154,0.4342986
4155,0.4342986
4156,0.4342986
4157,0.4342986
4158,0.4342986
4159,0.4342986
4160,0.4342986
4161,0.4342986
4162,0.4342986
4163,0.4342986
4164,0.4342986
4165,0.4342986
4166,0.4342986
4167,0.4342986
4168,0.4342986
4169,0.4342986
4170,0.4342986
4171,0.4342986
4172,0.4342986
4173,0.4342986
4174,0.4342986
4175,0.4342986
4176,0.4342986
4177,0.4342986
4178,0.4342986
4179,0.4342986
4180,0.4342986
4181,0.4342986
4182,0.4342986
4183,0.4342986
4184,0.4342986
4185,0.4342986
4186,0.4342986
4187,0.4342986
4188,0.4342986
4189,0.4342986
4190,0.4342986
4191,0.4342986
4192,0.4342986
4193,0.4342986
4194,0.4342986
4195,0.4342986
4196,0.4342986
4197,0.4342986
4198,0.4342986
4199,0.4342986
4200,0.4342986
4201,0.4342986
4202,0.4342986
4203,0.4342986
4204,0.4342986
4205,0.4342986
4206,0.4342986
4207,0.4342986
4208,0.4342986
4209,0.4342986
4210,0.4342986
4211,0.4342986
4212,0.4342986
4213,0.4342986
4214,0.4342986
4215,0.4342986
4216,0.4342986
4217,0.4342986
4218,0.4342986
4219,0.4342986
4220,0.4342986
4221,0.4342986
4222,0.4342986
4223,0.4342986
4224,0.4342986
4225,0.4342986
4226,0.4342986
4227,0.4342986
4228,0.4342986
4229,0.4342986
4230,0.4342986
4231,0.4342986
4232,0.4342986
4233,0.4342986
4234,0.4342986
4235,0.4342986
4236,0.4342986
4237,0.4342986
4238,0.4342986
4239,0.4342986
4240,0.4342986
4241,0.4342986
4242,0.4342986
4243,0.4342986
4244,0.4342986
4245,0.4342986
4246,0.4342986
4247,0.4342986
4248,0.4342986
4249,0.4342986
4250,0.4342986
4251,0.4342986
4252,0.4342986
4253,0.4342986
4254,0.4342986
4255,0.4342986
4256,0.4342986
4257,0.4342986
4258,0.4342986
4259,0.4342986
4260,0.4342986
4261,0.4342986
4262,0.4342986
4263,0.4342986
4264,0.4342986
4265,0.4342986
4266,0.4342986
4267,0.4342986
4268,0.4342986
4269,0.4342986
4270,0.4342986
4271,0.4342986
4272,0.4342986
4273,0.4342986
4274,0.4342986
4275,0.4342986
4276,0.4342986
4277,0.4342986
4278,0.4342986
4279,0.4342986
4280,0.4342986
4281,0.4342986
4282,0.4342986
4283,0.4342986
4284,0.4342986
4285,0.4342986
4286,0.4342986
4287,0.4342986
4288,0.4342986
4289,0.4342986
4290,0.4342986
4291,0.4342986
4292,0.4342986
4293,0.4342986
4294,0.4342986
4295,0.4342986
4296,0.4342986
4297,0.4342986
4298,0.4342986
4299,0.4342986
4300,0.4342986
4301,0.4342986
4302,0.4342986
4303,0.4342986
4304,0.4342986
4305,0.4342986
4306,0.4342986
4307,0.4342986
4308,0.4342986
4309,0.4342986
4310,0.4342986
4311,0.4342986
4312,0.4342986
4313,0.4342986
4314,0.4342986
4315,0.4342986
4316,0.4342986
4317,0.4342986
4318,0.4342986
4319,0.4342986
4320,0.4342986
4321,0.4342986
4322,0.4342986
4323,0.4342986
4324,0.4342986
4325,0.4342986
4326,0.4342986
4327,0.4342986
4328,0.4342986
4329,0.4342986
4330,0.4342986
4331,0.4342986
4332,0.4342986
4333,0.4342986
4334,0.4342986
4335,0.4342986
4336,0.4342986
4337,0.4342986
4338,0.4342986
4339,0.4342986
4340,0.4342986
4341,0.4342986
4342,0.4342986
4343,0.4342986
4344,0.4342986
4345,0.4342986
4346,0.4342986
4347,0.4342986
4348,0.4342986
4349,0.4342986
4350,0.4342986
4351,0.4342986
4352,0.4342986
4353,0.4342986
4354,0.4342986
4355,0.4342986
4356,0.4342986
4357,0.4342986
4358,0.4342986
4359,0.4342986
4360,0.4342986
4361,0.4342986
4362,0.4342986
4363,0.4342986
4364,0.4342986
4365,0.4342986
4366,0.4342986
4367,0.4342986
4368,0.4342986
4369,0.4342986
4370,0.4342986
4371,0.4342986
4372,0.4342986
4373,0.4342986
4374,0.4342986
4375,0.4342986
4376,0.4342986
4377,0.4342986
4378,0.4342986
4379,0.4342986
4380,0.4342986
4381,0.4342986
4382,0.4342986
4383,0.4342986
4384,0.4342986
4385,0.4342986
4386,0.4342986
4387,0.4342986
4388,0.4342986
4389,0.4342986
4390,0.4342986
4391,0.4342986
4392,0.4342986
4393,0.4342986
4394,0.4342986
4395,0.4342986
4396,0.4342986
4397,0.4342986
4398,0.4342986
4399,0.4342986
4400,0.4342986
4401,0.4342986
4402,0.4342986
4403,0.4342986
4404,0.4342986
4405,0.4342986
4406,0.4342986
4407,0.4342986
4408,0.4342986
4409,0.4342986
4410,0.4342986
4411,0.4342986
4412,0.4342986
4413,0.4342986
4414,0.4342986
4415,0.4342986
4416,0.4342986
4417,0.4342986
4418,0.4342986
4419,0.4342986
4420,0.4342986
4421,0.4342986
4422,0.4342986
4423,0.4342986
4424,0.4342986
4425,0.4342986
4426,0.4342986
4427,0.4342986
4428,0.4342986
4429,0.4342986
4430,0.4342986
4431,0.4342986
4432,0.4342986
4433,0.4342986
4434,0.4342986
4435,0.4342986
4436,0.4342986
4437,0.4342986
4438,0.4342986
4439,0.4342986
4440,0.4342986
4441,0.4342986
4442,0.4342986
4443,0.4342986
4444,0.4342986
4445,0.4342986
4446,0.4342986
4447,0.4342986
4448,0.4342986
4449,0.4342986
4450,0.4342986
4451,0.4342986
4452,0.4342986
4453,0.4342986
4454,0.4342986
4455,0.4342986
4456,0.4342986
4457,0.4342986
4458,0.4342986
4459,0.4342986
4460,0.4342986
4461,0.4342986
4462,0.4342986
4463,0.4342986
4464,0.4342986
4465,0.4342986
4466,0.4342986
4467,0.4342986
4468,0.4342986
4469,0.4342986
4470,0.4342986
4471,0.4342986
4472,0.4342986
4473,0.4342986
4474,0.4342986
4475,0.4342986
4476,0.4342986
4477,0.4342986
4478,0.4342986
4479,0.4342986
4480,0.4342986
4481,0.4342986
4482,0.4342986
4483,0.4342986
4484,0.4342986
4485,0.4342986
4486,0.4342986
4487,0.4342986
4488,0.4342986
4489,0.4342986
4490,0.4342986
4491,0.4342986
4492,0.4342986
4493,0.4342986
4494,0.4342986
4495,0.4342986
4496,0.4342986
4497,0.4342986
4498,0.4342986
4499,0.4342986
4500,0.4342986
4501,0.4342986
4502,0.4342986
4503,0.4342986
4504,0.4342986
4505,0.4342986
4506,0.4342986
4507,0.4342986
4508,0.4342986
4509,0.4342986
4510,0.4342986
4511,0.4342986
4512,0.4342986
4513,0.4342986
4514,0.4342986
4515,0.4342986
4516,0.4342986
4517,0.4342986
4518,0.4342986
4519,0.4342986
4520,0.4342986
4521,0.4342986
4522,0.4342986
4523,0.4342986
4524,0.4342986
4525,0.4342986
4526,0.4342986
4527,0.4342986
4528,0.4342986
4529,0.4342986
4530,0.4342986
4531,0.4342986
4532,0.4342986
4533,0.4342986
4534,0.4342986
4535,0.4342986
4536,0.4342986
4537,0.4342986
4538,0.4342986
4539,0.4342986
4540,0.4342986
4541,0.4342986
4542,0.4342986
4543,0.4342986
4544,0.4342986
4545,0.4342986
4546,0.4342986
4547,0.4342986
4548,0.4342986
4549,0.4342986
4550,0.4342986
4551,0.4342986
4552,0.4342986
4553,0.4342986
4554,0.4342986
4555,0.4342986
4556,0.4342986
4557,0.4342986
4558,0.4342986
4559,0.4342986
4560,0.4342986
4561,0.4342986
4562,0.4342986
4563,0.4342986
4564,0.4342986
4565,0.4342986
4566,0.4342986
4567,0.4342986
4568,0.4342986
4569,0.4342986
4570,0.4342986
4571,0.4342986
4572,0.4342986
4573,0.4342986
4574,0.4342986
4575,0.4342986
4576,0.4342986
4577,0.4342986
4578,0.4342986
4579,0.4342986
4580,0.4342986
4581,0.4342986
4582,0.4342986
4583,0.4342986
4584,0.4342986
4585,0.4342986
4586,0.4342986
4587,0.4342986
4588,0.4342986
4589,0.4342986
4590,0.4342986
4591,0.4342986
4592,0.4342986
4593,0.4342986
4594,0.4342986
4595,0.4342986
4596,0.4342986
4597,0.4342986
4598,0.4342986
4599,0.4342986
4600,0.4342986
4601,0.4342986
4602,0.4342986
4603,0.4342986
4604,0.4342986
4605,0.4342986
4606,0.4342986
4607,0.4342986
4608,0.4342986
4609,0.4342986
4610,0.4342986
4611,0.4342986
4612,0.4342986
4613,0.4342986
4614,0.4342986
4615,0.4342986
4616,0.4342986
4617,0.4342986
4618,0.4342986
4619,0.4342986
4620,0.4342986
4621,0.4342986
4622,0.4342986
4623,0.4342986
4624,0.4342986
4625,0.4342986
4626,0.4342986
4627,0.4342986
4628,0.4342986
4629,0.4342986
4630,0.4342986
4631,0.4342986
4632,0.4342986
4633,0.4342986
4634,0.4342986
4635,0.4342986
4636,0.4342986
4637,0.4342986
4638,0.4342986
4639,0.4342986
4640,0.4342986
4641,0.4342986
4642,0.4342986
4643,0.4342986
4644,0.4342986
4645,0.4342986
4646,0.4342986
4647,0.4342986
4648,0.4342986
4649,0.4342986
4650,0.4342986
4651,0.4342986
4652,0.4342986
4653,0.4342986
4654,0.4342986
4655,0.4342986
4656,0.4342986
4657,0.4342986
4658,0.4342986
4659,0.4342986
4660,0.4342986
4661,0.4342986
4662,0.4342986
4663,0.4342986
4664,0.4342986
4665,0.4342986
4666,0.4342986
4667,0.4342986
4668,0.4342986
4669,0.4342986
4670,0.4342986
4671,0.4342986
4672,0.4342986
4673,0.4342986
4674,0.4342986
4675,0.4342986
4676,0.4342986
4677,0.4342986
4678,0.4342986
4679,0.4342986
4680,0.4342986
4681,0.4342986
4682,0.4342986
4683,0.4342986
4684,0.4342986
4685,0.4342986
4686,0.4342986
4687,0.4342986
4688,0.4342986
4689,0.4342986
4690,0.4342986
4691,0.4342986
4692,0.4342986
4693,0.4342986
4694,0.4342986
4695,0.4342986
4696,0.4342986
4697,0.4342986
4698,0.4342986
4699,0.4342986
4700,0.4342986
4701,0.4342986
4702,0.4342986
4703,0.4342986
4704,0.4342986
4705,0.4342986
4706,0.4342986
4707,0.4342986
4708,0.4342986
4709,0.4342986
4710,0.4342986
4711,0.4342986
4712,0.4342986
4713,0.4342986
4714,0.4342986
4715,0.4342986
4716,0.4342986
4717,0.4342986
4718,0.4342986
4719,0.4342986
4720,0.4342986
4721,0.4342986
4722,0.4342986
4723,0.4342986
4724,0.4342986
4725,0.4342986
4726,0.4342986
4727,0.4342986
4728,0.4342986
4729,0.4342986
4730,0.4342986
4731,0.4342986
4732,0.4342986
4733,0.4342986
4734,0.4342986
4735,0.4342986
4736,0.4342986
4737,0.4342986
4738,0.4342986
4739,0.4342986
4740,0.4342986
4741,0.4342986
4742,0.4342986
4743,0.4342986
4744,0.4342986
4745,0.4342986
4746,0.4342986
4747,0.4342986
4748,0.4342986
4749,0.4342986
4750,0.4342986
4751,0.4342986
4752,0.4342986
4753,0.4342986
4754,0.4342986
4755,0.4342986
4756,0.4342986
4757,0.4342986
4758,0.4342986
4759,0.4342986
4760,0.4342986
4761,0.4342986
4762,0.4342986
4763,0.4342986
4764,0.4342986
4765,0.4342986
4766,0.4342986
4767,0.4342986
4768,0.4342986
4769,0.4342986
4770,0.4342986
4771,0.4342986
4772,0.4342986
4773,0.4342986
4774,0.4342986
4775,0.4342986
4776,0.4342986
4777,0.4342986
4778,0.4342986
4779,0.4342986
4780,0.4342986
4781,0.4342986
4782,0.4342986
4783,0.4342986
4784,0.4342986
4785,0.4342986
4786,0.4342986
4787,0.4342986
4788,0.4342986
4789,0.4342986
4790,0.4342986
4791,0.4342986
4792,0.4342986
4793,0.4342986
4794,0.4342986
4795,0.4342986
4796,0.4342986
4797,0.4342986
4798,0.4342986
4799,0.4342986
4800,0.4342986
4801,0.4342986
4802,0.4342986
4803,0.4342986
4804,0.4342986
4805,0.4342986
4806,0.4342986
4807,0.4342986
4808,0.4342986
4809,0.4342986
4810,0.4342986
4811,0.4342986
4812,0.4342986
4813,0.4342986
4814,0.4342986
4815,0.4342986
4816,0.4342986
4817,0.4342986
4818,0.4342986
4819,0.4342986
4820,0.4342986
4821,0.4342986
4822,0.4342986
4823,0.4342986
4824,0.4342986
4825,0.4342986
4826,0.4342986
4827,0.4342986
4828,0.4342986
4829,0.4342986
4830,0.4342986
4831,0.4342986
4832,0.4342986
4833,0.4342986
4834,0.4342986
4835,0.4342986
4836,0.4342986
4837,0.4342986
4838,0.4342986
4839,0.4342986
4840,0.4342986
4841,0.4342986
4842,0.4342986
4843,0.4342986
4844,0.4342986
4845,0.4342986
4846,0.4342986
4847,0.4342986
4848,0.4342986
4849,0.4342986
4850,0.4342986
4851,0.4342986
4852,0.4342986
4853,0.4342986
4854,0.4342986
4855,0.4342986
4856,0.4342986
4857,0.4342986
4858,0.4342986
4859,0.4342986
4860,0.4342986
4861,0.4342986
4862,0.4342986
4863,0.4342986
4864,0.4342986
4865,0.4342986
4866,0.4342986
4867,0.4342986
4868,0.4342986
4869,0.4342986
4870,0.4342986
4871,0.4342986
4872,0.4342986
4873,0.4342986
4874,0.4342986
4875,0.4342986
4876,0.4342986
4877,0.4342986
4878,0.4342986
4879,0.4342986
4880,0.4342986
4881,0.4342986
4882,0.4342986
4883,0.4342986
4884,0.4342986
4885,0.4342986
4886,0.4342986
4887,0.4342986
4888,0.4342986
4889,0.4342986
4890,0.4342986
4891,0.4342986
4892,0.4342986
4893,0.4342986
4894,0.4342986
4895,0.4342986
4896,0.4342986
4897,0.4342986
4898,0.4342986
4899,0.4342986
4900,0.4342986
4901,0.4342986
4902,0.4342986
4903,0.4342986
4904,0.4342986
4905,0.4342986
4906,0.4342986
4907,0.4342986
4908,0.4342986
4909,0.4342986
4910,0.4342986
4911,0.4342986
4912,0.4342986
4913,0.4342986
4914,0.4342986
4915,0.4342986
4916,0.4342986
4917,0.4342986
4918,0.4342986
4919,0.4342986
4920,0.4342986
4921,0.4342986
4922,0.4342986
4923,0.4342986
4924,0.4342986
4925,0.4342986
4926,0.4342986
4927,0.4342986
4928,0.4342986
4929,0.4342986
4930,0.4342986
4931,0.4342986
4932,0.4342986
4933,0.4342986
4934,0.4342986
4935,0.4342986
4936,0.4342986
4937,0.4342986
4938,0.4342986
4939,0.4342986
4940,0.4342986
4941,0.4342986
4942,0.4342986
4943,0.4342986
4944,0.4342986
4945,0.4342986
4946,0.4342986
4947,0.4342986
4948,0.4342986
4949,0.4342986
4950,0.4342986
4951,0.4342986
4952,0.4342986
4953,0.4342986
4954,0.4342986
4955,0.4342986
4956,0.4342986
4957,0.4342986
4958,0.4342986
4959,0.4342986
4960,0.4342986
4961,0.4342986
4962,0.4342986
4963,0.4342986
4964,0.4342986
4965,0.4342986
4966,0.4342986
4967,0.4342986
4968,0.4342986
4969,0.4342986
4970,0.4342986
4971,0.4342986
4972,0.4342986
4973,0.4342986
4974,0.4342986
4975,0.4342986
4976,0.4342986
4977,0.4342986
4978,0.4342986
4979,0.4342986
4980,0.4342986
4981,0.4342986
4982,0.4342986
4983,0.4342986
4984,0.4342986
4985,0.4342986
4986,0.4342986
4987,0.4342986
4988,0.4342986
4989,0.4342986
4990,0.4342986
4991,0.4342986
4992,0.4342986
4993,0.4342986
4994,0.4342986
4995,0.4342986
4996,0.4342986
4997,0.4342986
4998,0.4342986
4999,0.4342986
5000,0.4342986
5001,0.4342986
5002,0.4342986
5003,0.4342986
5004,0.4342986
5005,0.4342986
5006,0.4342986
5007,0.4342986
5008,0.4342986
5009,0.4342986
5010,0.4342986
5011,0.4342986
5012,0.4342986
5013,0.4342986
5014,0.4342986
5015,0.4342986
5016,0.4342986
5017,0.4342986
5018,0.4342986
5019,0.4342986
5020,0.4342986
5021,0.4342986
5022,0.4342986
5023,0.4342986
5024,0.4342986
5025,0.4342986
5026,0.4342986
5027,0.4342986
5028,0.4342986
5029,0.4342986
5030,0.4342986
5031,0.4342986
5032,0.4342986
5033,0.4342986
5034,0.4342986
5035,0.4342986
5036,0.4342986
5037,0.4342986
5038,0.4342986
5039,0.4342986
5040,0.4342986
5041,0.4342986
5042,0.4342986
5043,0.4342986
5044,0.4342986
5045,0.4342986
5046,0.4342986
5047,0.4342986
5048,0.4342986
5049,0.4342986
5050,0.4342986
5051,0.4342986
5052,0.4342986
5053,0.4342986
5054,0.4342986
5055,0.4342986
5056,0.4342986
5057,0.4342986
5058,0.4342986
5059,0.4342986
5060,0.4342986
5061,0.4342986
5062,0.4342986
5063,0.4342986
5064,0.4342986
5065,0.4342986
5066,0.4342986
5067,0.4342986
5068,0.4342986
5069,0.4342986
5070,0.4342986
5071,0.4342986
5072,0.4342986
5073,0.4342986
5074,0.4342986
5075,0.4342986
5076,0.4342986
5077,0.4342986
5078,0.4342986
5079,0.4342986
5080,0.4342986
5081,0.4342986
5082,0.4342986
5083,0.4342986
5084,0.4342986
5085,0.4342986
5086,0.4342986
5087,0.4342986
5088,0.4342986
5089,0.4342986
5090,0.4342986
5091,0.4342986
5092,0.4342986
5093,0.4342986
5094,0.4342986
5095,0.4342986
5096,0.4342986
5097,0.4342986
5098,0.4342986
5099,0.4342986
5100,0.4342986
5101,0.4342986
5102,0.4342986
5103,0.4342986
5104,0.4342986
5105,0.4342986
5106,0.4342986
5107,0.4342986
5108,0.4342986
5109,0.4342986
5110,0.4342986
5111,0.4342986
5112,0.4342986
5113,0.4342986
5114,0.4342986
5115,0.4342986
5116,0.4342986
5117,0.4342986
5118,0.4342986
5119,0.4342986
5120,0.4342986
5121,0.4342986
5122,0.4342986
5123,0.4342986
5124,0.4342986
5125,0.4342986
5126,0.4342986
5127,0.4342986
5128,0.4342986
5129,0.4342986
5130,0.4342986
5131,0.4342986
5132,0.4342986
5133,0.4342986
5134,0.4342986
5135,0.4342986
5136,0.4342986
5137,0.4342986
5138,0.4342986
5139,0.4342986
5140,0.4342986
5141,0.4342986
5142,0.4342986
5143,0.4342986
5144,0.4342986
5145,0.4342986
5146,0.4342986
5147,0.4342986
5148,0.4342986
5149,0.4342986
5150,0.4342986
5151,0.4342986
5152,0.4342986
5153,0.4342986
5154,0.4342986
5155,0.4342986
5156,0.4342986
5157,0.4342986
5158,0.4342986
5159,0.4342986
5160,0.4342986
5161,0.4342986
5162,0.4342986
5163,0.4342986
5164,0.4342986
5165,0.4342986
5166,0.4342986
5167,0.4342986
5168,0.4342986
5169,0.4342986
5170,0.4342986
5171,0.4342986
5172,0.4342986
5173,0.4342986
5174,0.4342986
5175,0.4342986
5176,0.4342986
5177,0.4342986
5178,0.4342986
5179,0.4342986
5180,0.4342986
5181,0.4342986
5182,0.4342986
5183,0.4342986
5184,0.4342986
5185,0.4342986
5186,0.4342986
5187,0.4342986
5188,0.4342986
5189,0.4342986
5190,0.4342986
5191,0.4342986
5192,0.4342986
5193,0.4342986
5194,0.4342986
5195,0.4342986
5196,0.4342986
5197,0.4342986
5198,0.4342986
5199,0.4342986
5200,0.4342986
5201,0.4342986
5202,0.4342986
5203,0.4342986
5204,0.4342986
5205,0.4342986
5206,0.4342986
5207,0.4342986
5208,0.4342986
5209,0.4342986
5210,0.4342986
5211,0.4342986
5212,0.4342986
5213,0.4342986
5214,0.4342986
5215,0.4342986
5216,0.4342986
5217,0.4342986
5218,0.4342986
5219,0.4342986
5220,0.4342986
5221,0.4342986
5222,0.4342986
5223,0.4342986
5224,0.4342986
5225,0.4342986
5226,0.4342986
5227,0.4342986
5228,0.4342986
5229,0.4342986
5230,0.4342986
5231,0.4342986
5232,0.4342986
5233,0.4342986
5234,0.4342986
5235,0.4342986
5236,0.4342986
5237,0.4342986
5238,0.4342986
5239,0.4342986
5240,0.4342986
5241,0.4342986
5242,0.4342986
5243,0.4342986
5244,0.4342986
5245,0.4342986
5246,0.4342986
5247,0.4342986
5248,0.4342986
5249,0.4342986
5250,0.4342986
5251,0.4342986
5252,0.4342986
5253,0.4342986
5254,0.4342986
5255,0.4342986
5256,0.4342986
5257,0.4342986
5258,0.4342986
5259,0.4342986
5260,0.4342986
5261,0.4342986
5262,0.4342986
5263,0.4342986
5264,0.4342986
5265,0.4342986
5266,0.4342986
5267,0.4342986
5268,0.4342986
5269,0.4342986
5270,0.4342986
5271,0.4342986
5272,0.4342986
5273,0.4342986
5274,0.4342986
5275,0.4342986
5276,0.4342986
5277,0.4342986
5278,0.4342986
5279,0.4342986
5280,0.4342986
5281,0.4342986
5282,0.4342986
5283,0.4342986
5284,0.4342986
5285,0.4342986
5286,0.4342986
5287,0.4342986
5288,0.4342986
5289,0.4342986
5290,0.4342986
5291,0.4342986
5292,0.4342986
5293,0.4342986
5294,0.4342986
5295,0.4342986
5296,0.4342986
5297,0.4342986
5298,0.4342986
5299,0.4342986
5300,0.4342986
5301,0.4342986
5302,0.4342986
5303,0.4342986
5304,0.4342986
5305,0.4342986
5306,0.4342986
5307,0.4342986
5308,0.4342986
5309,0.4342986
5310,0.4342986
5311,0.4342986
5312,0.4342986
5313,0.4342986
5314,0.4342986
5315,0.4342986
5316,0.4342986
5317,0.4342986
5318,0.4342986
5319,0.4342986
5320,0.4342986
5321,0.4342986
5322,0.4342986
5323,0.4342986
5324,0.4342986
5325,0.4342986
5326,0.4342986
5327,0.4342986
5328,0.4342986
5329,0.4342986
5330,0.4342986
5331,0.4342986
5332,0.4342986
5333,0.4342986
5334,0.4342986
5335,0.4342986
5336,0.4342986
5337,0.4342986
5338,0.4342986
5339,0.4342986
5340,0.4342986
5341,0.4342986
5342,0.4342986
5343,0.4342986
5344,0.4342986
5345,0.4342986
5346,0.4342986
5347,0.4342986
5348,0.4342986
5349,0.4342986
5350,0.4342986
5351,0.4342986
5352,0.4342986
5353,0.4342986
5354,0.4342986
5355,0.4342986
5356,0.4342986
5357,0.4342986
5358,0.4342986
5359,0.4342986
5360,0.4342986
5361,0.4342986
5362,0.4342986
5363,0.4342986
5364,0.4342986
5365,0.4342986
5366,0.4342986
5367,0.4342986
5368,0.4342986
5369,0.4342986
5370,0.4342986
5371,0.4342986
5372,0.4342986
5373,0.4342986
5374,0.4342986
5375,0.4342986
5376,0.4342986
5377,0.4342986
5378,0.4342986
5379,0.4342986
5380,0.4342986
5381,0.4342986
5382,0.4342986
5383,0.4342986
5384,0.4342986
5385,0.4342986
5386,0.4342986
5387,0.4342986
5388,0.4342986
5389,0.4342986
5390,0.4342986
5391,0.4342986
5392,0.4342986
5393,0.4342986
5394,0.4342986
5395,0.4342986
5396,0.4342986
5397,0.4342986
5398,0.4342986
5399,0.4342986
5400,0.4342986
5401,0.4342986
5402,0.4342986
5403,0.4342986
5404,0.4342986
5405,0.4342986
5406,0.4342986
5407,0.4342986
5408,0.4342986
5409,0.4342986
5410,0.4342986
5411,0.4342986
5412,0.4342986
5413,0.4342986
5414,0.4342986
5415,0.4342986
5416,0.4342986
5417,0.4342986
5418,0.4342986
5419,0.4342986
5420,0.4342986
5421,0.4342986
5422,0.4342986
5423,0.4342986
5424,0.4342986
5425,0.4342986
5426,0.4342986
5427,0.4342986
5428,0.4342986
5429,0.4342986
5430,0.4342986
5431,0.4342986
5432,0.4342986
5433,0.4342986
5434,0.4342986
5435,0.4342986
5436,0.4342986
5437,0.4342986
5438,0.4342986
5439,0.4342986
5440,0.4342986
5441,0.4342986
5442,0.4342986
5443,0.4342986
5444,0.4342986
5445,0.4342986
5446,0.4342986
5447,0.4342986
5448,0.4342986
5449,0.4342986
5450,0.4342986
5451,0.4342986
5452,0.4342986
5453,0.4342986
5454,0.4342986
5455,0.4342986
5456,0.4342986
5457,0.4342986
5458,0.4342986
5459,0.4342986
5460,0.4342986
5461,0.4342986
5462,0.4342986
5463,0.4342986
5464,0.4342986
5465,0.4342986
5466,0.4342986
5467,0.4342986
5468,0.4342986
5469,0.4342986
5470,0.4342986
5471,0.4342986
5472,0.4342986
5473,0.4342986
5474,0.4342986
5475,0.4342986
5476,0.4342986
5477,0.4342986
5478,0.4342986
5479,0.4342986
5480,0.4342986
5481,0.4342986
5482,0.4342986
5483,0.4342986
5484,0.4342986
5485,0.4342986
5486,0.4342986
5487,0.4342986
5488,0.4342986
5489,0.4342986
5490,0.4342986
5491,0.4342986
5492,0.4342986
5493,0.4342986
5494,0.4342986
5495,0.4342986
5496,0.4342986
5497,0.4342986
5498,0.4342986
5499,0.4342986
5500,0.4342986
5501,0.4342986
5502,0.4342986
5503,0.4342986
5504,0.4342986
5505,0.4342986
5506,0.4342986
5507,0.4342986
5508,0.4342986
5509,0.4342986
5510,0.4342986
5511,0.4342986
5512,0.4342986
5513,0.4342986
5514,0.4342986
5515,0.4342986
5516,0.4342986
5517,0.4342986
5518,0.4342986
5519,0.4342986
5520,0.4342986
5521,0.4342986
5522,0.4342986
5523,0.4342986
5524,0.4342986
5525,0.4342986
5526,0.4342986
5527,0.4342986
5528,0.4342986
5529,0.4342986
5530,0.4342986
5531,0.4342986
5532,0.4342986
5533,0.4342986
5534,0.4342986
5535,0.4342986
5536,0.4342986
5537,0.4342986
5538,0.4342986
5539,0.4342986
5540,0.4342986
5541,0.4342986
5542,0.4342986
5543,0.4342986
5544,0.4342986
5545,0.4342986
5546,0.4342986
5547,0.4342986
5548,0.4342986
5549,0.4342986
5550,0.4342986
5551,0.4342986
5552,0.4342986
5553,0.4342986
5554,0.4342986
5555,0.4342986
5556,0.4342986
5557,0.4342986
5558,0.4342986
5559,0.4342986
5560,0.4342986
5561,0.4342986
5562,0.4342986
5563,0.4342986
5564,0.4342986
5565,0.4342986
5566,0.4342986
5567,0.4342986
5568,0.4342986
5569,0.4342986
5570,0.4342986
5571,0.4342986
5572,0.4342986
5573,0.4342986
5574,0.4342986
5575,0.4342986
5576,0.4342986
5577,0.4342986
5578,0.4342986
5579,0.4342986
5580,0.4342986
5581,0.4342986
5582,0.4342986
5583,0.4342986
5584,0.4342986
5585,0.4342986
5586,0.4342986
5587,0.4342986
5588,0.4342986
5589,0.4342986
5590,0.4342986
5591,0.4342986
5592,0.4342986
5593,0.4342986
5594,0.4342986
5595,0.4342986
5596,0.4342986
5597,0.4342986
5598,0.4342986
5599,0.4342986
5600,0.4342986
5601,0.4342986
5602,0.4342986
5603,0.4342986
5604,0.4342986
5605,0.4342986
5606,0.4342986
5607,0.4342986
5608,0.4342986
5609,0.4342986
5610,0.4342986
5611,0.4342986
5612,0.4342986
5613,0.4342986
5614,0.4342986
5615,0.4342986
5616,0.4342986
5617,0.4342986
5618,0.4342986
5619,0.4342986
5620,0.4342986
5621,0.4342986
5622,0.4342986
5623,0.4342986
5624,0.4342986
5625,0.4342986
5626,0.4342986
5627,0.4342986
5628,0.4342986
5629,0.4342986
5630,0.4342986
5631,0.4342986
5632,0.4342986
5633,0.4342986
5634,0.4342986
5635,0.4342986
5636,0.4342986
5637,0.4342986
5638,0.4342986
5639,0.4342986
5640,0.4342986
5641,0.4342986
5642,0.4342986
5643,0.4342986
5644,0.4342986
5645,0.4342986
5646,0.4342986
5647,0.4342986
5648,0.4342986
5649,0.4342986
5650,0.4342986
5651,0.4342986
5652,0.4342986
5653,0.4342986
5654,0.4342986
5655,0.4342986
5656,0.4342986
5657,0.4342986
5658,0.4342986
5659,0.4342986
5660,0.4342986
5661,0.4342986
5662,0.4342986
5663,0.4342986
5664,0.4342986
5665,0.4342986
5666,0.4342986
5667,0.4342986
5668,0.4342986
5669,0.4342986
5670,0.4342986
5671,0.4342986
5672,0.4342986
5673,0.4342986
5674,0.4342986
5675,0.4342986
5676,0.4342986
5677,0.4342986
5678,0.4342986
5679,0.4342986
5680,0.4342986
5681,0.4342986
5682,0.4342986
5683,0.4342986
5684,0.4342986
5685,0.4342986
5686,0.4342986
5687,0.4342986
5688,0.4342986
5689,0.4342986
5690,0.4342986
5691,0.4342986
5692,0.4342986
5693,0.4342986
5694,0.4342986
5695,0.4342986
5696,0.4342986
5697,0.4342986
5698,0.4342986
5699,0.4342986
5700,0.4342986
5701,0.4342986
5702,0.4342986
5703,0.4342986
5704,0.4342986
5705,0.4342986
5706,0.4342986
5707,0.4342986
5708,0.4342986
5709,0.4342986
5710,0.4342986
5711,0.4342986
5712,0.4342986
5713,0.4342986
5714,0.4342986
5715,0.4342986
5716,0.4342986
5717,0.4342986
5718,0.4342986
5719,0.4342986
5720,0.4342986
5721,0.4342986
5722,0.4342986
5723,0.4342986
5724,0.4342986
5725,0.4342986
5726,0.4342986
5727,0.4342986
5728,0.4342986
5729,0.4342986
5730,0.4342986
5731,0.4342986
5732,0.4342986
5733,0.4342986
5734,0.4342986
5735,0.4342986
5736,0.4342986
5737,0.4342986
5738,0.4342986
5739,0.4342986
5740,0.4342986
5741,0.4342986
5742,0.4342986
5743,0.4342986
5744,0.4342986
5745,0.4342986
5746,0.4342986
5747,0.4342986
5748,0.4342986
5749,0.4342986
5750,0.4342986
5751,0.4342986
5752,0.4342986
5753,0.4342986
5754,0.4342986
5755,0.4342986
5756,0.4342986
5757,0.4342986
5758,0.4342986
5759,0.4342986
5760,0.4342986
5761,0.4342986
5762,0.4342986
5763,0.4342986
5764,0.4342986
5765,0.4342986
5766,0.4342986
5767,0.4342986
5768,0.4342986
5769,0.4342986
5770,0.4342986
5771,0.4342986
5772,0.4342986
5773,0.4342986
5774,0.4342986
5775,0.4342986
5776,0.4342986
5777,0.4342986
5778,0.4342986
5779,0.4342986
5780,0.4342986
5781,0.4342986
5782,0.4342986
5783,0.4342986
5784,0.4342986
5785,0.4342986
5786,0.4342986
5787,0.4342986
5788,0.4342986
5789,0.4342986
5790,0.4342986
5791,0.4342986
5792,0.4342986
5793,0.4342986
5794,0.4342986
5795,0.4342986
5796,0.4342986
5797,0.4342986
5798,0.4342986
5799,0.4342986
5800,0.4342986
5801,0.4342986
5802,0.4342986
5803,0.4342986
5804,0.4342986
5805,0.4342986
5806,0.4342986
5807,0.4342986
5808,0.4342986
5809,0.4342986
5810,0.4342986
5811,0.4342986
5812,0.4342986
5813,0.4342986
5814,0.4342986
5815,0.4342986
5816,0.4342986
5817,0.4342986
5818,0.4342986
5819,0.4342986
5820,0.4342986
5821,0.4342986
5822,0.4342986
5823,0.4342986
5824,0.4342986
5825,0.4342986
5826,0.4342986
5827,0.4342986
5828,0.4342986
5829,0.4342986
5830,0.4342986
5831,0.4342986
5832,0.4342986
5833,0.4342986
5834,0.4342986
5835,0.4342986
5836,0.4342986
5837,0.4342986
5838,0.4342986
5839,0.4342986
5840,0.4342986
5841,0.4342986
5842,0.4342986
5843,0.4342986
5844,0.4342986
5845,0.4342986
5846,0.4342986
5847,0.4342986
5848,0.4342986
5849,0.4342986
5850,0.4342986
5851,0.4342986
5852,0.4342986
5853,0.4342986
5854,0.4342986
5855,0.4342986
5856,0.4342986
5857,0.4342986
5858,0.4342986
5859,0.4342986
5860,0.4342986
5861,0.4342986
5862,0.4342986
5863,0.4342986
5864,0.4342986
5865,0.4342986
5866,0.4342986
5867,0.4342986
5868,0.4342986
5869,0.4342986
5870,0.4342986
5871,0.4342986
5872,0.4342986
5873,0.4342986
5874,0.4342986
5875,0.4342986
5876,0.4342986
5877,0.4342986
5878,0.4342986
5879,0.4342986
5880,0.4342986
5881,0.4342986
5882,0.4342986
5883,0.4342986
5884,0.4342986
5885,0.4342986
5886,0.4342986
5887,0.4342986
5888,0.4342986
5889,0.4342986
5890,0.4342986
5891,0.4342986
5892,0.4342986
5893,0.4342986
5894,0.4342986
5895,0.4342986
5896,0.4342986
5897,0.4342986
5898,0.4342986
5899,0.4342986
5900,0.4342986
5901,0.4342986
5902,0.4342986
5903,0.4342986
5904,0.4342986
5905,0.4342986
5906,0.4342986
5907,0.4342986
5908,0.4342986
5909,0.4342986
5910,0.4342986
5911,0.4342986
5912,0.4342986
5913,0.4342986
5914,0.4342986
5915,0.4342986
5916,0.4342986
5917,0.4342986
5918,0.4342986
5919,0.4342986
5920,0.4342986
5921,0.4342986
5922,0.4342986
5923,0.4342986
5924,0.4342986
5925,0.4342986
5926,0.4342986
5927,0.4342986
5928,0.4342986
5929,0.4342986
5930,0.4342986
5931,0.4342986
5932,0.4342986
5933,0.4342986
5934,0.4342986
5935,0.4342986
5936,0.4342986
5937,0.4342986
5938,0.4342986
5939,0.4342986
5940,0.4342986
5941,0.4342986
5942,0.4342986
5943,0.4342986
5944,0.4342986
5945,0.4342986
5946,0.4342986
5947,0.4342986
5948,0.4342986
5949,0.4342986
5950,0.4342986
5951,0.4342986
5952,0.4342986
5953,0.4342986
5954,0.4342986
5955,0.4342986
5956,0.4342986
5957,0.4342986
5958,0.4342986
5959,0.4342986
5960,0.4342986
5961,0.4342986
5962,0.4342986
5963,0.4342986
5964,0.4342986
5965,0.4342986
5966,0.4342986
5967,0.4342986
5968,0.4342986
5969,0.4342986
5970,0.4342986
5971,0.4342986
5972,0.4342986
5973,0.4342986
5974,0.4342986
5975,0.4342986
5976,0.4342986
5977,0.4342986
5978,0.4342986
5979,0.4342986
5980,0.4342986
5981,0.4342986
5982,0.4342986
5983,0.4342986
5984,0.4342986
5985,0.4342986
5986,0.4342986
5987,0.4342986
5988,0.4342986
5989,0.4342986
5990,0.4342986
5991,0.4342986
5992,0.4342986
5993,0.4342986
5994,0.4342986
5995,0.4342986
5996,0.4342986
5997,0.4342986
5998,0.4342986
5999,0.4342986
6000,0.4342986
6001,0.4342986
6002,0.4342986
6003,0.4342986
6004,0.4342986
6005,0.4342986
6006,0.4342986
6007,0.4342986
6008,0.4342986
6009,0.4342986
6010,0.4342986
6011,0.4342986
6012,0.4342986
6013,0.4342986
6014,0.4342986
6015,0.4342986
6016,0.4342986
6017,0.4342986
6018,0.4342986
6019,0.4342986
6020,0.4342986
6021,0.4342986
6022,0.4342986
6023,0.4342986
6024,0.4342986
6025,0.4342986
6026,0.4342986
6027,0.4342986
6028,0.4342986
6029,0.4342986
6030,0.4342986
6031,0.4342986
6032,0.4342986
6033,0.4342986
6034,0.4342986
6035,0.4342986
6036,0.4342986
6037,0.4342986
6038,0.4342986
6039,0.4342986
6040,0.4342986
6041,0.4342986
6042,0.4342986
6043,0.4342986
6044,0.4342986
6045,0.4342986
6046,0.4342986
6047,0.4342986
6048,0.4342986
6049,0.4342986
6050,0.4342986
6051,0.4342986
6052,0.4342986
6053,0.4342986
6054,0.4342986
6055,0.4342986
6056,0.4342986
6057,0.4342986
6058,0.4342986
6059,0.4342986
6060,0.4342986
6061,0.4342986
6062,0.4342986
6063,0.4342986
6064,0.4342986
6065,0.4342986
6066,0.4342986
6067,0.4342986
6068,0.4342986
6069,0.4342986
6070,0.4342986
6071,0.4342986
6072,0.4342986
6073,0.4342986
6074,0.4342986
6075,0.4342986
6076,0.4342986
6077,0.4342986
6078,0.4342986
6079,0.4342986
6080,0.4342986
6081,0.4342986
6082,0.4342986
6083,0.4342986
6084,0.4342986
6085,0.4342986
6086,0.4342986
6087,0.4342986
6088,0.4342986
6089,0.4342986
6090,0.4342986
6091,0.4342986
6092,0.4342986
6093,0.4342986
6094,0.4342986
6095,0.4342986
6096,0.4342986
6097,0.4342986
6098,0.4342986
6099,0.4342986
6100,0.4342986
6101,0.4342986
6102,0.4342986
6103,0.4342986
6104,0.4342986
6105,0.4342986
6106,0.4342986
6107,0.4342986
6108,0.4342986
6109,0.4342986
6110,0.4342986
6111,0.4342986
6112,0.4342986
6113,0.4342986
6114,0.4342986
6115,0.4342986
6116,0.4342986
6117,0.4342986
6118,0.4342986
6119,0.4342986
6120,0.4342986
6121,0.4342986
6122,0.4342986
6123,0.4342986
6124,0.4342986
6125,0.4342986
6126,0.4342986
6127,0.4342986
6128,0.4342986
6129,0.4342986
6130,0.4342986
6131,0.4342986
6132,0.4342986
6133,0.4342986
6134,0.4342986
6135,0.4342986
6136,0.4342986
6137,0.4342986
6138,0.4342986
6139,0.4342986
6140,0.4342986
6141,0.4342986
6142,0.4342986
6143,0.4342986
6144,0.4342986
6145,0.4342986
6146,0.4342986
6147,0.4342986
6148,0.4342986
6149,0.4342986
6150,0.4342986
6151,0.4342986
6152,0.4342986
6153,0.4342986
6154,0.4342986
6155,0.4342986
6156,0.4342986
6157,0.4342986
6158,0.4342986
6159,0.4342986
6160,0.4342986
6161,0.4342986
6162,0.4342986
6163,0.4342986
6164,0.4342986
6165,0.4342986
6166,0.4342986
6167,0.4342986
6168,0.4342986
6169,0.4342986
6170,0.4342986
6171,0.4342986
6172,0.4342986
6173,0.4342986
6174,0.4342986
6175,0.4342986
6176,0.4342986
6177,0.4342986
6178,0.4342986
6179,0.4342986
6180,0.4342986
6181,0.4342986
6182,0.4342986
6183,0.4342986
6184,0.4342986
6185,0.4342986
6186,0.4342986
6187,0.4342986
6188,0.4342986
6189,0.4342986
6190,0.4342986
6191,0.4342986
6192,0.4342986
6193,0.4342986
6194,0.4342986
6195,0.4342986
6196,0.4342986
6197,0.4342986
6198,0.4342986
6199,0.4342986
6200,0.4342986
6201,0.4342986
6202,0.4342986
6203,0.4342986
6204,0.4342986
6205,0.4342986
6206,0.4342986
6207,0.4342986
6208,0.4342986
6209,0.4342986
6210,0.4342986
6211,0.4342986
6212,0.4342986
6213,0.4342986
6214,0.4342986
6215,0.4342986
6216,0.4342986
6217,0.4342986
6218,0.4342986
6219,0.4342986
6220,0.4342986
6221,0.4342986
6222,0.4342986
6223,0.4342986
6224,0.4342986
6225,0.4342986
6226,0.4342986
6227,0.4342986
6228,0.4342986
6229,0.4342986
6230,0.4342986
6231,0.4342986
6232,0.4342986
6233,0.4342986
6234,0.4342986
6235,0.4342986
6236,0.4342986
6237,0.4342986
6238,0.4342986
6239,0.4342986
6240,0.4342986
6241,0.4342986
6242,0.4342986
6243,0.4342986
6244,0.4342986
6245,0.4342986
6246,0.4342986
6247,0.4342986
6248,0.4342986
6249,0.4342986
6250,0.4342986
6251,0.4342986
6252,0.4342986
6253,0.4342986
6254,0.4342986
6255,0.4342986
6256,0.4342986
6257,0.4342986
6258,0.4342986
6259,0.4342986
6260,0.4342986
6261,0.4342986
6262,0.4342986
6263,0.4342986
6264,0.4342986
6265,0.4342986
6266,0.4342986
6267,0.4342986
6268,0.4342986
6269,0.4342986
6270,0.4342986
6271,0.4342986
6272,0.4342986
6273,0.4342986
6274,0.4342986
6275,0.4342986
6276,0.4342986
6277,0.4342986
6278,0.4342986
6279,0.4342986
6280,0.4342986
6281,0.4342986
6282,0.4342986
6283,0.4342986
6284,0.4342986
6285,0.4342986
6286,0.4342986
6287,0.4342986
6288,0.4342986
6289,0.4342986
6290,0.4342986
6291,0.4342986
6292,0.4342986
6293,0.4342986
6294,0.4342986
6295,0.4342986
6296,0.4342986
6297,0.4342986
6298,0.4342986
6299,0.4342986
6300,0.4342986
6301,0.4342986
6302,0.4342986
6303,0.4342986
6304,0.4342986
6305,0.4342986
6306,0.4342986
6307,0.4342986
6308,0.4342986
6309,0.4342986
6310,0.4342986
6311,0.4342986
6312,0.4342986
6313,0.4342986
6314,0.4342986
6315,0.4342986
6316,0.4342986
6317,0.4342986
6318,0.4342986
6319,0.4342986
6320,0.4342986
6321,0.4342986
6322,0.4342986
6323,0.4342986
6324,0.4342986
6325,0.4342986
6326,0.4342986
6327,0.4342986
6328,0.4342986
6329,0.4342986
6330,0.4342986
6331,0.4342986
6332,0.4342986
6333,0.4342986
6334,0.4342986
6335,0.4342986
6336,0.4342986
6337,0.4342986
6338,0.4342986
6339,0.4342986
6340,0.4342986
6341,0.4342986
6342,0.4342986
6343,0.4342986
6344,0.4342986
6345,0.4342986
6346,0.4342986
6347,0.4342986
6348,0.4342986
6349,0.4342986
6350,0.4342986
6351,0.4342986
6352,0.4342986
6353,0.4342986
6354,0.4342986
6355,0.4342986
6356,0.4342986
6357,0.4342986
6358,0.4342986
6359,0.4342986
6360,0.4342986
6361,0.4342986
6362,0.4342986
6363,0.4342986
6364,0.4342986
6365,0.4342986
6366,0.4342986
6367,0.4342986
6368,0.4342986
6369,0.4342986
6370,0.4342986
6371,0.4342986
6372,0.4342986
6373,0.4342986
6374,0.4342986
6375,0.4342986
6376,0.4342986
6377,0.4342986
6378,0.4342986
6379,0.4342986
6380,0.4342986
6381,0.4342986
6382,0.4342986
6383,0.4342986
6384,0.4342986
6385,0.4342986
6386,0.4342986
6387,0.4342986
6388,0.4342986
6389,0.4342986
6390,0.4342986
6391,0.4342986
6392,0.4342986
6393,0.4342986
6394,0.4342986
6395,0.4342986
6396,0.4342986
6397,0.4342986
6398,0.4342986
6399,0.4342986
6400,0.4342986
6401,0.4342986
6402,0.4342986
6403,0.4342986
6404,0.4342986
6405,0.4342986
6406,0.4342986
6407,0.4342986
6408,0.4342986
6409,0.4342986
6410,0.4342986
6411,0.4342986
6412,0.4342986
6413,0.4342986
6414,0.4342986
6415,0.4342986
6416,0.4342986
6417,0.4342986
6418,0.4342986
6419,0.4342986
6420,0.4342986
6421,0.4342986
6422,0.4342986
6423,0.4342986
6424,0.4342986
6425,0.4342986
6426,0.4342986
6427,0.4342986
6428,0.4342986
6429,0.4342986
6430,0.4342986
6431,0.4342986
6432,0.4342986
6433,0.4342986
6434,0.4342986
6435,0.4342986
6436,0.4342986
6437,0.4342986
6438,0.4342986
6439,0.4342986
6440,0.4342986
6441,0.4342986
6442,0.4342986
6443,0.4342986
6444,0.4342986
6445,0.4342986
6446,0.4342986
6447,0.4342986
6448,0.4342986
6449,0.4342986
6450,0.4342986
6451,0.4342986
6452,0.4342986
6453,0.4342986
6454,0.4342986
6455,0.4342986
6456,0.4342986
6457,0.4342986
6458,0.4342986
6459,0.4342986
6460,0.4342986
6461,0.4342986
6462,0.4342986
6463,0.4342986
6464,0.4342986
6465,0.4342986
6466,0.4342986
6467,0.4342986
6468,0.4342986
6469,0.4342986
6470,0.4342986
6471,0.4342986
6472,0.4342986
6473,0.4342986
6474,0.4342986
6475,0.4342986
6476,0.4342986
6477,0.4342986
6478,0.4342986
6479,0.4342986
6480,0.4342986
6481,0.4342986
6482,0.4342986
6483,0.4342986
6484,0.4342986
6485,0.4342986
6486,0.4342986
6487,0.4342986
6488,0.4342986
6489,0.4342986
6490,0.4342986
6491,0.4342986
6492,0.4342986
6493,0.4342986
6494,0.4342986
6495,0.4342986
6496,0.4342986
6497,0.4342986
6498,0.4342986
6499,0.4342986
6500,0.4342986
6501,0.4342986
6502,0.4342986
6503,0.4342986
6504,0.4342986
6505,0.4342986
6506,0.4342986
6507,0.4342986
6508,0.4342986
6509,0.4342986
6510,0.4342986
6511,0.4342986
6512,0.4342986
6513,0.4342986
6514,0.4342986
6515,0.4342986
6516,0.4342986
6517,0.4342986
6518,0.4342986
6519,0.4342986
6520,0.4342986
6521,0.4342986
6522,0.4342986
6523,0.4342986
6524,0.4342986
6525,0.4342986
6526,0.4342986
6527,0.4342986
6528,0.4342986
6529,0.4342986
6530,0.4342986
6531,0.4342986
6532,0.4342986
6533,0.4342986
6534,0.4342986
6535,0.4342986
6536,0.4342986
6537,0.4342986
6538,0.4342986
6539,0.4342986
6540,0.4342986
6541,0.4342986
6542,0.4342986
6543,0.4342986
6544,0.4342986
6545,0.4342986
6546,0.4342986
6547,0.4342986
6548,0.4342986
6549,0.4342986
6550,0.4342986
6551,0.4342986
6552,0.4342986
6553,0.4342986
6554,0.4342986
6555,0.4342986
6556,0.4342986
6557,0.4342986
6558,0.4342986
6559,0.4342986
6560,0.4342986
6561,0.4342986
6562,0.4342986
6563,0.4342986
6564,0.4342986
6565,0.4342986
6566,0.4342986
6567,0.4342986
6568,0.4342986
6569,0.4342986
6570,0.4342986
6571,0.4342986
6572,0.4342986
6573,0.4342986
6574,0.4342986
6575,0.4342986
6576,0.4342986
6577,0.4342986
6578,0.4342986
6579,0.4342986
6580,0.4342986
6581,0.4342986
6582,0.4342986
6583,0.4342986
6584,0.4342986
6585,0.4342986
6586,0.4342986
6587,0.4342986
6588,0.4342986
6589,0.4342986
6590,0.4342986
6591,0.4342986
6592,0.4342986
6593,0.4342986
6594,0.4342986
6595,0.4342986
6596,0.4342986
6597,0.4342986
6598,0.4342986
6599,0.4342986
6600,0.4342986
6601,0.4342986
6602,0.4342986
6603,0.4342986
6604,0.4342986
6605,0.4342986
6606,0.4342986
6607,0.4342986
6608,0.4342986
6609,0.4342986
6610,0.4342986
6611,0.4342986
6612,0.4342986
6613,0.4342986
6614,0.4342986
6615,0.4342986
6616,0.4342986
6617,0.4342986
6618,0.4342986
6619,0.4342986
6620,0.4342986
6621,0.4342986
6622,0.4342986
6623,0.4342986
6624,0.4342986
6625,0.4342986
6626,0.4342986
6627,0.4342986
6628,0.4342986
6629,0.4342986
6630,0.4342986
6631,0.4342986
6632,0.4342986
6633,0.4342986
6634,0.4342986
6635,0.4342986
6636,0.4342986
6637,0.4342986
6638,0.4342986
6639,0.4342986
6640,0.4342986
6641,0.4342986
6642,0.4342986
6643,0.4342986
6644,0.4342986
6645,0.4342986
6646,0.4342986
6647,0.4342986
6648,0.4342986
6649,0.4342986
6650,0.4342986
6651,0.4342986
6652,0.4342986
6653,0.4342986
6654,0.4342986
6655,0.4342986
6656,0.4342986
6657,0.4342986
6658,0.4342986
6659,0.4342986
6660,0.4342986
6661,0.4342986
6662,0.4342986
6663,0.4342986
6664,0.4342986
6665,0.4342986
6666,0.4342986
6667,0.4342986
6668,0.4342986
6669,0.4342986
6670,0.4342986
6671,0.4342986
6672,0.4342986
6673,0.4342986
6674,0.4342986
6675,0.4342986
6676,0.4342986
6677,0.4342986
6678,0.4342986
6679,0.4342986
6680,0.4342986
6681,0.4342986
6682,0.4342986
6683,0.4342986
6684,0.4342986
6685,0.4342986
6686,0.4342986
6687,0.4342986
6688,0.4342986
6689,0.4342986
6690,0.4342986
6691,0.4342986
6692,0.4342986
6693,0.4342986
6694,0.4342986
6695,0.4342986
6696,0.4342986
6697,0.4342986
6698,0.4342986
6699,0.4342986
6700,0.4342986
6701,0.4342986
6702,0.4342986
6703,0.4342986
6704,0.4342986
6705,0.4342986
6706,0.4342986
6707,0.4342986
6708,0.4342986
6709,0.4342986
6710,0.4342986
6711,0.4342986
6712,0.4342986
6713,0.4342986
6714,0.4342986
6715,0.4342986
6716,0.4342986
6717,0.4342986
6718,0.4342986
6719,0.4342986
6720,0.4342986
6721,0.4342986
6722,0.4342986
6723,0.4342986
6724,0.4342986
6725,0.4342986
6726,0.4342986
6727,0.4342986
6728,0.4342986
6729,0.4342986
6730,0.4342986
6731,0.4342986
6732,0.4342986
6733,0.4342986
6734,0.4342986
6735,0.4342986
6736,0.4342986
6737,0.4342986
6738,0.4342986
6739,0.4342986
6740,0.4342986
6741,0.4342986
6742,0.4342986
6743,0.4342986
6744,0.4342986
6745,0.4342986
6746,0.4342986
6747,0.4342986
6748,0.4342986
6749,0.4342986
6750,0.4342986
6751,0.4342986
6752,0.4342986
6753,0.4342986
6754,0.4342986
6755,0.4342986
6756,0.4342986
6757,0.4342986
6758,0.4342986
6759,0.4342986
6760,0.4342986
6761,0.4342986
6762,0.4342986
6763,0.4342986
6764,0.4342986
6765,0.4342986
6766,0.4342986
6767,0.4342986
6768,0.4342986
6769,0.4342986
6770,0.4342986
6771,0.4342986
6772,0.4342986
6773,0.4342986
6774,0.4342986
6775,0.4342986
6776,0.4342986
6777,0.4342986
6778,0.4342986
6779,0.4342986
6780,0.4342986
6781,0.4342986
6782,0.4342986
6783,0.4342986
6784,0.4342986
6785,0.4342986
6786,0.4342986
6787,0.4342986
6788,0.4342986
6789,0.4342986
6790,0.4342986
6791,0.4342986
6792,0.4342986
6793,0.4342986
6794,0.4342986
6795,0.4342986
6796,0.4342986
6797,0.4342986
6798,0.4342986
6799,0.4342986
6800,0.4342986
6801,0.4342986
6802,0.4342986
6803,0.4342986
6804,0.4342986
6805,0.4342986
6806,0.4342986
6807,0.4342986
6808,0.4342986
6809,0.4342986
6810,0.4342986
6811,0.4342986
6812,0.4342986
6813,0.4342986
6814,0.4342986
6815,0.4342986
6816,0.4342986
6817,0.4342986
6818,0.4342986
6819,0.4342986
6820,0.4342986
6821,0.4342986
6822,0.4342986
6823,0.4342986
6824,0.4342986
6825,0.4342986
6826,0.4342986
6827,0.4342986
6828,0.4342986
6829,0.4342986
6830,0.4342986
6831,0.4342986
6832,0.4342986
6833,0.4342986
6834,0.4342986
6835,0.4342986
6836,0.4342986
6837,0.4342986
6838,0.4342986
6839,0.4342986
6840,0.4342986
6841,0.4342986
6842,0.4342986
6843,0.4342986
6844,0.4342986
6845,0.4342986
6846,0.4342986
6847,0.4342986
6848,0.4342986
6849,0.4342986
6850,0.4342986
6851,0.4342986
6852,0.4342986
6853,0.4342986
6854,0.4342986
6855,0.4342986
6856,0.4342986
6857,0.4342986
6858,0.4342986
6859,0.4342986
6860,0.4342986
6861,0.4342986
6862,0.4342986
6863,0.4342986
6864,0.4342986
6865,0.4342986
6866,0.4342986
6867,0.4342986
6868,0.4342986
6869,0.4342986
6870,0.4342986
6871,0.4342986
6872,0.4342986
6873,0.4342986
6874,0.4342986
6875,0.4342986
6876,0.4342986
6877,0.4342986
6878,0.4342986
6879,0.4342986
6880,0.4342986
6881,0.4342986
6882,0.4342986
6883,0.4342986
6884,0.4342986
6885,0.4342986
6886,0.4342986
6887,0.4342986
6888,0.4342986
6889,0.4342986
6890,0.4342986
6891,0.4342986
6892,0.4342986
6893,0.4342986
6894,0.4342986
6895,0.4342986
6896,0.4342986
6897,0.4342986
6898,0.4342986
6899,0.4342986
6900,0.4342986
6901,0.4342986
6902,0.4342986
6903,0.4342986
6904,0.4342986
6905,0.4342986
6906,0.4342986
6907,0.4342986
6908,0.4342986
6909,0.4342986
6910,0.4342986
6911,0.4342986
6912,0.4342986
6913,0.4342986
6914,0.4342986
6915,0.4342986
6916,0.4342986
6917,0.4342986
6918,0.4342986
6919,0.4342986
6920,0.4342986
6921,0.4342986
6922,0.4342986
6923,0.4342986
6924,0.4342986
6925,0.4342986
6926,0.4342986
6927,0.4342986
6928,0.4342986
6929,0.4342986
6930,0.4342986
6931,0.4342986
6932,0.4342986
6933,0.4342986
6934,0.4342986
6935,0.4342986
6936,0.4342986
6937,0.4342986
6938,0.4342986
6939,0.4342986
6940,0.4342986
6941,0.4342986
6942,0.4342986
6943,0.4342986
6944,0.4342986
6945,0.4342986
6946,0.4342986
6947,0.4342986
6948,0.4342986
6949,0.4342986
6950,0.4342986
6951,0.4342986
6952,0.4342986
6953,0.4342986
6954,0.4342986
6955,0.4342986
6956,0.4342986
6957,0.4342986
6958,0.4342986
6959,0.4342986
6960,0.4342986
6961,0.4342986
6962,0.4342986
6963,0.4342986
6964,0.4342986
6965,0.4342986
6966,0.4342986
6967,0.4342986
6968,0.4342986
6969,0.4342986
6970,0.4342986
6971,0.4342986
6972,0.4342986
6973,0.4342986
6974,0.4342986
6975,0.4342986
6976,0.4342986
6977,0.4342986
6978,0.4342986
6979,0.4342986
6980,0.4342986
6981,0.4342986
6982,0.4342986
6983,0.4342986
6984,0.4342986
6985,0.4342986
6986,0.4342986
6987,0.4342986
6988,0.4342986
6989,0.4342986
6990,0.4342986
6991,0.4342986
6992,0.4342986
6993,0.4342986
6994,0.4342986
6995,0.4342986
6996,0.4342986
6997,0.4342986
6998,0.4342986
6999,0.4342986
7000,0.4342986
7001,0.4342986
7002,0.4342986
7003,0.4342986
7004,0.4342986
7005,0.4342986
7006,0.4342986
7007,0.4342986
7008,0.4342986
7009,0.4342986
7010,0.4342986
7011,0.4342986
7012,0.4342986
7013,0.4342986
7014,0.4342986
7015,0.4342986
7016,0.4342986
7017,0.4342986
7018,0.4342986
7019,0.4342986
7020,0.4342986
7021,0.4342986
7022,0.4342986
7023,0.4342986
7024,0.4342986
7025,0.4342986
7026,0.4342986
7027,0.4342986
7028,0.4342986
7029,0.4342986
7030,0.4342986
7031,0.4342986
7032,0.4342986
7033,0.4342986
7034,0.4342986
7035,0.4342986
7036,0.4342986
7037,0.4342986
7038,0.4342986
7039,0.4342986
7040,0.4342986
7041,0.4342986
7042,0.4342986
7043,0.4342986
7044,0.4342986
7045,0.4342986
7046,0.4342986
7047,0.4342986
7048,0.4342986
7049,0.4342986
7050,0.4342986
7051,0.4342986
7052,0.4342986
7053,0.4342986
7054,0.4342986
7055,0.4342986
7056,0.4342986
7057,0.4342986
7058,0.4342986
7059,0.4342986
7060,0.4342986
7061,0.4342986
7062,0.4342986
7063,0.4342986
7064,0.4342986
7065,0.4342986
7066,0.4342986
7067,0.4342986
7068,0.4342986
7069,0.4342986
7070,0.4342986
7071,0.4342986
7072,0.4342986
7073,0.4342986
7074,0.4342986
7075,0.4342986
7076,0.4342986
7077,0.4342986
7078,0.4342986
7079,0.4342986
7080,0.4342986
7081,0.4342986
7082,0.4342986
7083,0.4342986
7084,0.4342986
7085,0.4342986
7086,0.4342986
7087,0.4342986
7088,0.4342986
7089,0.4342986
7090,0.4342986
7091,0.4342986
7092,0.4342986
7093,0.4342986
7094,0.4342986
7095,0.4342986
7096,0.4342986
7097,0.4342986
7098,0.4342986
7099,0.4342986
7100,0.4342986
7101,0.4342986
7102,0.4342986
7103,0.4342986
7104,0.4342986
7105,0.4342986
7106,0.4342986
7107,0.4342986
7108,0.4342986
7109,0.4342986
7110,0.4342986
7111,0.4342986
7112,0.4342986
7113,0.4342986
7114,0.4342986
7115,0.4342986
7116,0.4342986
7117,0.4342986
7118,0.4342986
7119,0.4342986
7120,0.4342986
7121,0.4342986
7122,0.4342986
7123,0.4342986
7124,0.4342986
7125,0.4342986
7126,0.4342986
7127,0.4342986
7128,0.4342986
7129,0.4342986
7130,0.4342986
7131,0.4342986
7132,0.4342986
7133,0.4342986
7134,0.4342986
7135,0.4342986
7136,0.4342986
7137,0.4342986
7138,0.4342986
7139,0.4342986
7140,0.4342986
7141,0.4342986
7142,0.4342986
7143,0.4342986
7144,0.4342986
7145,0.4342986
7146,0.4342986
7147,0.4342986
7148,0.4342986
7149,0.4342986
7150,0.4342986
7151,0.4342986
7152,0.4342986
7153,0.4342986
7154,0.4342986
7155,0.4342986
7156,0.4342986
7157,0.4342986
7158,0.4342986
7159,0.4342986
7160,0.4342986
7161,0.4342986
7162,0.4342986
7163,0.4342986
7164,0.4342986
7165,0.4342986
7166,0.4342986
7167,0.4342986
7168,0.4342986
7169,0.4342986
7170,0.4342986
7171,0.4342986
7172,0.4342986
7173,0.4342986
7174,0.4342986
7175,0.4342986
7176,0.4342986
7177,0.4342986
7178,0.4342986
7179,0.4342986
7180,0.4342986
7181,0.4342986
7182,0.4342986
7183,0.4342986
7184,0.4342986
7185,0.4342986
7186,0.4342986
7187,0.4342986
7188,0.4342986
7189,0.4342986
7190,0.4342986
7191,0.4342986
7192,0.4342986
7193,0.4342986
7194,0.4342986
7195,0.4342986
7196,0.4342986
7197,0.4342986
7198,0.4342986
7199,0.4342986
7200,0.4342986
7201,0.4342986
7202,0.4342986
7203,0.4342986
7204,0.4342986
7205,0.4342986
7206,0.4342986
7207,0.4342986
7208,0.4342986
7209,0.4342986
7210,0.4342986
7211,0.4342986
7212,0.4342986
7213,0.4342986
7214,0.4342986
7215,0.4342986
7216,0.4342986
7217,0.4342986
7218,0.4342986
7219,0.4342986
7220,0.4342986
7221,0.4342986
7222,0.4342986
7223,0.4342986
7224,0.4342986
7225,0.4342986
7226,0.4342986
7227,0.4342986
7228,0.4342986
7229,0.4342986
7230,0.4342986
7231,0.4342986
7232,0.4342986
7233,0.4342986
7234,0.4342986
7235,0.4342986
7236,0.4342986
7237,0.4342986
7238,0.4342986
7239,0.4342986
7240,0.4342986
7241,0.4342986
7242,0.4342986
7243,0.4342986
7244,0.4342986
7245,0.4342986
7246,0.4342986
7247,0.4342986
7248,0.4342986
7249,0.4342986
7250,0.4342986
7251,0.4342986
7252,0.4342986
7253,0.4342986
7254,0.4342986
7255,0.4342986
7256,0.4342986
7257,0.4342986
7258,0.4342986
7259,0.4342986
7260,0.4342986
7261,0.4342986
7262,0.4342986
7263,0.4342986
7264,0.4342986
7265,0.4342986
7266,0.4342986
7267,0.4342986
7268,0.4342986
7269,0.4342986
7270,0.4342986
7271,0.4342986
7272,0.4342986
7273,0.4342986
7274,0.4342986
7275,0.4342986
7276,0.4342986
7277,0.4342986
7278,0.4342986
7279,0.4342986
7280,0.4342986
7281,0.4342986
7282,0.4342986
7283,0.4342986
7284,0.4342986
7285,0.4342986
7286,0.4342986
7287,0.4342986
7288,0.4342986
7289,0.4342986
7290,0.4342986
7291,0.4342986
7292,0.4342986
7293,0.4342986
7294,0.4342986
7295,0.4342986
7296,0.4342986
7297,0.4342986
7298,0.4342986
7299,0.4342986
7300,0.4342986
7301,0.4342986
7302,0.4342986
7303,0.4342986
7304,0.4342986
7305,0.4342986
7306,0.4342986
7307,0.4342986
7308,0.4342986
7309,0.4342986
7310,0.4342986
7311,0.4342986
7312,0.4342986
7313,0.4342986
7314,0.4342986
7315,0.4342986
7316,0.4342986
7317,0.4342986
7318,0.4342986
7319,0.4342986
7320,0.4342986
7321,0.4342986
7322,0.4342986
7323,0.4342986
7324,0.4342986
7325,0.4342986
7326,0.4342986
7327,0.4342986
7328,0.4342986
7329,0.4342986
7330,0.4342986
7331,0.4342986
7332,0.4342986
7333,0.4342986
7334,0.4342986
7335,0.4342986
7336,0.4342986
7337,0.4342986
7338,0.4342986
7339,0.4342986
7340,0.4342986
7341,0.4342986
7342,0.4342986
7343,0.4342986
7344,0.4342986
7345,0.4342986
7346,0.4342986
7347,0.4342986
7348,0.4342986
7349,0.4342986
7350,0.4342986
7351,0.4342986
7352,0.4342986
7353,0.4342986
7354,0.4342986
7355,0.4342986
7356,0.4342986
7357,0.4342986
7358,0.4342986
7359,0.4342986
7360,0.4342986
7361,0.4342986
7362,0.4342986
7363,0.4342986
7364,0.4342986
7365,0.4342986
7366,0.4342986
7367,0.4342986
7368,0.4342986
7369,0.4342986
7370,0.4342986
7371,0.4342986
7372,0.4342986
7373,0.4342986
7374,0.4342986
7375,0.4342986
7376,0.4342986
7377,0.4342986
7378,0.4342986
7379,0.4342986
7380,0.4342986
7381,0.4342986
7382,0.4342986
7383,0.4342986
7384,0.4342986
7385,0.4342986
7386,0.4342986
7387,0.4342986
7388,0.4342986
7389,0.4342986
7390,0.4342986
7391,0.4342986
7392,0.4342986
7393,0.4342986
7394,0.4342986
7395,0.4342986
7396,0.4342986
7397,0.4342986
7398,0.4342986
7399,0.4342986
7400,0.4342986
7401,0.4342986
7402,0.4342986
7403,0.4342986
7404,0.4342986
7405,0.4342986
7406,0.4342986
7407,0.4342986
7408,0.4342986
7409,0.4342986
7410,0.4342986
7411,0.4342986
7412,0.4342986
7413,0.4342986
7414,0.4342986
7415,0.4342986
7416,0.4342986
7417,0.4342986
7418,0.4342986
7419,0.4342986
7420,0.4342986
7421,0.4342986
7422,0.4342986
7423,0.4342986
7424,0.4342986
7425,0.4342986
7426,0.4342986
7427,0.4342986
7428,0.4342986
7429,0.4342986
7430,0.4342986
7431,0.4342986
7432,0.4342986
7433,0.4342986
7434,0.4342986
7435,0.4342986
7436,0.4342986
7437,0.4342986
7438,0.4342986
7439,0.4342986
7440,0.4342986
7441,0.4342986
7442,0.4342986
7443,0.4342986
7444,0.4342986
7445,0.4342986
7446,0.4342986
7447,0.4342986
7448,0.4342986
7449,0.4342986
7450,0.4342986
7451,0.4342986
7452,0.4342986
7453,0.4342986
7454,0.4342986
7455,0.4342986
7456,0.4342986
7457,0.4342986
7458,0.4342986
7459,0.4342986
7460,0.4342986
7461,0.4342986
7462,0.4342986
7463,0.4342986
7464,0.4342986
7465,0.4342986
7466,0.4342986
7467,0.4342986
7468,0.4342986
7469,0.4342986
7470,0.4342986
7471,0.4342986
7472,0.4342986
7473,0.4342986
7474,0.4342986
7475,0.4342986
7476,0.4342986
7477,0.4342986
7478,0.4342986
7479,0.4342986
7480,0.4342986
7481,0.4342986
7482,0.4342986
7483,0.4342986
7484,0.4342986
7485,0.4342986
7486,0.4342986
7487,0.4342986
7488,0.4342986
7489,0.4342986
7490,0.4342986
7491,0.4342986
7492,0.4342986
7493,0.4342986
7494,0.4342986
7495,0.4342986
7496,0.4342986
7497,0.4342986
7498,0.4342986
7499,0.4342986
7500,0.4342986
7501,0.4342986
7502,0.4342986
7503,0.4342986
7504,0.4342986
7505,0.4342986
7506,0.4342986
7507,0.4342986
7508,0.4342986
7509,0.4342986
7510,0.4342986
7511,0.4342986
7512,0.4342986
7513,0.4342986
7514,0.4342986
7515,0.4342986
7516,0.4342986
7517,0.4342986
7518,0.4342986
7519,0.4342986
7520,0.4342986
7521,0.4342986
7522,0.4342986
7523,0.4342986
7524,0.4342986
7525,0.4342986
7526,0.4342986
7527,0.4342986
7528,0.4342986
7529,0.4342986
7530,0.4342986
7531,0.4342986
7532,0.4342986
7533,0.4342986
7534,0.4342986
7535,0.4342986
7536,0.4342986
7537,0.4342986
7538,0.4342986
7539,0.4342986
7540,0.4342986
7541,0.4342986
7542,0.4342986
7543,0.4342986
7544,0.4342986
7545,0.4342986
7546,0.4342986
7547,0.4342986
7548,0.4342986
7549,0.4342986
7550,0.4342986
7551,0.4342986
7552,0.4342986
7553,0.4342986
7554,0.4342986
7555,0.4342986
7556,0.4342986
7557,0.4342986
7558,0.4342986
7559,0.4342986
7560,0.4342986
7561,0.4342986
7562,0.4342986
7563,0.4342986
7564,0.4342986
7565,0.4342986
7566,0.4342986
7567,0.4342986
7568,0.4342986
7569,0.4342986
7570,0.4342986
7571,0.4342986
7572,0.4342986
7573,0.4342986
7574,0.4342986
7575,0.4342986
7576,0.4342986
7577,0.4342986
7578,0.4342986
7579,0.4342986
7580,0.4342986
7581,0.4342986
7582,0.4342986
7583,0.4342986
7584,0.4342986
7585,0.4342986
7586,0.4342986
7587,0.4342986
7588,0.4342986
7589,0.4342986
7590,0.4342986
7591,0.4342986
7592,0.4342986
7593,0.4342986
7594,0.4342986
7595,0.4342986
7596,0.4342986
7597,0.4342986
7598,0.4342986
7599,0.4342986
7600,0.4342986
7601,0.4342986
7602,0.4342986
7603,0.4342986
7604,0.4342986
7605,0.4342986
7606,0.4342986
7607,0.4342986
7608,0.4342986
7609,0.4342986
7610,0.4342986
7611,0.4342986
7612,0.4342986
7613,0.4342986
7614,0.4342986
7615,0.4342986
7616,0.4342986
7617,0.4342986
7618,0.4342986
7619,0.4342986
7620,0.4342986
7621,0.4342986
7622,0.4342986
7623,0.4342986
7624,0.4342986
7625,0.4342986
7626,0.4342986
7627,0.4342986
7628,0.4342986
7629,0.4342986
7630,0.4342986
7631,0.4342986
7632,0.4342986
7633,0.4342986
7634,0.4342986
7635,0.4342986
7636,0.4342986
7637,0.4342986
7638,0.4342986
7639,0.4342986
7640,0.4342986
7641,0.4342986
7642,0.4342986
7643,0.4342986
7644,0.4342986
7645,0.4342986
7646,0.4342986
7647,0.4342986
7648,0.4342986
7649,0.4342986
7650,0.4342986
7651,0.4342986
7652,0.4342986
7653,0.4342986
7654,0.4342986
7655,0.4342986
7656,0.4342986
7657,0.4342986
7658,0.4342986
7659,0.4342986
7660,0.4342986
7661,0.4342986
7662,0.4342986
7663,0.4342986
7664,0.4342986
7665,0.4342986
7666,0.4342986
7667,0.4342986
7668,0.4342986
7669,0.4342986
7670,0.4342986
7671,0.4342986
7672,0.4342986
7673,0.4342986
7674,0.4342986
7675,0.4342986
7676,0.4342986
7677,0.4342986
7678,0.4342986
7679,0.4342986
7680,0.4342986
7681,0.4342986
7682,0.4342986
7683,0.4342986
7684,0.4342986
7685,0.4342986
7686,0.4342986
7687,0.4342986
7688,0.4342986
7689,0.4342986
7690,0.4342986
7691,0.4342986
7692,0.4342986
7693,0.4342986
7694,0.4342986
7695,0.4342986
7696,0.4342986
7697,0.4342986
7698,0.4342986
7699,0.4342986
7700,0.4342986
7701,0.4342986
7702,0.4342986
7703,0.4342986
7704,0.4342986
7705,0.4342986
7706,0.4342986
7707,0.4342986
7708,0.4342986
7709,0.4342986
7710,0.4342986
7711,0.4342986
7712,0.4342986
7713,0.4342986
7714,0.4342986
7715,0.4342986
7716,0.4342986
7717,0.4342986
7718,0.4342986
7719,0.4342986
7720,0.4342986
7721,0.4342986
7722,0.4342986
7723,0.4342986
7724,0.4342986
7725,0.4342986
7726,0.4342986
7727,0.4342986
7728,0.4342986
7729,0.4342986
7730,0.4342986
7731,0.4342986
7732,0.4342986
7733,0.4342986
7734,0.4342986
7735,0.4342986
7736,0.4342986
7737,0.4342986
7738,0.4342986
7739,0.4342986
7740,0.4342986
7741,0.4342986
7742,0.4342986
7743,0.4342986
7744,0.4342986
7745,0.4342986
7746,0.4342986
7747,0.4342986
7748,0.4342986
7749,0.4342986
7750,0.4342986
7751,0.4342986
7752,0.4342986
7753,0.4342986
7754,0.4342986
7755,0.4342986
7756,0.4342986
7757,0.4342986
7758,0.4342986
7759,0.4342986
7760,0.4342986
7761,0.4342986
7762,0.4342986
7763,0.4342986
7764,0.4342986
7765,0.4342986
7766,0.4342986
7767,0.4342986
7768,0.4342986
7769,0.4342986
7770,0.4342986
7771,0.4342986
7772,0.4342986
7773,0.4342986
7774,0.4342986
7775,0.4342986
7776,0.4342986
7777,0.4342986
7778,0.4342986
7779,0.4342986
7780,0.4342986
7781,0.4342986
7782,0.4342986
7783,0.4342986
7784,0.4342986
7785,0.4342986
7786,0.4342986
7787,0.4342986
7788,0.4342986
7789,0.4342986
7790,0.4342986
7791,0.4342986
7792,0.4342986
7793,0.4342986
7794,0.4342986
7795,0.4342986
7796,0.4342986
7797,0.4342986
7798,0.4342986
7799,0.4342986
7800,0.4342986
7801,0.4342986
7802,0.4342986
7803,0.4342986
7804,0.4342986
7805,0.4342986
7806,0.4342986
7807,0.4342986
7808,0.4342986
7809,0.4342986
7810,0.4342986
7811,0.4342986
7812,0.4342986
7813,0.4342986
7814,0.4342986
7815,0.4342986
7816,0.4342986
7817,0.4342986
7818,0.4342986
7819,0.4342986
7820,0.4342986
7821,0.4342986
7822,0.4342986
7823,0.4342986
7824,0.4342986
7825,0.4342986
7826,0.4342986
7827,0.4342986
7828,0.4342986
7829,0.4342986
7830,0.4342986
7831,0.4342986
7832,0.4342986
7833,0.4342986
7834,0.4342986
7835,0.4342986
7836,0.4342986
7837,0.4342986
7838,0.4342986
7839,0.4342986
7840,0.4342986
7841,0.4342986
7842,0.4342986
7843,0.4342986
7844,0.4342986
7845,0.4342986
7846,0.4342986
7847,0.4342986
7848,0.4342986
7849,0.4342986
7850,0.4342986
7851,0.4342986
7852,0.4342986
7853,0.4342986
7854,0.4342986
7855,0.4342986
7856,0.4342986
7857,0.4342986
7858,0.4342986
7859,0.4342986
7860,0.4342986
7861,0.4342986
7862,0.4342986
7863,0.4342986
7864,0.4342986
7865,0.4342986
7866,0.4342986
7867,0.4342986
7868,0.4342986
7869,0.4342986
7870,0.4342986
7871,0.4342986
7872,0.4342986
7873,0.4342986
7874,0.4342986
7875,0.4342986
7876,0.4342986
7877,0.4342986
7878,0.4342986
7879,0.4342986
7880,0.4342986
7881,0.4342986
7882,0.4342986
7883,0.4342986
7884,0.4342986
7885,0.4342986
7886,0.4342986
7887,0.4342986
7888,0.4342986
7889,0.4342986
7890,0.4342986
7891,0.4342986
7892,0.4342986
7893,0.4342986
7894,0.4342986
7895,0.4342986
7896,0.4342986
7897,0.4342986
7898,0.4342986
7899,0.4342986
7900,0.4342986
7901,0.4342986
7902,0.4342986
7903,0.4342986
7904,0.4342986
7905,0.4342986
7906,0.4342986
7907,0.4342986
7908,0.4342986
7909,0.4342986
7910,0.4342986
7911,0.4342986
7912,0.4342986
7913,0.4342986
7914,0.4342986
7915,0.4342986
7916,0.4342986
7917,0.4342986
7918,0.4342986
7919,0.4342986
7920,0.4342986
7921,0.4342986
7922,0.4342986
7923,0.4342986
7924,0.4342986
7925,0.4342986
7926,0.4342986
7927,0.4342986
7928,0.4342986
7929,0.4342986
7930,0.4342986
7931,0.4342986
7932,0.4342986
7933,0.4342986
7934,0.4342986
7935,0.4342986
7936,0.4342986
7937,0.4342986
7938,0.4342986
7939,0.4342986
7940,0.4342986
7941,0.4342986
7942,0.4342986
7943,0.4342986
7944,0.4342986
7945,0.4342986
7946,0.4342986
7947,0.4342986
7948,0.4342986
7949,0.4342986
7950,0.4342986
7951,0.4342986
7952,0.4342986
7953,0.4342986
7954,0.4342986
7955,0.4342986
7956,0.4342986
7957,0.4342986
7958,0.4342986
7959,0.4342986
7960,0.4342986
7961,0.4342986
7962,0.4342986
7963,0.4342986
7964,0.4342986
7965,0.4342986
7966,0.4342986
7967,0.4342986
7968,0.4342986
7969,0.4342986
7970,0.4342986
7971,0.4342986
7972,0.4342986
7973,0.4342986
7974,0.4342986
7975,0.4342986
7976,0.4342986
7977,0.4342986
7978,0.4342986
7979,0.4342986
7980,0.4342986
7981,0.4342986
7982,0.4342986
7983,0.4342986
7984,0.4342986
7985,0.4342986
7986,0.4342986
7987,0.4342986
7988,0.4342986
7989,0.4342986
7990,0.4342986
7991,0.4342986
7992,0.4342986
7993,0.4342986
7994,0.4342986
7995,0.4342986
7996,0.4342986
7997,0.4342986
7998,0.4342986
7999,0.4342986
8000,0.4342986
8001,0.4342986
8002,0.4342986
8003,0.4342986
8004,0.4342986
8005,0.4342986
8006,0.4342986
8007,0.4342986
8008,0.4342986
8009,0.4342986
8010,0.4342986
8011,0.4342986
8012,0.4342986
8013,0.4342986
8014,0.4342986
8015,0.4342986
8016,0.4342986
8017,0.4342986
8018,0.4342986
8019,0.4342986
8020,0.4342986
8021,0.4342986
8022,0.4342986
8023,0.4342986
8024,0.4342986
8025,0.4342986
8026,0.4342986
8027,0.4342986
8028,0.4342986
8029,0.4342986
8030,0.4342986
8031,0.4342986
8032,0.4342986
8033,0.4342986
8034,0.4342986
8035,0.4342986
8036,0.4342986
8037,0.4342986
8038,0.4342986
8039,0.4342986
8040,0.4342986
8041,0.4342986
8042,0.4342986
8043,0.4342986
8044,0.4342986
8045,0.4342986
8046,0.4342986
8047,0.4342986
8048,0.4342986
8049,0.4342986
8050,0.4342986
8051,0.4342986
8052,0.4342986
8053,0.4342986
8054,0.4342986
8055,0.4342986
8056,0.4342986
8057,0.4342986
8058,0.4342986
8059,0.4342986
8060,0.4342986
8061,0.4342986
8062,0.4342986
8063,0.4342986
8064,0.4342986
8065,0.4342986
8066,0.4342986
8067,0.4342986
8068,0.4342986
8069,0.4342986
8070,0.4342986
8071,0.4342986
8072,0.4342986
8073,0.4342986
8074,0.4342986
8075,0.4342986
8076,0.4342986
8077,0.4342986
8078,0.4342986
8079,0.4342986
8080,0.4342986
8081,0.4342986
8082,0.4342986
8083,0.4342986
8084,0.4342986
8085,0.4342986
8086,0.4342986
8087,0.4342986
8088,0.4342986
8089,0.4342986
8090,0.4342986
8091,0.4342986
8092,0.4342986
8093,0.4342986
8094,0.4342986
8095,0.4342986
8096,0.4342986
8097,0.4342986
8098,0.4342986
8099,0.4342986
8100,0.4342986
8101,0.4342986
8102,0.4342986
8103,0.4342986
8104,0.4342986
8105,0.4342986
8106,0.4342986
8107,0.4342986
8108,0.4342986
8109,0.4342986
8110,0.4342986
8111,0.4342986
8112,0.4342986
8113,0.4342986
8114,0.4342986
8115,0.4342986
8116,0.4342986
8117,0.4342986
8118,0.4342986
8119,0.4342986
8120,0.4342986
8121,0.4342986
8122,0.4342986
8123,0.4342986
8124,0.4342986
8125,0.4342986
8126,0.4342986
8127,0.4342986
8128,0.4342986
8129,0.4342986
8130,0.4342986
8131,0.4342986
8132,0.4342986
8133,0.4342986
8134,0.4342986
8135,0.4342986
8136,0.4342986
8137,0.4342986
8138,0.4342986
8139,0.4342986
8140,0.4342986
8141,0.4342986
8142,0.4342986
8143,0.4342986
8144,0.4342986
8145,0.4342986
8146,0.4342986
8147,0.4342986
8148,0.4342986
8149,0.4342986
8150,0.4342986
8151,0.4342986
8152,0.4342986
8153,0.4342986
8154,0.4342986
8155,0.4342986
8156,0.4342986
8157,0.4342986
8158,0.4342986
8159,0.4342986
8160,0.4342986
8161,0.4342986
8162,0.4342986
8163,0.4342986
8164,0.4342986
8165,0.4342986
8166,0.4342986
8167,0.4342986
8168,0.4342986
8169,0.4342986
8170,0.4342986
8171,0.4342986
8172,0.4342986
8173,0.4342986
8174,0.4342986
8175,0.4342986
8176,0.4342986
8177,0.4342986
8178,0.4342986
8179,0.4342986
8180,0.4342986
8181,0.4342986
8182,0.4342986
8183,0.4342986
8184,0.4342986
8185,0.4342986
8186,0.4342986
8187,0.4342986
8188,0.4342986
8189,0.4342986
8190,0.4342986
8191,0.4342986
8192,0.4342986
8193,0.4342986
8194,0.4342986
8195,0.4342986
8196,0.4342986
8197,0.4342986
8198,0.4342986
8199,0.4342986
8200,0.4342986
8201,0.4342986
8202,0.4342986
8203,0.4342986
8204,0.4342986
8205,0.4342986
8206,0.4342986
8207,0.4342986
8208,0.4342986
8209,0.4342986
8210,0.4342986
8211,0.4342986
8212,0.4342986
8213,0.4342986
8214,0.4342986
8215,0.4342986
8216,0.4342986
8217,0.4342986
8218,0.4342986
8219,0.4342986
8220,0.4342986
8221,0.4342986
8222,0.4342986
8223,0.4342986
8224,0.4342986
8225,0.4342986
8226,0.4342986
8227,0.4342986
8228,0.4342986
8229,0.4342986
8230,0.4342986
8231,0.4342986
8232,0.4342986
8233,0.4342986
8234,0.4342986
8235,0.4342986
8236,0.4342986
8237,0.4342986
8238,0.4342986
8239,0.4342986
8240,0.4342986
8241,0.4342986
8242,0.4342986
8243,0.4342986
8244,0.4342986
8245,0.4342986
8246,0.4342986
8247,0.4342986
8248,0.4342986
8249,0.4342986
8250,0.4342986
8251,0.4342986
8252,0.4342986
8253,0.4342986
8254,0.4342986
8255,0.4342986
8256,0.4342986
8257,0.4342986
8258,0.4342986
8259,0.4342986
8260,0.4342986
8261,0.4342986
8262,0.4342986
8263,0.4342986
8264,0.4342986
8265,0.4342986
8266,0.4342986
8267,0.4342986
8268,0.4342986
8269,0.4342986
8270,0.4342986
8271,0.4342986
8272,0.4342986
8273,0.4342986
8274,0.4342986
8275,0.4342986
8276,0.4342986
8277,0.4342986
8278,0.4342986
8279,0.4342986
8280,0.4342986
8281,0.4342986
8282,0.4342986
8283,0.4342986
8284,0.4342986
8285,0.4342986
8286,0.4342986
8287,0.4342986
8288,0.4342986
8289,0.4342986
8290,0.4342986
8291,0.4342986
8292,0.4342986
8293,0.4342986
8294,0.4342986
8295,0.4342986
8296,0.4342986
8297,0.4342986
8298,0.4342986
8299,0.4342986
8300,0.4342986
8301,0.4342986
8302,0.4342986
8303,0.4342986
8304,0.4342986
8305,0.4342986
8306,0.4342986
8307,0.4342986
8308,0.4342986
8309,0.4342986
8310,0.4342986
8311,0.4342986
8312,0.4342986
8313,0.4342986
8314,0.4342986
8315,0.4342986
8316,0.4342986
8317,0.4342986
8318,0.4342986
8319,0.4342986
8320,0.4342986
8321,0.4342986
8322,0.4342986
8323,0.4342986
8324,0.4342986
8325,0.4342986
8326,0.4342986
8327,0.4342986
8328,0.4342986
8329,0.4342986
8330,0.4342986
8331,0.4342986
8332,0.4342986
8333,0.4342986
8334,0.4342986
8335,0.4342986
8336,0.4342986
8337,0.4342986
8338,0.4342986
8339,0.4342986
8340,0.4342986
8341,0.4342986
8342,0.4342986
8343,0.4342986
8344,0.4342986
8345,0.4342986
8346,0.4342986
8347,0.4342986
8348,0.4342986
8349,0.4342986
8350,0.4342986
8351,0.4342986
8352,0.4342986
8353,0.4342986
8354,0.4342986
8355,0.4342986
8356,0.4342986
8357,0.4342986
8358,0.4342986
8359,0.4342986
8360,0.4342986
8361,0.4342986
8362,0.4342986
8363,0.4342986
8364,0.4342986
8365,0.4342986
8366,0.4342986
8367,0.4342986
8368,0.4342986
8369,0.4342986
8370,0.4342986
8371,0.4342986
8372,0.4342986
8373,0.4342986
8374,0.4342986
8375,0.4342986
8376,0.4342986
8377,0.4342986
8378,0.4342986
8379,0.4342986
8380,0.4342986
8381,0.4342986
8382,0.4342986
8383,0.4342986
8384,0.4342986
8385,0.4342986
8386,0.4342986
8387,0.4342986
8388,0.4342986
8389,0.4342986
8390,0.4342986
8391,0.4342986
8392,0.4342986
8393,0.4342986
8394,0.4342986
8395,0.4342986
8396,0.4342986
8397,0.4342986
8398,0.4342986
8399,0.4342986
8400,0.4342986
8401,0.4342986
8402,0.4342986
8403,0.4342986
8404,0.4342986
8405,0.4342986
8406,0.4342986
8407,0.4342986
8408,0.4342986
8409,0.4342986
8410,0.4342986
8411,0.4342986
8412,0.4342986
8413,0.4342986
8414,0.4342986
8415,0.4342986
8416,0.4342986
8417,0.4342986
8418,0.4342986
8419,0.4342986
8420,0.4342986
8421,0.4342986
8422,0.4342986
8423,0.4342986
8424,0.4342986
8425,0.4342986
8426,0.4342986
8427,0.4342986
8428,0.4342986
8429,0.4342986
8430,0.4342986
8431,0.4342986
8432,0.4342986
8433,0.4342986
8434,0.4342986
8435,0.4342986
8436,0.4342986
8437,0.4342986
8438,0.4342986
8439,0.4342986
8440,0.4342986
8441,0.4342986
8442,0.4342986
8443,0.4342986
8444,0.4342986
8445,0.4342986
8446,0.4342986
8447,0.4342986
8448,0.4342986
8449,0.4342986
8450,0.4342986
8451,0.4342986
8452,0.4342986
8453,0.4342986
8454,0.4342986
8455,0.4342986
8456,0.4342986
8457,0.4342986
8458,0.4342986
8459,0.4342986
8460,0.4342986
8461,0.4342986
8462,0.4342986
8463,0.4342986
8464,0.4342986
8465,0.4342986
8466,0.4342986
8467,0.4342986
8468,0.4342986
8469,0.4342986
8470,0.4342986
8471,0.4342986
8472,0.4342986
8473,0.4342986
8474,0.4342986
8475,0.4342986
8476,0.4342986
8477,0.4342986
8478,0.4342986
8479,0.4342986
8480,0.4342986
8481,0.4342986
8482,0.4342986
8483,0.4342986
8484,0.4342986
8485,0.4342986
8486,0.4342986
8487,0.4342986
8488,0.4342986
8489,0.4342986
8490,0.4342986
8491,0.4342986
8492,0.4342986
8493,0.4342986
8494,0.4342986
8495,0.4342986
8496,0.4342986
8497,0.4342986
8498,0.4342986
8499,0.4342986
8500,0.4342986
8501,0.4342986
8502,0.4342986
8503,0.4342986
8504,0.4342986
8505,0.4342986
8506,0.4342986
8507,0.4342986
8508,0.4342986
8509,0.4342986
8510,0.4342986
8511,0.4342986
8512,0.4342986
8513,0.4342986
8514,0.4342986
8515,0.4342986
8516,0.4342986
8517,0.4342986
8518,0.4342986
8519,0.4342986
8520,0.4342986
8521,0.4342986
8522,0.4342986
8523,0.4342986
8524,0.4342986
8525,0.4342986
8526,0.4342986
8527,0.4342986
8528,0.4342986
8529,0.4342986
8530,0.4342986
8531,0.4342986
8532,0.4342986
8533,0.4342986
8534,0.4342986
8535,0.4342986
8536,0.4342986
8537,0.4342986
8538,0.4342986
8539,0.4342986
8540,0.4342986
8541,0.4342986
8542,0.4342986
8543,0.4342986
8544,0.4342986
8545,0.4342986
8546,0.4342986
8547,0.4342986
8548,0.4342986
8549,0.4342986
8550,0.4342986
8551,0.4342986
8552,0.4342986
8553,0.4342986
8554,0.4342986
8555,0.4342986
8556,0.4342986
8557,0.4342986
8558,0.4342986
8559,0.4342986
8560,0.4342986
8561,0.4342986
8562,0.4342986
8563,0.4342986
8564,0.4342986
8565,0.4342986
8566,0.4342986
8567,0.4342986
8568,0.4342986
8569,0.4342986
8570,0.4342986
8571,0.4342986
8572,0.4342986
8573,0.4342986
8574,0.4342986
8575,0.4342986
8576,0.4342986
8577,0.4342986
8578,0.4342986
8579,0.4342986
8580,0.4342986
8581,0.4342986
8582,0.4342986
8583,0.4342986
8584,0.4342986
8585,0.4342986
8586,0.4342986
8587,0.4342986
8588,0.4342986
8589,0.4342986
8590,0.4342986
8591,0.4342986
8592,0.4342986
8593,0.4342986
8594,0.4342986
8595,0.4342986
8596,0.4342986
8597,0.4342986
8598,0.4342986
8599,0.4342986
8600,0.4342986
8601,0.4342986
8602,0.4342986
8603,0.4342986
8604,0.4342986
8605,0.4342986
8606,0.4342986
8607,0.4342986
8608,0.4342986
8609,0.4342986
8610,0.4342986
8611,0.4342986
8612,0.4342986
8613,0.4342986
8614,0.4342986
8615,0.4342986
8616,0.4342986
8617,0.4342986
8618,0.4342986
8619,0.4342986
8620,0.4342986
8621,0.4342986
8622,0.4342986
8623,0.4342986
8624,0.4342986
8625,0.4342986
8626,0.4342986
8627,0.4342986
8628,0.4342986
8629,0.4342986
8630,0.4342986
8631,0.4342986
8632,0.4342986
8633,0.4342986
8634,0.4342986
8635,0.4342986
8636,0.4342986
8637,0.4342986
8638,0.4342986
8639,0.4342986
8640,0.4342986
8641,0.4342986
8642,0.4342986
8643,0.4342986
8644,0.4342986
8645,0.4342986
8646,0.4342986
8647,0.4342986
8648,0.4342986
8649,0.4342986
8650,0.4342986
8651,0.4342986
8652,0.4342986
8653,0.4342986
8654,0.4342986
8655,0.4342986
8656,0.4342986
8657,0.4342986
8658,0.4342986
8659,0.4342986
8660,0.4342986
8661,0.4342986
8662,0.4342986
8663,0.4342986
8664,0.4342986
8665,0.4342986
8666,0.4342986
8667,0.4342986
8668,0.4342986
8669,0.4342986
8670,0.4342986
8671,0.4342986
8672,0.4342986
8673,0.4342986
8674,0.4342986
8675,0.4342986
8676,0.4342986
8677,0.4342986
8678,0.4342986
8679,0.4342986
8680,0.4342986
8681,0.4342986
8682,0.4342986
8683,0.4342986
8684,0.4342986
8685,0.4342986
8686,0.4342986
8687,0.4342986
8688,0.4342986
8689,0.4342986
8690,0.4342986
8691,0.4342986
8692,0.4342986
8693,0.4342986
8694,0.4342986
8695,0.4342986
8696,0.4342986
8697,0.4342986
8698,0.4342986
8699,0.4342986
8700,0.4342986
8701,0.4342986
8702,0.4342986
8703,0.4342986
8704,0.4342986
8705,0.4342986
8706,0.4342986
8707,0.4342986
8708,0.4342986
8709,0.4342986
8710,0.4342986
8711,0.4342986
8712,0.4342986
8713,0.4342986
8714,0.4342986
8715,0.4342986
8716,0.4342986
8717,0.4342986
8718,0.4342986
8719,0.4342986
8720,0.4342986
8721,0.4342986
8722,0.4342986
8723,0.4342986
8724,0.4342986
8725,0.4342986
8726,0.4342986
8727,0.4342986
8728,0.4342986
8729,0.4342986
8730,0.4342986
8731,0.4342986
8732,0.4342986
8733,0.4342986
8734,0.4342986
8735,0.4342986
8736,0.4342986
8737,0.4342986
8738,0.4342986
8739,0.4342986
8740,0.4342986
8741,0.4342986
8742,0.4342986
8743,0.4342986
8744,0.4342986
8745,0.4342986
8746,0.4342986
8747,0.4342986
8748,0.4342986
8749,0.4342986
8750,0.4342986
8751,0.4342986
8752,0.4342986
8753,0.4342986
8754,0.4342986
8755,0.4342986
8756,0.4342986
8757,0.4342986
8758,0.4342986
8759,0.4342986
8760,0.4342986
8761,0.4342986
8762,0.4342986
8763,0.4342986
8764,0.4342986
8765,0.4342986
8766,0.4342986
8767,0.4342986
8768,0.4342986
8769,0.4342986
8770,0.4342986
8771,0.4342986
8772,0.4342986
8773,0.4342986
8774,0.4342986
8775,0.4342986
8776,0.4342986
8777,0.4342986
8778,0.4342986
8779,0.4342986
8780,0.4342986
8781,0.4342986
8782,0.4342986
8783,0.4342986
8784,0.4342986
8785,0.4342986
8786,0.4342986
8787,0.4342986
8788,0.4342986
8789,0.4342986
8790,0.4342986
8791,0.4342986
8792,0.4342986
8793,0.4342986
8794,0.4342986
8795,0.4342986
8796,0.4342986
8797,0.4342986
8798,0.4342986
8799,0.4342986
8800,0.4342986
8801,0.4342986
8802,0.4342986
8803,0.4342986
8804,0.4342986
8805,0.4342986
8806,0.4342986
8807,0.4342986
8808,0.4342986
8809,0.4342986
8810,0.4342986
8811,0.4342986
8812,0.4342986
8813,0.4342986
8814,0.4342986
8815,0.4342986
8816,0.4342986
8817,0.4342986
8818,0.4342986
8819,0.4342986
8820,0.4342986
8821,0.4342986
8822,0.4342986
8823,0.4342986
8824,0.4342986
8825,0.4342986
8826,0.4342986
8827,0.4342986
8828,0.4342986
8829,0.4342986
8830,0.4342986
8831,0.4342986
8832,0.4342986
8833,0.4342986
8834,0.4342986
8835,0.4342986
8836,0.4342986
8837,0.4342986
8838,0.4342986
8839,0.4342986
8840,0.4342986
8841,0.4342986
8842,0.4342986
8843,0.4342986
8844,0.4342986
8845,0.4342986
8846,0.4342986
8847,0.4342986
8848,0.4342986
8849,0.4342986
8850,0.4342986
8851,0.4342986
8852,0.4342986
8853,0.4342986
8854,0.4342986
8855,0.4342986
8856,0.4342986
8857,0.4342986
8858,0.4342986
8859,0.4342986
8860,0.4342986
8861,0.4342986
8862,0.4342986
8863,0.4342986
8864,0.4342986
8865,0.4342986
8866,0.4342986
8867,0.4342986
8868,0.4342986
8869,0.4342986
8870,0.4342986
8871,0.4342986
8872,0.4342986
8873,0.4342986
8874,0.4342986
8875,0.4342986
8876,0.4342986
8877,0.4342986
8878,0.4342986
8879,0.4342986
8880,0.4342986
8881,0.4342986
8882,0.4342986
8883,0.4342986
8884,0.4342986
8885,0.4342986
8886,0.4342986
8887,0.4342986
8888,0.4342986
8889,0.4342986
8890,0.4342986
8891,0.4342986
8892,0.4342986
8893,0.4342986
8894,0.4342986
8895,0.4342986
8896,0.4342986
8897,0.4342986
8898,0.4342986
8899,0.4342986
8900,0.4342986
8901,0.4342986
8902,0.4342986
8903,0.4342986
8904,0.4342986
8905,0.4342986
8906,0.4342986
8907,0.4342986
8908,0.4342986
8909,0.4342986
8910,0.4342986
8911,0.4342986
8912,0.4342986
8913,0.4342986
8914,0.4342986
8915,0.4342986
8916,0.4342986
8917,0.4342986
8918,0.4342986
8919,0.4342986
8920,0.4342986
8921,0.4342986
8922,0.4342986
8923,0.4342986
8924,0.4342986
8925,0.4342986
8926,0.4342986
8927,0.4342986
8928,0.4342986
8929,0.4342986
8930,0.4342986
8931,0.4342986
8932,0.4342986
8933,0.4342986
8934,0.4342986
8935,0.4342986
8936,0.4342986
8937,0.4342986
8938,0.4342986
8939,0.4342986
8940,0.4342986
8941,0.4342986
8942,0.4342986
8943,0.4342986
8944,0.4342986
8945,0.4342986
8946,0.4342986
8947,0.4342986
8948,0.4342986
8949,0.4342986
8950,0.4342986
8951,0.4342986
8952,0.4342986
8953,0.4342986
8954,0.4342986
8955,0.4342986
8956,0.4342986
8957,0.4342986
8958,0.4342986
8959,0.4342986
8960,0.4342986
8961,0.4342986
8962,0.4342986
8963,0.4342986
8964,0.4342986
8965,0.4342986
8966,0.4342986
8967,0.4342986
8968,0.4342986
8969,0.4342986
8970,0.4342986
8971,0.4342986
8972,0.4342986
8973,0.4342986
8974,0.4342986
8975,0.4342986
8976,0.4342986
8977,0.4342986
8978,0.4342986
8979,0.4342986
8980,0.4342986
8981,0.4342986
8982,0.4342986
8983,0.4342986
8984,0.4342986
8985,0.4342986
8986,0.4342986
8987,0.4342986
8988,0.4342986
8989,0.4342986
8990,0.4342986
8991,0.4342986
8992,0.4342986
8993,0.4342986
8994,0.4342986
8995,0.4342986
8996,0.4342986
8997,0.4342986
8998,0.4342986
8999,0.4342986
9000,0.4342986
9001,0.4342986
9002,0.4342986
9003,0.4342986
9004,0.4342986
9005,0.4342986
9006,0.4342986
9007,0.4342986
9008,0.4342986
9009,0.4342986
9010,0.4342986
9011,0.4342986
9012,0.4342986
9013,0.4342986
9014,0.4342986
9015,0.4342986
9016,0.4342986
9017,0.4342986
9018,0.4342986
9019,0.4342986
9020,0.4342986
9021,0.4342986
9022,0.4342986
9023,0.4342986
9024,0.4342986
9025,0.4342986
9026,0.4342986
9027,0.4342986
9028,0.4342986
9029,0.4342986
9030,0.4342986
9031,0.4342986
9032,0.4342986
9033,0.4342986
9034,0.4342986
9035,0.4342986
9036,0.4342986
9037,0.4342986
9038,0.4342986
9039,0.4342986
9040,0.4342986
9041,0.4342986
9042,0.4342986
9043,0.4342986
9044,0.4342986
9045,0.4342986
9046,0.4342986
9047,0.4342986
9048,0.4342986
9049,0.4342986
9050,0.4342986
9051,0.4342986
9052,0.4342986
9053,0.4342986
9054,0.4342986
9055,0.4342986
9056,0.4342986
9057,0.4342986
9058,0.4342986
9059,0.4342986
9060,0.4342986
9061,0.4342986
9062,0.4342986
9063,0.4342986
9064,0.4342986
9065,0.4342986
9066,0.4342986
9067,0.4342986
9068,0.4342986
9069,0.4342986
9070,0.4342986
9071,0.4342986
9072,0.4342986
9073,0.4342986
9074,0.4342986
9075,0.4342986
9076,0.4342986
9077,0.4342986
9078,0.4342986
9079,0.4342986
9080,0.4342986
9081,0.4342986
9082,0.4342986
9083,0.4342986
9084,0.4342986
9085,0.4342986
9086,0.4342986
9087,0.4342986
9088,0.4342986
9089,0.4342986
9090,0.4342986
9091,0.4342986
9092,0.4342986
9093,0.4342986
9094,0.4342986
9095,0.4342986
9096,0.4342986
9097,0.4342986
9098,0.4342986
9099,0.4342986
9100,0.4342986
9101,0.4342986
9102,0.4342986
9103,0.4342986
9104,0.4342986
9105,0.4342986
9106,0.4342986
9107,0.4342986
9108,0.4342986
9109,0.4342986
9110,0.4342986
9111,0.4342986
9112,0.4342986
9113,0.4342986
9114,0.4342986
9115,0.4342986
9116,0.4342986
9117,0.4342986
9118,0.4342986
9119,0.4342986
9120,0.4342986
9121,0.4342986
9122,0.4342986
9123,0.4342986
9124,0.4342986
9125,0.4342986
9126,0.4342986
9127,0.4342986
9128,0.4342986
9129,0.4342986
9130,0.4342986
9131,0.4342986
9132,0.4342986
9133,0.4342986
9134,0.4342986
9135,0.4342986
9136,0.4342986
9137,0.4342986
9138,0.4342986
9139,0.4342986
9140,0.4342986
9141,0.4342986
9142,0.4342986
9143,0.4342986
9144,0.4342986
9145,0.4342986
9146,0.4342986
9147,0.4342986
9148,0.4342986
9149,0.4342986
9150,0.4342986
9151,0.4342986
9152,0.4342986
9153,0.4342986
9154,0.4342986
9155,0.4342986
9156,0.4342986
9157,0.4342986
9158,0.4342986
9159,0.4342986
9160,0.4342986
9161,0.4342986
9162,0.4342986
9163,0.4342986
9164,0.4342986
9165,0.4342986
9166,0.4342986
9167,0.4342986
9168,0.4342986
9169,0.4342986
9170,0.4342986
9171,0.4342986
9172,0.4342986
9173,0.4342986
9174,0.4342986
9175,0.4342986
9176,0.4342986
9177,0.4342986
9178,0.4342986
9179,0.4342986
9180,0.4342986
9181,0.4342986
9182,0.4342986
9183,0.4342986
9184,0.4342986
9185,0.4342986
9186,0.4342986
9187,0.4342986
9188,0.4342986
9189,0.4342986
9190,0.4342986
9191,0.4342986
9192,0.4342986
9193,0.4342986
9194,0.4342986
9195,0.4342986
9196,0.4342986
9197,0.4342986
9198,0.4342986
9199,0.4342986
9200,0.4342986
9201,0.4342986
9202,0.4342986
9203,0.4342986
9204,0.4342986
9205,0.4342986
9206,0.4342986
9207,0.4342986
9208,0.4342986
9209,0.4342986
9210,0.4342986
9211,0.4342986
9212,0.4342986
9213,0.4342986
9214,0.4342986
9215,0.4342986
9216,0.4342986
9217,0.4342986
9218,0.4342986
9219,0.4342986
9220,0.4342986
9221,0.4342986
9222,0.4342986
9223,0.4342986
9224,0.4342986
9225,0.4342986
9226,0.4342986
9227,0.4342986
9228,0.4342986
9229,0.4342986
9230,0.4342986
9231,0.4342986
9232,0.4342986
9233,0.4342986
9234,0.4342986
9235,0.4342986
9236,0.4342986
9237,0.4342986
9238,0.4342986
9239,0.4342986
9240,0.4342986
9241,0.4342986
9242,0.4342986
9243,0.4342986
9244,0.4342986
9245,0.4342986
9246,0.4342986
9247,0.4342986
9248,0.4342986
9249,0.4342986
9250,0.4342986
9251,0.4342986
9252,0.4342986
9253,0.4342986
9254,0.4342986
9255,0.4342986
9256,0.4342986
9257,0.4342986
9258,0.4342986
9259,0.4342986
9260,0.4342986
9261,0.4342986
9262,0.4342986
9263,0.4342986
9264,0.4342986
9265,0.4342986
9266,0.4342986
9267,0.4342986
9268,0.4342986
9269,0.4342986
9270,0.4342986
9271,0.4342986
9272,0.4342986
9273,0.4342986
9274,0.4342986
9275,0.4342986
9276,0.4342986
9277,0.4342986
9278,0.4342986
9279,0.4342986
9280,0.4342986
9281,0.4342986
9282,0.4342986
9283,0.4342986
9284,0.4342986
9285,0.4342986
9286,0.4342986
9287,0.4342986
9288,0.4342986
9289,0.4342986
9290,0.4342986
9291,0.4342986
9292,0.4342986
9293,0.4342986
9294,0.4342986
9295,0.4342986
9296,0.4342986
9297,0.4342986
9298,0.4342986
9299,0.4342986
9300,0.4342986
9301,0.4342986
9302,0.4342986
9303,0.4342986
9304,0.4342986
9305,0.4342986
9306,0.4342986
9307,0.4342986
9308,0.4342986
9309,0.4342986
9310,0.4342986
9311,0.4342986
9312,0.4342986
9313,0.4342986
9314,0.4342986
9315,0.4342986
9316,0.4342986
9317,0.4342986
9318,0.4342986
9319,0.4342986
9320,0.4342986
9321,0.4342986
9322,0.4342986
9323,0.4342986
9324,0.4342986
9325,0.4342986
9326,0.4342986
9327,0.4342986
9328,0.4342986
9329,0.4342986
9330,0.4342986
9331,0.4342986
9332,0.4342986
9333,0.4342986
9334,0.4342986
9335,0.4342986
9336,0.4342986
9337,0.4342986
9338,0.4342986
9339,0.4342986
9340,0.4342986
9341,0.4342986
9342,0.4342986
9343,0.4342986
9344,0.4342986
9345,0.4342986
9346,0.4342986
9347,0.4342986
9348,0.4342986
9349,0.4342986
9350,0.4342986
9351,0.4342986
9352,0.4342986
9353,0.4342986
9354,0.4342986
9355,0.4342986
9356,0.4342986
9357,0.4342986
9358,0.4342986
9359,0.4342986
9360,0.4342986
9361,0.4342986
9362,0.4342986
9363,0.4342986
9364,0.4342986
9365,0.4342986
9366,0.4342986
9367,0.4342986
9368,0.4342986
9369,0.4342986
9370,0.4342986
9371,0.4342986
9372,0.4342986
9373,0.4342986
9374,0.4342986
9375,0.4342986
9376,0.4342986
9377,0.4342986
9378,0.4342986
9379,0.4342986
9380,0.4342986
9381,0.4342986
9382,0.4342986
9383,0.4342986
9384,0.4342986
9385,0.4342986
9386,0.4342986
9387,0.4342986
9388,0.4342986
9389,0.4342986
9390,0.4342986
9391,0.4342986
9392,0.4342986
9393,0.4342986
9394,0.4342986
9395,0.4342986
9396,0.4342986
9397,0.4342986
9398,0.4342986
9399,0.4342986
9400,0.4342986
9401,0.4342986
9402,0.4342986
9403,0.4342986
9404,0.4342986
9405,0.4342986
9406,0.4342986
9407,0.4342986
9408,0.4342986
9409,0.4342986
9410,0.4342986
9411,0.4342986
9412,0.4342986
9413,0.4342986
9414,0.4342986
9415,0.4342986
9416,0.4342986
9417,0.4342986
9418,0.4342986
9419,0.4342986
9420,0.4342986
9421,0.4342986
9422,0.4342986
9423,0.4342986
9424,0.4342986
9425,0.4342986
9426,0.4342986
9427,0.4342986
9428,0.4342986
9429,0.4342986
9430,0.4342986
9431,0.4342986
9432,0.4342986
9433,0.4342986
9434,0.4342986
9435,0.4342986
9436,0.4342986
9437,0.4342986
9438,0.4342986
9439,0.4342986
9440,0.4342986
9441,0.4342986
9442,0.4342986
9443,0.4342986
9444,0.4342986
9445,0.4342986
9446,0.4342986
9447,0.4342986
9448,0.4342986
9449,0.4342986
9450,0.4342986
9451,0.4342986
9452,0.4342986
9453,0.4342986
9454,0.4342986
9455,0.4342986
9456,0.4342986
9457,0.4342986
9458,0.4342986
9459,0.4342986
9460,0.4342986
9461,0.4342986
9462,0.4342986
9463,0.4342986
9464,0.4342986
9465,0.4342986
9466,0.4342986
9467,0.4342986
9468,0.4342986
9469,0.4342986
9470,0.4342986
9471,0.4342986
9472,0.4342986
9473,0.4342986
9474,0.4342986
9475,0.4342986
9476,0.4342986
9477,0.4342986
9478,0.4342986
9479,0.4342986
9480,0.4342986
9481,0.4342986
9482,0.4342986
9483,0.4342986
9484,0.4342986
9485,0.4342986
9486,0.4342986
9487,0.4342986
9488,0.4342986
9489,0.4342986
9490,0.4342986
9491,0.4342986
9492,0.4342986
9493,0.4342986
9494,0.4342986
9495,0.4342986
9496,0.4342986
9497,0.4342986
9498,0.4342986
9499,0.4342986
9500,0.4342986
9501,0.4342986
9502,0.4342986
9503,0.4342986
9504,0.4342986
9505,0.4342986
9506,0.4342986
9507,0.4342986
9508,0.4342986
9509,0.4342986
9510,0.4342986
9511,0.4342986
9512,0.4342986
9513,0.4342986
9514,0.4342986
9515,0.4342986
9516,0.4342986
9517,0.4342986
9518,0.4342986
9519,0.4342986
9520,0.4342986
9521,0.4342986
9522,0.4342986
9523,0.4342986
9524,0.4342986
9525,0.4342986
9526,0.4342986
9527,0.4342986
9528,0.4342986
9529,0.4342986
9530,0.4342986
9531,0.4342986
9532,0.4342986
9533,0.4342986
9534,0.4342986
9535,0.4342986
9536,0.4342986
9537,0.4342986
9538,0.4342986
9539,0.4342986
9540,0.4342986
9541,0.4342986
9542,0.4342986
9543,0.4342986
9544,0.4342986
9545,0.4342986
9546,0.4342986
9547,0.4342986
9548,0.4342986
9549,0.4342986
9550,0.4342986
9551,0.4342986
9552,0.4342986
9553,0.4342986
9554,0.4342986
9555,0.4342986
9556,0.4342986
9557,0.4342986
9558,0.4342986
9559,0.4342986
9560,0.4342986
9561,0.4342986
9562,0.4342986
9563,0.4342986
9564,0.4342986
9565,0.4342986
9566,0.4342986
9567,0.4342986
9568,0.4342986
9569,0.4342986
9570,0.4342986
9571,0.4342986
9572,0.4342986
9573,0.4342986
9574,0.4342986
9575,0.4342986
9576,0.4342986
9577,0.4342986
9578,0.4342986
9579,0.4342986
9580,0.4342986
9581,0.4342986
9582,0.4342986
9583,0.4342986
9584,0.4342986
9585,0.4342986
9586,0.4342986
9587,0.4342986
9588,0.4342986
9589,0.4342986
9590,0.4342986
9591,0.4342986
9592,0.4342986
9593,0.4342986
9594,0.4342986
9595,0.4342986
9596,0.4342986
9597,0.4342986
9598,0.4342986
9599,0.4342986
9600,0.4342986
9601,0.4342986
9602,0.4342986
9603,0.4342986
9604,0.4342986
9605,0.4342986
9606,0.4342986
9607,0.4342986
9608,0.4342986
9609,0.4342986
9610,0.4342986
9611,0.4342986
9612,0.4342986
9613,0.4342986
9614,0.4342986
9615,0.4342986
9616,0.4342986
9617,0.4342986
9618,0.4342986
9619,0.4342986
9620,0.4342986
9621,0.4342986
9622,0.4342986
9623,0.4342986
9624,0.4342986
9625,0.4342986
9626,0.4342986
9627,0.4342986
9628,0.4342986
9629,0.4342986
9630,0.4342986
9631,0.4342986
9632,0.4342986
9633,0.4342986
9634,0.4342986
9635,0.4342986
9636,0.4342986
9637,0.4342986
9638,0.4342986
9639,0.4342986
9640,0.4342986
9641,0.4342986
9642,0.4342986
9643,0.4342986
9644,0.4342986
9645,0.4342986
9646,0.4342986
9647,0.4342986
9648,0.4342986
9649,0.4342986
9650,0.4342986
9651,0.4342986
9652,0.4342986
9653,0.4342986
9654,0.4342986
9655,0.4342986
9656,0.4342986
9657,0.4342986
9658,0.4342986
9659,0.4342986
9660,0.4342986
9661,0.4342986
9662,0.4342986
9663,0.4342986
9664,0.4342986
9665,0.4342986
9666,0.4342986
9667,0.4342986
9668,0.4342986
9669,0.4342986
9670,0.4342986
9671,0.4342986
9672,0.4342986
9673,0.4342986
9674,0.4342986
9675,0.4342986
9676,0.4342986
9677,0.4342986
9678,0.4342986
9679,0.4342986
9680,0.4342986
9681,0.4342986
9682,0.4342986
9683,0.4342986
9684,0.4342986
9685,0.4342986
9686,0.4342986
9687,0.4342986
9688,0.4342986
9689,0.4342986
9690,0.4342986
9691,0.4342986
9692,0.4342986
9693,0.4342986
9694,0.4342986
9695,0.4342986
9696,0.4342986
9697,0.4342986
9698,0.4342986
9699,0.4342986
9700,0.4342986
9701,0.4342986
9702,0.4342986
9703,0.4342986
9704,0.4342986
9705,0.4342986
9706,0.4342986
9707,0.4342986
9708,0.4342986
9709,0.4342986
9710,0.4342986
9711,0.4342986
9712,0.4342986
9713,0.4342986
9714,0.4342986
9715,0.4342986
9716,0.4342986
9717,0.4342986
9718,0.4342986
9719,0.4342986
9720,0.4342986
9721,0.4342986
9722,0.4342986
9723,0.4342986
9724,0.4342986
9725,0.4342986
9726,0.4342986
9727,0.4342986
9728,0.4342986
9729,0.4342986
9730,0.4342986
9731,0.4342986
9732,0.4342986
9733,0.4342986
9734,0.4342986
9735,0.4342986
9736,0.4342986
9737,0.4342986
9738,0.4342986
9739,0.4342986
9740,0.4342986
9741,0.4342986
9742,0.4342986
9743,0.4342986
9744,0.4342986
9745,0.4342986
9746,0.4342986
9747,0.4342986
9748,0.4342986
9749,0.4342986
9750,0.4342986
9751,0.4342986
9752,0.4342986
9753,0.4342986
9754,0.4342986
9755,0.4342986
9756,0.4342986
9757,0.4342986
9758,0.4342986
9759,0.4342986
9760,0.4342986
9761,0.4342986
9762,0.4342986
9763,0.4342986
9764,0.4342986
9765,0.4342986
9766,0.4342986
9767,0.4342986
9768,0.4342986
9769,0.4342986
9770,0.4342986
9771,0.4342986
9772,0.4342986
9773,0.4342986
9774,0.4342986
9775,0.4342986
9776,0.4342986
9777,0.4342986
9778,0.4342986
9779,0.4342986
9780,0.4342986
9781,0.4342986
9782,0.4342986
9783,0.4342986
9784,0.4342986
9785,0.4342986
9786,0.4342986
9787,0.4342986
9788,0.4342986
9789,0.4342986
9790,0.4342986
9791,0.4342986
9792,0.4342986
9793,0.4342986
9794,0.4342986
9795,0.4342986
9796,0.4342986
9797,0.4342986
9798,0.4342986
9799,0.4342986
9800,0.4342986
9801,0.4342986
9802,0.4342986
9803,0.4342986
9804,0.4342986
9805,0.4342986
9806,0.4342986
9807,0.4342986
9808,0.4342986
9809,0.4342986
9810,0.4342986
9811,0.4342986
9812,0.4342986
9813,0.4342986
9814,0.4342986
9815,0.4342986
9816,0.4342986
9817,0.4342986
9818,0.4342986
9819,0.4342986
9820,0.4342986
9821,0.4342986
9822,0.4342986
9823,0.4342986
9824,0.4342986
9825,0.4342986
9826,0.4342986
9827,0.4342986
9828,0.4342986
9829,0.4342986
9830,0.4342986
9831,0.4342986
9832,0.4342986
9833,0.4342986
9834,0.4342986
9835,0.4342986
9836,0.4342986
9837,0.4342986
9838,0.4342986
9839,0.4342986
9840,0.4342986
9841,0.4342986
9842,0.4342986
9843,0.4342986
9844,0.4342986
9845,0.4342986
9846,0.4342986
9847,0.4342986
9848,0.4342986
9849,0.4342986
9850,0.4342986
9851,0.4342986
9852,0.4342986
9853,0.4342986
9854,0.4342986
9855,0.4342986
9856,0.4342986
9857,0.4342986
9858,0.4342986
9859,0.4342986
9860,0.4342986
9861,0.4342986
9862,0.4342986
9863,0.4342986
9864,0.4342986
9865,0.4342986
9866,0.4342986
9867,0.4342986
9868,0.4342986
9869,0.4342986
9870,0.4342986
9871,0.4342986
9872,0.4342986
9873,0.4342986
9874,0.4342986
9875,0.4342986
9876,0.4342986
9877,0.4342986
9878,0.4342986
9879,0.4342986
9880,0.4342986
9881,0.4342986
9882,0.4342986
9883,0.4342986
9884,0.4342986
9885,0.4342986
9886,0.4342986
9887,0.4342986
9888,0.4342986
9889,0.4342986
9890,0.4342986
9891,0.4342986
9892,0.4342986
9893,0.4342986
9894,0.4342986
9895,0.4342986
9896,0.4342986
9897,0.4342986
9898,0.4342986
9899,0.4342986
9900,0.4342986
9901,0.4342986
9902,0.4342986
9903,0.4342986
9904,0.4342986
9905,0.4342986
9906,0.4342986
9907,0.4342986
9908,0.4342986
9909,0.4342986
9910,0.4342986
9911,0.4342986
9912,0.4342986
9913,0.4342986
9914,0.4342986
9915,0.4342986
9916,0.4342986
9917,0.4342986
9918,0.4342986
9919,0.4342986
9920,0.4342986
9921,0.4342986
9922,0.4342986
9923,0.4342986
9924,0.4342986
9925,0.4342986
9926,0.4342986
9927,0.4342986
9928,0.4342986
9929,0.4342986
9930,0.4342986
9931,0.4342986
9932,0.4342986
9933,0.4342986
9934,0.4342986
9935,0.4342986
9936,0.4342986
9937,0.4342986
9938,0.4342986
9939,0.4342986
9940,0.4342986
9941,0.4342986
9942,0.4342986
9943,0.4342986
9944,0.4342986
9945,0.4342986
9946,0.4342986
9947,0.4342986
9948,0.4342986
9949,0.4342986
9950,0.4342986
9951,0.4342986
9952,0.4342986
9953,0.4342986
9954,0.4342986
9955,0.4342986
9956,0.4342986
9957,0.4342986
9958,0.4342986
9959,0.4342986
9960,0.4342986
9961,0.4342986
9962,0.4342986
9963,0.4342986
9964,0.4342986
9965,0.4342986
9966,0.4342986
9967,0.4342986
9968,0.4342986
9969,0.4342986
9970,0.4342986
9971,0.4342986
9972,0.4342986
9973,0.4342986
9974,0.4342986
9975,0.4342986
9976,0.4342986
9977,0.4342986
9978,0.4342986
9979,0.4342986
9980,0.4342986
9981,0.4342986
9982,0.4342986
9983,0.4342986
9984,0.4342986
9985,0.4342986
9986,0.4342986
9987,0.4342986
9988,0.4342986
9989,0.4342986
9990,0.4342986
9991,0.4342986
9992,0.4342986
9993,0.4342986
9994,0.4342986
9995,0.4342986
9996,0.4342986
9997,0.4342986
9998,0.4342986
9999,0.4342986
10000,0.4342986
10001,0.4342986
10002,0.4342986
10003,0.4342986
10004,0.4342986
10005,0.4342986
10006,0.4342986
10007,0.4342986
10008,0.4342986
10009,0.4342986
10010,0.4342986
10011,0.4342986
10012,0.4342986
10013,0.4342986
10014,0.4342986
10015,0.4342986
10016,0.4342986
10017,0.4342986
10018,0.4342986
10019,0.4342986
10020,0.4342986
10021,0.4342986
10022,0.4342986
10023,0.4342986
10024,0.4342986
10025,0.4342986
10026,0.4342986
10027,0.4342986
10028,0.4342986
10029,0.4342986
10030,0.4342986
10031,0.4342986
10032,0.4342986
10033,0.4342986
10034,0.4342986
10035,0.4342986
10036,0.4342986
10037,0.4342986
10038,0.4342986
10039,0.4342986
10040,0.4342986
10041,0.4342986
10042,0.4342986
10043,0.4342986
10044,0.4342986
10045,0.4342986
10046,0.4342986
10047,0.4342986
10048,0.4342986
10049,0.4342986
10050,0.4342986
10051,0.4342986
10052,0.4342986
10053,0.4342986
10054,0.4342986
10055,0.4342986
10056,0.4342986
10057,0.4342986
10058,0.4342986
10059,0.4342986
10060,0.4342986
10061,0.4342986
10062,0.4342986
10063,0.4342986
10064,0.4342986
10065,0.4342986
10066,0.4342986
10067,0.4342986
10068,0.4342986
10069,0.4342986
10070,0.4342986
10071,0.4342986
10072,0.4342986
10073,0.4342986
10074,0.4342986
10075,0.4342986
10076,0.4342986
10077,0.4342986
10078,0.4342986
10079,0.4342986
10080,0.4342986
10081,0.4342986
10082,0.4342986
10083,0.4342986
10084,0.4342986
10085,0.4342986
10086,0.4342986
10087,0.4342986
10088,0.4342986
10089,0.4342986
10090,0.4342986
10091,0.4342986
10092,0.4342986
10093,0.4342986
10094,0.4342986
10095,0.4342986
10096,0.4342986
10097,0.4342986
10098,0.4342986
10099,0.4342986
10100,0.4342986
10101,0.4342986
10102,0.4342986
10103,0.4342986
10104,0.4342986
10105,0.4342986
10106,0.4342986
10107,0.4342986
10108,0.4342986
10109,0.4342986
10110,0.4342986
10111,0.4342986
10112,0.4342986
10113,0.4342986
10114,0.4342986
10115,0.4342986
10116,0.4342986
10117,0.4342986
10118,0.4342986
10119,0.4342986
10120,0.4342986
10121,0.4342986
10122,0.4342986
10123,0.4342986
10124,0.4342986
10125,0.4342986
10126,0.4342986
10127,0.4342986
10128,0.4342986
10129,0.4342986
10130,0.4342986
10131,0.4342986
10132,0.4342986
10133,0.4342986
10134,0.4342986
10135,0.4342986
10136,0.4342986
10137,0.4342986
10138,0.4342986
10139,0.4342986
10140,0.4342986
10141,0.4342986
10142,0.4342986
10143,0.4342986
10144,0.4342986
10145,0.4342986
10146,0.4342986
10147,0.4342986
10148,0.4342986
10149,0.4342986
10150,0.4342986
10151,0.4342986
10152,0.4342986
10153,0.4342986
10154,0.4342986
10155,0.4342986
10156,0.4342986
10157,0.4342986
10158,0.4342986
10159,0.4342986
10160,0.4342986
10161,0.4342986
10162,0.4342986
10163,0.4342986
10164,0.4342986
10165,0.4342986
10166,0.4342986
10167,0.4342986
10168,0.4342986
10169,0.4342986
10170,0.4342986
10171,0.4342986
10172,0.4342986
10173,0.4342986
10174,0.4342986
10175,0.4342986
10176,0.4342986
10177,0.4342986
10178,0.4342986
10179,0.4342986
10180,0.4342986
10181,0.4342986
10182,0.4342986
10183,0.4342986
10184,0.4342986
10185,0.4342986
10186,0.4342986
10187,0.4342986
10188,0.4342986
10189,0.4342986
10190,0.4342986
10191,0.4342986
10192,0.4342986
10193,0.4342986
10194,0.4342986
10195,0.4342986
10196,0.4342986
10197,0.4342986
10198,0.4342986
10199,0.4342986
10200,0.4342986
10201,0.4342986
10202,0.4342986
10203,0.4342986
10204,0.4342986
10205,0.4342986
10206,0.4342986
10207,0.4342986
10208,0.4342986
10209,0.4342986
10210,0.4342986
10211,0.4342986
10212,0.4342986
10213,0.4342986
10214,0.4342986
10215,0.4342986
10216,0.4342986
10217,0.4342986
10218,0.4342986
10219,0.4342986
10220,0.4342986
10221,0.4342986
10222,0.4342986
10223,0.4342986
10224,0.4342986
10225,0.4342986
10226,0.4342986
10227,0.4342986
10228,0.4342986
10229,0.4342986
10230,0.4342986
10231,0.4342986
10232,0.4342986
10233,0.4342986
10234,0.4342986
10235,0.4342986
10236,0.4342986
10237,0.4342986
10238,0.4342986
10239,0.4342986
10240,0.4342986
10241,0.4342986
10242,0.4342986
10243,0.4342986
10244,0.4342986
10245,0.4342986
10246,0.4342986
10247,0.4342986
10248,0.4342986
10249,0.4342986
10250,0.4342986
10251,0.4342986
10252,0.4342986
10253,0.4342986
10254,0.4342986
10255,0.4342986
10256,0.4342986
10257,0.4342986
10258,0.4342986
10259,0.4342986
10260,0.4342986
10261,0.4342986
10262,0.4342986
10263,0.4342986
10264,0.4342986
10265,0.4342986
10266,0.4342986
10267,0.4342986
10268,0.4342986
10269,0.4342986
10270,0.4342986
10271,0.4342986
10272,0.4342986
10273,0.4342986
10274,0.4342986
10275,0.4342986
10276,0.4342986
10277,0.4342986
10278,0.4342986
10279,0.4342986
10280,0.4342986
10281,0.4342986
10282,0.4342986
10283,0.4342986
10284,0.4342986
10285,0.4342986
10286,0.4342986
10287,0.4342986
10288,0.4342986
10289,0.4342986
10290,0.4342986
10291,0.4342986
10292,0.4342986
10293,0.4342986
10294,0.4342986
10295,0.4342986
10296,0.4342986
10297,0.4342986
10298,0.4342986
10299,0.4342986
10300,0.4342986
10301,0.4342986
10302,0.4342986
10303,0.4342986
10304,0.4342986
10305,0.4342986
10306,0.4342986
10307,0.4342986
10308,0.4342986
10309,0.4342986
10310,0.4342986
10311,0.4342986
10312,0.4342986
10313,0.4342986
10314,0.4342986
10315,0.4342986
10316,0.4342986
10317,0.4342986
10318,0.4342986
10319,0.4342986
10320,0.4342986
10321,0.4342986
10322,0.4342986
10323,0.4342986
10324,0.4342986
10325,0.4342986
10326,0.4342986
10327,0.4342986
10328,0.4342986
10329,0.4342986
10330,0.4342986
10331,0.4342986
10332,0.4342986
10333,0.4342986
10334,0.4342986
10335,0.4342986
10336,0.4342986
10337,0.4342986
10338,0.4342986
10339,0.4342986
10340,0.4342986
10341,0.4342986
10342,0.4342986
10343,0.4342986
10344,0.4342986
10345,0.4342986
10346,0.4342986
10347,0.4342986
10348,0.4342986
10349,0.4342986
10350,0.4342986
10351,0.4342986
10352,0.4342986
10353,0.4342986
10354,0.4342986
10355,0.4342986
10356,0.4342986
10357,0.4342986
10358,0.4342986
10359,0.4342986
10360,0.4342986
10361,0.4342986
10362,0.4342986
10363,0.4342986
10364,0.4342986
10365,0.4342986
10366,0.4342986
10367,0.4342986
10368,0.4342986
10369,0.4342986
10370,0.4342986
10371,0.4342986
10372,0.4342986
10373,0.4342986
10374,0.4342986
10375,0.4342986
10376,0.4342986
10377,0.4342986
10378,0.4342986
10379,0.4342986
10380,0.4342986
10381,0.4342986
10382,0.4342986
10383,0.4342986
10384,0.4342986
10385,0.4342986
10386,0.4342986
10387,0.4342986
10388,0.4342986
10389,0.4342986
10390,0.4342986
10391,0.4342986
10392,0.4342986
10393,0.4342986
10394,0.4342986
10395,0.4342986
10396,0.4342986
10397,0.4342986
10398,0.4342986
10399,0.4342986
10400,0.4342986
10401,0.4342986
10402,0.4342986
10403,0.4342986
10404,0.4342986
10405,0.4342986
10406,0.4342986
10407,0.4342986
10408,0.4342986
10409,0.4342986
10410,0.4342986
10411,0.4342986
10412,0.4342986
10413,0.4342986
10414,0.4342986
10415,0.4342986
10416,0.4342986
10417,0.4342986
10418,0.4342986
10419,0.4342986
10420,0.4342986
10421,0.4342986
10422,0.4342986
10423,0.4342986
10424,0.4342986
10425,0.4342986
10426,0.4342986
10427,0.4342986
10428,0.4342986
10429,0.4342986
10430,0.4342986
10431,0.4342986
10432,0.4342986
10433,0.4342986
10434,0.4342986
10435,0.4342986
10436,0.4342986
10437,0.4342986
10438,0.4342986
10439,0.4342986
10440,0.4342986
10441,0.4342986
10442,0.4342986
10443,0.4342986
10444,0.4342986
10445,0.4342986
10446,0.4342986
10447,0.4342986
10448,0.4342986
10449,0.4342986
10450,0.4342986
10451,0.4342986
10452,0.4342986
10453,0.4342986
10454,0.4342986
10455,0.4342986
10456,0.4342986
10457,0.4342986
10458,0.4342986
10459,0.4342986
10460,0.4342986
10461,0.4342986
10462,0.4342986
10463,0.4342986
10464,0.4342986
10465,0.4342986
10466,0.4342986
10467,0.4342986
10468,0.4342986
10469,0.4342986
10470,0.4342986
10471,0.4342986
10472,0.4342986
10473,0.4342986
10474,0.4342986
10475,0.4342986
10476,0.4342986
10477,0.4342986
10478,0.4342986
10479,0.4342986
10480,0.4342986
10481,0.4342986
10482,0.4342986
10483,0.4342986
10484,0.4342986
10485,0.4342986
10486,0.4342986
10487,0.4342986
10488,0.4342986
10489,0.4342986
10490,0.4342986
10491,0.4342986
10492,0.4342986
10493,0.4342986
10494,0.4342986
10495,0.4342986
10496,0.4342986
10497,0.4342986
10498,0.4342986
10499,0.4342986
10500,0.4342986
10501,0.4342986
10502,0.4342986
10503,0.4342986
10504,0.4342986
10505,0.4342986
10506,0.4342986
10507,0.4342986
10508,0.4342986
10509,0.4342986
10510,0.4342986
10511,0.4342986
10512,0.4342986
10513,0.4342986
10514,0.4342986
10515,0.4342986
10516,0.4342986
10517,0.4342986
10518,0.4342986
10519,0.4342986
10520,0.4342986
10521,0.4342986
10522,0.4342986
10523,0.4342986
10524,0.4342986
10525,0.4342986
10526,0.4342986
10527,0.4342986
10528,0.4342986
10529,0.4342986
10530,0.4342986
10531,0.4342986
10532,0.4342986
10533,0.4342986
10534,0.4342986
10535,0.4342986
10536,0.4342986
10537,0.4342986
10538,0.4342986
10539,0.4342986
10540,0.4342986
10541,0.4342986
10542,0.4342986
10543,0.4342986
10544,0.4342986
10545,0.4342986
10546,0.4342986
10547,0.4342986
10548,0.4342986
10549,0.4342986
10550,0.4342986
10551,0.4342986
10552,0.4342986
10553,0.4342986
10554,0.4342986
10555,0.4342986
10556,0.4342986
10557,0.4342986
10558,0.4342986
10559,0.4342986
10560,0.4342986
10561,0.4342986
10562,0.4342986
10563,0.4342986
10564,0.4342986
10565,0.4342986
10566,0.4342986
10567,0.4342986
10568,0.4342986
10569,0.4342986
10570,0.4342986
10571,0.4342986
10572,0.4342986
10573,0.4342986
10574,0.4342986
10575,0.4342986
10576,0.4342986
10577,0.4342986
10578,0.4342986
10579,0.4342986
10580,0.4342986
10581,0.4342986
10582,0.4342986
10583,0.4342986
10584,0.4342986
10585,0.4342986
10586,0.4342986
10587,0.4342986
10588,0.4342986
10589,0.4342986
10590,0.4342986
10591,0.4342986
10592,0.4342986
10593,0.4342986
10594,0.4342986
10595,0.4342986
10596,0.4342986
10597,0.4342986
10598,0.4342986
10599,0.4342986
10600,0.4342986
10601,0.4342986
10602,0.4342986
10603,0.4342986
10604,0.4342986
10605,0.4342986
10606,0.4342986
10607,0.4342986
10608,0.4342986
10609,0.4342986
10610,0.4342986
10611,0.4342986
10612,0.4342986
10613,0.4342986
10614,0.4342986
10615,0.4342986
10616,0.4342986
10617,0.4342986
10618,0.4342986
10619,0.4342986
10620,0.4342986
10621,0.4342986
10622,0.4342986
10623,0.4342986
10624,0.4342986
10625,0.4342986
10626,0.4342986
10627,0.4342986
10628,0.4342986
10629,0.4342986
10630,0.4342986
10631,0.4342986
10632,0.4342986
10633,0.4342986
10634,0.4342986
10635,0.4342986
10636,0.4342986
10637,0.4342986
10638,0.4342986
10639,0.4342986
10640,0.4342986
10641,0.4342986
10642,0.4342986
10643,0.4342986
10644,0.4342986
10645,0.4342986
10646,0.4342986
10647,0.4342986
10648,0.4342986
10649,0.4342986
10650,0.4342986
10651,0.4342986
10652,0.4342986
10653,0.4342986
10654,0.4342986
10655,0.4342986
10656,0.4342986
10657,0.4342986
10658,0.4342986
10659,0.4342986
10660,0.4342986
10661,0.4342986
10662,0.4342986
10663,0.4342986
10664,0.4342986
10665,0.4342986
10666,0.4342986
10667,0.4342986
10668,0.4342986
10669,0.4342986
10670,0.4342986
10671,0.4342986
10672,0.4342986
10673,0.4342986
10674,0.4342986
10675,0.4342986
10676,0.4342986
10677,0.4342986
10678,0.4342986
10679,0.4342986
10680,0.4342986
10681,0.4342986
10682,0.4342986
10683,0.4342986
10684,0.4342986
10685,0.4342986
10686,0.4342986
10687,0.4342986
10688,0.4342986
10689,0.4342986
10690,0.4342986
10691,0.4342986
10692,0.4342986
10693,0.4342986
10694,0.4342986
10695,0.4342986
10696,0.4342986
10697,0.4342986
10698,0.4342986
10699,0.4342986
10700,0.4342986
10701,0.4342986
10702,0.4342986
10703,0.4342986
10704,0.4342986
10705,0.4342986
10706,0.4342986
10707,0.4342986
10708,0.4342986
10709,0.4342986
10710,0.4342986
10711,0.4342986
10712,0.4342986
10713,0.4342986
10714,0.4342986
10715,0.4342986
10716,0.4342986
10717,0.4342986
10718,0.4342986
10719,0.4342986
10720,0.4342986
10721,0.4342986
10722,0.4342986
10723,0.4342986
10724,0.4342986
10725,0.4342986
10726,0.4342986
10727,0.4342986
10728,0.4342986
10729,0.4342986
10730,0.4342986
10731,0.4342986
10732,0.4342986
10733,0.4342986
10734,0.4342986
10735,0.4342986
10736,0.4342986
10737,0.4342986
10738,0.4342986
10739,0.4342986
10740,0.4342986
10741,0.4342986
10742,0.4342986
10743,0.4342986
10744,0.4342986
10745,0.4342986
10746,0.4342986
10747,0.4342986
10748,0.4342986
10749,0.4342986
10750,0.4342986
10751,0.4342986
10752,0.4342986
10753,0.4342986
10754,0.4342986
10755,0.4342986
10756,0.4342986
10757,0.4342986
10758,0.4342986
10759,0.4342986
10760,0.4342986
10761,0.4342986
10762,0.4342986
10763,0.4342986
10764,0.4342986
10765,0.4342986
10766,0.4342986
10767,0.4342986
10768,0.4342986
10769,0.4342986
10770,0.4342986
10771,0.4342986
10772,0.4342986
10773,0.4342986
10774,0.4342986
10775,0.4342986
10776,0.4342986
10777,0.4342986
10778,0.4342986
10779,0.4342986
10780,0.4342986
10781,0.4342986
10782,0.4342986
10783,0.4342986
10784,0.4342986
10785,0.4342986
10786,0.4342986
10787,0.4342986
10788,0.4342986
10789,0.4342986
10790,0.4342986
10791,0.4342986
10792,0.4342986
10793,0.4342986
10794,0.4342986
10795,0.4342986
10796,0.4342986
10797,0.4342986
10798,0.4342986
10799,0.4342986
10800,0.4342986
10801,0.4342986
10802,0.4342986
10803,0.4342986
10804,0.4342986
10805,0.4342986
10806,0.4342986
10807,0.4342986
10808,0.4342986
10809,0.4342986
10810,0.4342986
10811,0.4342986
10812,0.4342986
10813,0.4342986
10814,0.4342986
10815,0.4342986
10816,0.4342986
10817,0.4342986
10818,0.4342986
10819,0.4342986
10820,0.4342986
10821,0.4342986
10822,0.4342986
10823,0.4342986
10824,0.4342986
10825,0.4342986
10826,0.4342986
10827,0.4342986
10828,0.4342986
10829,0.4342986
10830,0.4342986
10831,0.4342986
10832,0.4342986
10833,0.4342986
10834,0.4342986
10835,0.4342986
10836,0.4342986
10837,0.4342986
10838,0.4342986
10839,0.4342986
10840,0.4342986
10841,0.4342986
10842,0.4342986
10843,0.4342986
10844,0.4342986
10845,0.4342986
10846,0.4342986
10847,0.4342986
10848,0.4342986
10849,0.4342986
10850,0.4342986
10851,0.4342986
10852,0.4342986
10853,0.4342986
10854,0.4342986
10855,0.4342986
10856,0.4342986
10857,0.4342986
10858,0.4342986
10859,0.4342986
10860,0.4342986
10861,0.4342986
10862,0.4342986
10863,0.4342986
10864,0.4342986
10865,0.4342986
10866,0.4342986
10867,0.4342986
10868,0.4342986
10869,0.4342986
10870,0.4342986
10871,0.4342986
10872,0.4342986
10873,0.4342986
10874,0.4342986
10875,0.4342986
10876,0.4342986
10877,0.4342986
10878,0.4342986
10879,0.4342986
10880,0.4342986
10881,0.4342986
10882,0.4342986
10883,0.4342986
10884,0.4342986
10885,0.4342986
10886,0.4342986
10887,0.4342986
10888,0.4342986
10889,0.4342986
10890,0.4342986
10891,0.4342986
10892,0.4342986
10893,0.4342986
10894,0.4342986
10895,0.4342986
10896,0.4342986
10897,0.4342986
10898,0.4342986
10899,0.4342986
10900,0.4342986
10901,0.4342986
10902,0.4342986
10903,0.4342986
10904,0.4342986
10905,0.4342986
10906,0.4342986
10907,0.4342986
10908,0.4342986
10909,0.4342986
10910,0.4342986
10911,0.4342986
10912,0.4342986
10913,0.4342986
10914,0.4342986
10915,0.4342986
10916,0.4342986
10917,0.4342986
10918,0.4342986
10919,0.4342986
10920,0.4342986
10921,0.4342986
10922,0.4342986
10923,0.4342986
10924,0.4342986
10925,0.4342986
10926,0.4342986
10927,0.4342986
10928,0.4342986
10929,0.4342986
10930,0.4342986
10931,0.4342986
10932,0.4342986
10933,0.4342986
10934,0.4342986
10935,0.4342986
10936,0.4342986
10937,0.4342986
10938,0.4342986
10939,0.4342986
10940,0.4342986
10941,0.4342986
10942,0.4342986
10943,0.4342986
10944,0.4342986
10945,0.4342986
10946,0.4342986
10947,0.4342986
10948,0.4342986
10949,0.4342986
10950,0.4342986
10951,0.4342986
10952,0.4342986
10953,0.4342986
10954,0.4342986
10955,0.4342986
10956,0.4342986
10957,0.4342986
10958,0.4342986
10959,0.4342986
10960,0.4342986
10961,0.4342986
10962,0.4342986
10963,0.4342986
10964,0.4342986
10965,0.4342986
10966,0.4342986
10967,0.4342986
10968,0.4342986
10969,0.4342986
10970,0.4342986
10971,0.4342986
10972,0.4342986
10973,0.4342986
10974,0.4342986
10975,0.4342986
10976,0.4342986
10977,0.4342986
10978,0.4342986
10979,0.4342986
10980,0.4342986
10981,0.4342986
10982,0.4342986
10983,0.4342986
10984,0.4342986
10985,0.4342986
10986,0.4342986
10987,0.4342986
10988,0.4342986
10989,0.4342986
10990,0.4342986
10991,0.4342986
10992,0.4342986
10993,0.4342986
10994,0.4342986
10995,0.4342986
10996,0.4342986
10997,0.4342986
10998,0.4342986
10999,0.4342986
11000,0.4342986
11001,0.4342986
11002,0.4342986
11003,0.4342986
11004,0.4342986
11005,0.4342986
11006,0.4342986
11007,0.4342986
11008,0.4342986
11009,0.4342986
11010,0.4342986
11011,0.4342986
11012,0.4342986
11013,0.4342986
11014,0.4342986
11015,0.4342986
11016,0.4342986
11017,0.4342986
11018,0.4342986
11019,0.4342986
11020,0.4342986
11021,0.4342986
11022,0.4342986
11023,0.4342986
11024,0.4342986
11025,0.4342986
11026,0.4342986
11027,0.4342986
11028,0.4342986
11029,0.4342986
11030,0.4342986
11031,0.4342986
11032,0.4342986
11033,0.4342986
11034,0.4342986
11035,0.4342986
11036,0.4342986
11037,0.4342986
11038,0.4342986
11039,0.4342986
11040,0.4342986
11041,0.4342986
11042,0.4342986
11043,0.4342986
11044,0.4342986
11045,0.4342986
11046,0.4342986
11047,0.4342986
11048,0.4342986
11049,0.4342986
11050,0.4342986
11051,0.4342986
11052,0.4342986
11053,0.4342986
11054,0.4342986
11055,0.4342986
11056,0.4342986
11057,0.4342986
11058,0.4342986
11059,0.4342986
11060,0.4342986
11061,0.4342986
11062,0.4342986
11063,0.4342986
11064,0.4342986
11065,0.4342986
11066,0.4342986
11067,0.4342986
11068,0.4342986
11069,0.4342986
11070,0.4342986
11071,0.4342986
11072,0.4342986
11073,0.4342986
11074,0.4342986
11075,0.4342986
11076,0.4342986
11077,0.4342986
11078,0.4342986
11079,0.4342986
11080,0.4342986
11081,0.4342986
11082,0.4342986
11083,0.4342986
11084,0.4342986
11085,0.4342986
11086,0.4342986
11087,0.4342986
11088,0.4342986
11089,0.4342986
11090,0.4342986
11091,0.4342986
11092,0.4342986
11093,0.4342986
11094,0.4342986
11095,0.4342986
11096,0.4342986
11097,0.4342986
11098,0.4342986
11099,0.4342986
11100,0.4342986
11101,0.4342986
11102,0.4342986
11103,0.4342986
11104,0.4342986
11105,0.4342986
11106,0.4342986
11107,0.4342986
11108,0.4342986
11109,0.4342986
11110,0.4342986
11111,0.4342986
11112,0.4342986
11113,0.4342986
11114,0.4342986
11115,0.4342986
11116,0.4342986
11117,0.4342986
11118,0.4342986
11119,0.4342986
11120,0.4342986
11121,0.4342986
11122,0.4342986
11123,0.4342986
11124,0.4342986
11125,0.4342986
11126,0.4342986
11127,0.4342986
11128,0.4342986
11129,0.4342986
11130,0.4342986
11131,0.4342986
11132,0.4342986
11133,0.4342986
11134,0.4342986
11135,0.4342986
11136,0.4342986
11137,0.4342986
11138,0.4342986
11139,0.4342986
11140,0.4342986
11141,0.4342986
11142,0.4342986
11143,0.4342986
11144,0.4342986
11145,0.4342986
11146,0.4342986
11147,0.4342986
11148,0.4342986
11149,0.4342986
11150,0.4342986
11151,0.4342986
11152,0.4342986
11153,0.4342986
11154,0.4342986
11155,0.4342986
11156,0.4342986
11157,0.4342986
11158,0.4342986
11159,0.4342986
11160,0.4342986
11161,0.4342986
11162,0.4342986
11163,0.4342986
11164,0.4342986
11165,0.4342986
11166,0.4342986
11167,0.4342986
11168,0.4342986
11169,0.4342986
11170,0.4342986
11171,0.4342986
11172,0.4342986
11173,0.4342986
11174,0.4342986
11175,0.4342986
11176,0.4342986
11177,0.4342986
11178,0.4342986
11179,0.4342986
11180,0.4342986
11181,0.4342986
11182,0.4342986
11183,0.4342986
11184,0.4342986
11185,0.4342986
11186,0.4342986
11187,0.4342986
11188,0.4342986
11189,0.4342986
11190,0.4342986
11191,0.4342986
11192,0.4342986
11193,0.4342986
11194,0.4342986
11195,0.4342986
11196,0.4342986
11197,0.4342986
11198,0.4342986
11199,0.4342986
11200,0.4342986
11201,0.4342986
11202,0.4342986
11203,0.4342986
11204,0.4342986
11205,0.4342986
11206,0.4342986
11207,0.4342986
11208,0.4342986
11209,0.4342986
11210,0.4342986
11211,0.4342986
11212,0.4342986
11213,0.4342986
11214,0.4342986
11215,0.4342986
11216,0.4342986
11217,0.4342986
11218,0.4342986
11219,0.4342986
11220,0.4342986
11221,0.4342986
11222,0.4342986
11223,0.4342986
11224,0.4342986
11225,0.4342986
11226,0.4342986
11227,0.4342986
11228,0.4342986
11229,0.4342986
11230,0.4342986
11231,0.4342986
11232,0.4342986
11233,0.4342986
11234,0.4342986
11235,0.4342986
11236,0.4342986
11237,0.4342986
11238,0.4342986
11239,0.4342986
11240,0.4342986
11241,0.4342986
11242,0.4342986
11243,0.4342986
11244,0.4342986
11245,0.4342986
11246,0.4342986
11247,0.4342986
11248,0.4342986
11249,0.4342986
11250,0.4342986
11251,0.4342986
11252,0.4342986
11253,0.4342986
11254,0.4342986
11255,0.4342986
11256,0.4342986
11257,0.4342986
11258,0.4342986
11259,0.4342986
11260,0.4342986
11261,0.4342986
11262,0.4342986
11263,0.4342986
11264,0.4342986
11265,0.4342986
11266,0.4342986
11267,0.4342986
11268,0.4342986
11269,0.4342986
11270,0.4342986
11271,0.4342986
11272,0.4342986
11273,0.4342986
11274,0.4342986
11275,0.4342986
11276,0.4342986
11277,0.4342986
11278,0.4342986
11279,0.4342986
11280,0.4342986
11281,0.4342986
11282,0.4342986
11283,0.4342986
11284,0.4342986
11285,0.4342986
11286,0.4342986
11287,0.4342986
11288,0.4342986
11289,0.4342986
11290,0.4342986
11291,0.4342986
11292,0.4342986
11293,0.4342986
11294,0.4342986
11295,0.4342986
11296,0.4342986
11297,0.4342986
11298,0.4342986
11299,0.4342986
11300,0.4342986
11301,0.4342986
11302,0.4342986
11303,0.4342986
11304,0.4342986
11305,0.4342986
11306,0.4342986
11307,0.4342986
11308,0.4342986
11309,0.4342986
11310,0.4342986
11311,0.4342986
11312,0.4342986
11313,0.4342986
11314,0.4342986
11315,0.4342986
11316,0.4342986
11317,0.4342986
11318,0.4342986
11319,0.4342986
11320,0.4342986
11321,0.4342986
11322,0.4342986
11323,0.4342986
11324,0.4342986
11325,0.4342986
11326,0.4342986
11327,0.4342986
11328,0.4342986
11329,0.4342986
11330,0.4342986
11331,0.4342986
11332,0.4342986
11333,0.4342986
11334,0.4342986
11335,0.4342986
11336,0.4342986
11337,0.4342986
11338,0.4342986
11339,0.4342986
11340,0.4342986
11341,0.4342986
11342,0.4342986
11343,0.4342986
11344,0.4342986
11345,0.4342986
11346,0.4342986
11347,0.4342986
11348,0.4342986
11349,0.4342986
11350,0.4342986
11351,0.4342986
11352,0.4342986
11353,0.4342986
11354,0.4342986
11355,0.4342986
11356,0.4342986
11357,0.4342986
11358,0.4342986
11359,0.4342986
11360,0.4342986
11361,0.4342986
11362,0.4342986
11363,0.4342986
11364,0.4342986
11365,0.4342986
11366,0.4342986
11367,0.4342986
11368,0.4342986
11369,0.4342986
11370,0.4342986
11371,0.4342986
11372,0.4342986
11373,0.4342986
11374,0.4342986
11375,0.4342986
11376,0.4342986
11377,0.4342986
11378,0.4342986
11379,0.4342986
11380,0.4342986
11381,0.4342986
11382,0.4342986
11383,0.4342986
11384,0.4342986
11385,0.4342986
11386,0.4342986
11387,0.4342986
11388,0.4342986
11389,0.4342986
11390,0.4342986
11391,0.4342986
11392,0.4342986
11393,0.4342986
11394,0.4342986
11395,0.4342986
11396,0.4342986
11397,0.4342986
11398,0.4342986
11399,0.4342986
11400,0.4342986
11401,0.4342986
11402,0.4342986
11403,0.4342986
11404,0.4342986
11405,0.4342986
11406,0.4342986
11407,0.4342986
11408,0.4342986
11409,0.4342986
11410,0.4342986
11411,0.4342986
11412,0.4342986
11413,0.4342986
11414,0.4342986
11415,0.4342986
11416,0.4342986
11417,0.4342986
11418,0.4342986
11419,0.4342986
11420,0.4342986
11421,0.4342986
11422,0.4342986
11423,0.4342986
11424,0.4342986
11425,0.4342986
11426,0.4342986
11427,0.4342986
11428,0.4342986
11429,0.4342986
11430,0.4342986
11431,0.4342986
11432,0.4342986
11433,0.4342986
11434,0.4342986
11435,0.4342986
11436,0.4342986
11437,0.4342986
11438,0.4342986
11439,0.4342986
11440,0.4342986
11441,0.4342986
11442,0.4342986
11443,0.4342986
11444,0.4342986
11445,0.4342986
11446,0.4342986
11447,0.4342986
11448,0.4342986
11449,0.4342986
11450,0.4342986
11451,0.4342986
11452,0.4342986
11453,0.4342986
11454,0.4342986
11455,0.4342986
11456,0.4342986
11457,0.4342986
11458,0.4342986
11459,0.4342986
11460,0.4342986
11461,0.4342986
11462,0.4342986
11463,0.4342986
11464,0.4342986
11465,0.4342986
11466,0.4342986
11467,0.4342986
11468,0.4342986
11469,0.4342986
11470,0.4342986
11471,0.4342986
11472,0.4342986
11473,0.4342986
11474,0.4342986
11475,0.4342986
11476,0.4342986
11477,0.4342986
11478,0.4342986
11479,0.4342986
11480,0.4342986
11481,0.4342986
11482,0.4342986
11483,0.4342986
11484,0.4342986
11485,0.4342986
11486,0.4342986
11487,0.4342986
11488,0.4342986
11489,0.4342986
11490,0.4342986
11491,0.4342986
11492,0.4342986
11493,0.4342986
11494,0.4342986
11495,0.4342986
11496,0.4342986
11497,0.4342986
11498,0.4342986
11499,0.4342986
11500,0.4342986
11501,0.4342986
11502,0.4342986
11503,0.4342986
11504,0.4342986
11505,0.4342986
11506,0.4342986
11507,0.4342986
11508,0.4342986
11509,0.4342986
11510,0.4342986
11511,0.4342986
11512,0.4342986
11513,0.4342986
11514,0.4342986
11515,0.4342986
11516,0.4342986
11517,0.4342986
11518,0.4342986
11519,0.4342986
11520,0.4342986
11521,0.4342986
11522,0.4342986
11523,0.4342986
11524,0.4342986
11525,0.4342986
11526,0.4342986
11527,0.4342986
11528,0.4342986
11529,0.4342986
11530,0.4342986
11531,0.4342986
11532,0.4342986
11533,0.4342986
11534,0.4342986
11535,0.4342986
11536,0.4342986
11537,0.4342986
11538,0.4342986
11539,0.4342986
11540,0.4342986
11541,0.4342986
11542,0.4342986
11543,0.4342986
11544,0.4342986
11545,0.4342986
11546,0.4342986
11547,0.4342986
11548,0.4342986
11549,0.4342986
11550,0.4342986
11551,0.4342986
11552,0.4342986
11553,0.4342986
11554,0.4342986
11555,0.4342986
11556,0.4342986
11557,0.4342986
11558,0.4342986
11559,0.4342986
11560,0.4342986
11561,0.4342986
11562,0.4342986
11563,0.4342986
11564,0.4342986
11565,0.4342986
11566,0.4342986
11567,0.4342986
11568,0.4342986
11569,0.4342986
11570,0.4342986
11571,0.4342986
11572,0.4342986
11573,0.4342986
11574,0.4342986
11575,0.4342986
11576,0.4342986
11577,0.4342986
11578,0.4342986
11579,0.4342986
11580,0.4342986
11581,0.4342986
11582,0.4342986
11583,0.4342986
11584,0.4342986
11585,0.4342986
11586,0.4342986
11587,0.4342986
11588,0.4342986
11589,0.4342986
11590,0.4342986
11591,0.4342986
11592,0.4342986
11593,0.4342986
11594,0.4342986
11595,0.4342986
11596,0.4342986
11597,0.4342986
11598,0.4342986
11599,0.4342986
11600,0.4342986
11601,0.4342986
11602,0.4342986
11603,0.4342986
11604,0.4342986
11605,0.4342986
11606,0.4342986
11607,0.4342986
11608,0.4342986
11609,0.4342986
11610,0.4342986
11611,0.4342986
11612,0.4342986
11613,0.4342986
11614,0.4342986
11615,0.4342986
11616,0.4342986
11617,0.4342986
11618,0.4342986
11619,0.4342986
11620,0.4342986
11621,0.4342986
11622,0.4342986
11623,0.4342986
11624,0.4342986
11625,0.4342986
11626,0.4342986
11627,0.4342986
11628,0.4342986
11629,0.4342986
11630,0.4342986
11631,0.4342986
11632,0.4342986
11633,0.4342986
11634,0.4342986
11635,0.4342986
11636,0.4342986
11637,0.4342986
11638,0.4342986
11639,0.4342986
11640,0.4342986
11641,0.4342986
11642,0.4342986
11643,0.4342986
11644,0.4342986
11645,0.4342986
11646,0.4342986
11647,0.4342986
11648,0.4342986
11649,0.4342986
11650,0.4342986
11651,0.4342986
11652,0.4342986
11653,0.4342986
11654,0.4342986
11655,0.4342986
11656,0.4342986
11657,0.4342986
11658,0.4342986
11659,0.4342986
11660,0.4342986
11661,0.4342986
11662,0.4342986
11663,0.4342986
11664,0.4342986
11665,0.4342986
11666,0.4342986
11667,0.4342986
11668,0.4342986
11669,0.4342986
11670,0.4342986
11671,0.4342986
11672,0.4342986
11673,0.4342986
11674,0.4342986
11675,0.4342986
11676,0.4342986
11677,0.4342986
11678,0.4342986
11679,0.4342986
11680,0.4342986
11681,0.4342986
11682,0.4342986
11683,0.4342986
11684,0.4342986
11685,0.4342986
11686,0.4342986
11687,0.4342986
11688,0.4342986
11689,0.4342986
11690,0.4342986
11691,0.4342986
11692,0.4342986
11693,0.4342986
11694,0.4342986
11695,0.4342986
11696,0.4342986
11697,0.4342986
11698,0.4342986
11699,0.4342986
11700,0.4342986
11701,0.4342986
11702,0.4342986
11703,0.4342986
11704,0.4342986
11705,0.4342986
11706,0.4342986
11707,0.4342986
11708,0.4342986
11709,0.4342986
11710,0.4342986
11711,0.4342986
11712,0.4342986
11713,0.4342986
11714,0.4342986
11715,0.4342986
11716,0.4342986
11717,0.4342986
11718,0.4342986
11719,0.4342986
11720,0.4342986
11721,0.4342986
11722,0.4342986
11723,0.4342986
11724,0.4342986
11725,0.4342986
11726,0.4342986
11727,0.4342986
11728,0.4342986
11729,0.4342986
11730,0.4342986
11731,0.4342986
11732,0.4342986
11733,0.4342986
11734,0.4342986
11735,0.4342986
11736,0.4342986
11737,0.4342986
11738,0.4342986
11739,0.4342986
11740,0.4342986
11741,0.4342986
11742,0.4342986
11743,0.4342986
11744,0.4342986
11745,0.4342986
11746,0.4342986
11747,0.4342986
11748,0.4342986
11749,0.4342986
11750,0.4342986
11751,0.4342986
11752,0.4342986
11753,0.4342986
11754,0.4342986
11755,0.4342986
11756,0.4342986
11757,0.4342986
11758,0.4342986
11759,0.4342986
11760,0.4342986
11761,0.4342986
11762,0.4342986
11763,0.4342986
11764,0.4342986
11765,0.4342986
11766,0.4342986
11767,0.4342986
11768,0.4342986
11769,0.4342986
11770,0.4342986
11771,0.4342986
11772,0.4342986
11773,0.4342986
11774,0.4342986
11775,0.4342986
11776,0.4342986
11777,0.4342986
11778,0.4342986
11779,0.4342986
11780,0.4342986
11781,0.4342986
11782,0.4342986
11783,0.4342986
11784,0.4342986
11785,0.4342986
11786,0.4342986
11787,0.4342986
11788,0.4342986
11789,0.4342986
11790,0.4342986
11791,0.4342986
11792,0.4342986
11793,0.4342986
11794,0.4342986
11795,0.4342986
11796,0.4342986
11797,0.4342986
11798,0.4342986
11799,0.4342986
11800,0.4342986
11801,0.4342986
11802,0.4342986
11803,0.4342986
11804,0.4342986
11805,0.4342986
11806,0.4342986
11807,0.4342986
11808,0.4342986
11809,0.4342986
11810,0.4342986
11811,0.4342986
11812,0.4342986
11813,0.4342986
11814,0.4342986
11815,0.4342986
11816,0.4342986
11817,0.4342986
11818,0.4342986
11819,0.4342986
11820,0.4342986
11821,0.4342986
11822,0.4342986
11823,0.4342986
11824,0.4342986
11825,0.4342986
11826,0.4342986
11827,0.4342986
11828,0.4342986
11829,0.4342986
11830,0.4342986
11831,0.4342986
11832,0.4342986
11833,0.4342986
11834,0.4342986
11835,0.4342986
11836,0.4342986
11837,0.4342986
11838,0.4342986
11839,0.4342986
11840,0.4342986
11841,0.4342986
11842,0.4342986
11843,0.4342986
11844,0.4342986
11845,0.4342986
11846,0.4342986
11847,0.4342986
11848,0.4342986
11849,0.4342986
11850,0.4342986
11851,0.4342986
11852,0.4342986
11853,0.4342986
11854,0.4342986
11855,0.4342986
11856,0.4342986
11857,0.4342986
11858,0.4342986
11859,0.4342986
11860,0.4342986
11861,0.4342986
11862,0.4342986
11863,0.4342986
11864,0.4342986
11865,0.4342986
11866,0.4342986
11867,0.4342986
11868,0.4342986
11869,0.4342986
11870,0.4342986
11871,0.4342986
11872,0.4342986
11873,0.4342986
11874,0.4342986
11875,0.4342986
11876,0.4342986
11877,0.4342986
11878,0.4342986
11879,0.4342986
11880,0.4342986
11881,0.4342986
11882,0.4342986
11883,0.4342986
11884,0.4342986
11885,0.4342986
11886,0.4342986
11887,0.4342986
11888,0.4342986
11889,0.4342986
11890,0.4342986
11891,0.4342986
11892,0.4342986
11893,0.4342986
11894,0.4342986
11895,0.4342986
11896,0.4342986
11897,0.4342986
11898,0.4342986
11899,0.4342986
11900,0.4342986
11901,0.4342986
11902,0.4342986
11903,0.4342986
11904,0.4342986
11905,0.4342986
11906,0.4342986
11907,0.4342986
11908,0.4342986
11909,0.4342986
11910,0.4342986
11911,0.4342986
11912,0.4342986
11913,0.4342986
11914,0.4342986
11915,0.4342986
11916,0.4342986
11917,0.4342986
11918,0.4342986
11919,0.4342986
11920,0.4342986
11921,0.4342986
11922,0.4342986
11923,0.4342986
11924,0.4342986
11925,0.4342986
11926,0.4342986
11927,0.4342986
11928,0.4342986
11929,0.4342986
11930,0.4342986
11931,0.4342986
11932,0.4342986
11933,0.4342986
11934,0.4342986
11935,0.4342986
11936,0.4342986
11937,0.4342986
11938,0.4342986
11939,0.4342986
11940,0.4342986
11941,0.4342986
11942,0.4342986
11943,0.4342986
11944,0.4342986
11945,0.4342986
11946,0.4342986
11947,0.4342986
11948,0.4342986
11949,0.4342986
11950,0.4342986
11951,0.4342986
11952,0.4342986
11953,0.4342986
11954,0.4342986
11955,0.4342986
11956,0.4342986
11957,0.4342986
11958,0.4342986
11959,0.4342986
11960,0.4342986
11961,0.4342986
11962,0.4342986
11963,0.4342986
11964,0.4342986
11965,0.4342986
11966,0.4342986
11967,0.4342986
11968,0.4342986
11969,0.4342986
11970,0.4342986
11971,0.4342986
11972,0.4342986
11973,0.4342986
11974,0.4342986
11975,0.4342986
11976,0.4342986
11977,0.4342986
11978,0.4342986
11979,0.4342986
11980,0.4342986
11981,0.4342986
11982,0.4342986
11983,0.4342986
11984,0.4342986
11985,0.4342986
11986,0.4342986
11987,0.4342986
11988,0.4342986
11989,0.4342986
11990,0.4342986
11991,0.4342986
11992,0.4342986
11993,0.4342986
11994,0.4342986
11995,0.4342986
11996,0.4342986
11997,0.4342986
11998,0.4342986
11999,0.4342986
12000,0.4342986
12001,0.4342986
12002,0.4342986
12003,0.4342986
12004,0.4342986
12005,0.4342986
12006,0.4342986
12007,0.4342986
12008,0.4342986
12009,0.4342986
12010,0.4342986
12011,0.4342986
12012,0.4342986
12013,0.4342986
12014,0.4342986
12015,0.4342986
12016,0.4342986
12017,0.4342986
12018,0.4342986
12019,0.4342986
12020,0.4342986
12021,0.4342986
12022,0.4342986
12023,0.4342986
12024,0.4342986
12025,0.4342986
12026,0.4342986
12027,0.4342986
12028,0.4342986
12029,0.4342986
12030,0.4342986
12031,0.4342986
12032,0.4342986
12033,0.4342986
12034,0.4342986
12035,0.4342986
12036,0.4342986
12037,0.4342986
12038,0.4342986
12039,0.4342986
12040,0.4342986
12041,0.4342986
12042,0.4342986
12043,0.4342986
12044,0.4342986
12045,0.4342986
12046,0.4342986
12047,0.4342986
12048,0.4342986
12049,0.4342986
12050,0.4342986
12051,0.4342986
12052,0.4342986
12053,0.4342986
12054,0.4342986
12055,0.4342986
12056,0.4342986
12057,0.4342986
12058,0.4342986
12059,0.4342986
12060,0.4342986
12061,0.4342986
12062,0.4342986
12063,0.4342986
12064,0.4342986
12065,0.4342986
12066,0.4342986
12067,0.4342986
12068,0.4342986
12069,0.4342986
12070,0.4342986
12071,0.4342986
12072,0.4342986
12073,0.4342986
12074,0.4342986
12075,0.4342986
12076,0.4342986
12077,0.4342986
12078,0.4342986
12079,0.4342986
12080,0.4342986
12081,0.4342986
12082,0.4342986
12083,0.4342986
12084,0.4342986
12085,0.4342986
12086,0.4342986
12087,0.4342986
12088,0.4342986
12089,0.4342986
12090,0.4342986
12091,0.4342986
12092,0.4342986
12093,0.4342986
12094,0.4342986
12095,0.4342986
12096,0.4342986
12097,0.4342986
12098,0.4342986
12099,0.4342986
12100,0.4342986
12101,0.4342986
12102,0.4342986
12103,0.4342986
12104,0.4342986
12105,0.4342986
12106,0.4342986
12107,0.4342986
12108,0.4342986
12109,0.4342986
12110,0.4342986
12111,0.4342986
12112,0.4342986
12113,0.4342986
12114,0.4342986
12115,0.4342986
12116,0.4342986
12117,0.4342986
12118,0.4342986
12119,0.4342986
12120,0.4342986
12121,0.4342986
12122,0.4342986
12123,0.4342986
12124,0.4342986
12125,0.4342986
12126,0.4342986
12127,0.4342986
12128,0.4342986
12129,0.4342986
12130,0.4342986
12131,0.4342986
12132,0.4342986
12133,0.4342986
12134,0.4342986
12135,0.4342986
12136,0.4342986
12137,0.4342986
12138,0.4342986
12139,0.4342986
12140,0.4342986
12141,0.4342986
12142,0.4342986
12143,0.4342986
12144,0.4342986
12145,0.4342986
12146,0.4342986
12147,0.4342986
12148,0.4342986
12149,0.4342986
12150,0.4342986
12151,0.4342986
12152,0.4342986
12153,0.4342986
12154,0.4342986
12155,0.4342986
12156,0.4342986
12157,0.4342986
12158,0.4342986
12159,0.4342986
12160,0.4342986
12161,0.4342986
12162,0.4342986
12163,0.4342986
12164,0.4342986
12165,0.4342986
12166,0.4342986
12167,0.4342986
12168,0.4342986
12169,0.4342986
12170,0.4342986
12171,0.4342986
12172,0.4342986
12173,0.4342986
12174,0.4342986
12175,0.4342986
12176,0.4342986
12177,0.4342986
12178,0.4342986
12179,0.4342986
12180,0.4342986
12181,0.4342986
12182,0.4342986
12183,0.4342986
12184,0.4342986
12185,0.4342986
12186,0.4342986
12187,0.4342986
12188,0.4342986
12189,0.4342986
12190,0.4342986
12191,0.4342986
12192,0.4342986
12193,0.4342986
12194,0.4342986
12195,0.4342986
12196,0.4342986
12197,0.4342986
12198,0.4342986
12199,0.4342986
12200,0.4342986
12201,0.4342986
12202,0.4342986
12203,0.4342986
12204,0.4342986
12205,0.4342986
12206,0.4342986
12207,0.4342986
12208,0.4342986
12209,0.4342986
12210,0.4342986
12211,0.4342986
12212,0.4342986
12213,0.4342986
12214,0.4342986
12215,0.4342986
12216,0.4342986
12217,0.4342986
12218,0.4342986
12219,0.4342986
12220,0.4342986
12221,0.4342986
12222,0.4342986
12223,0.4342986
12224,0.4342986
12225,0.4342986
12226,0.4342986
12227,0.4342986
12228,0.4342986
12229,0.4342986
12230,0.4342986
12231,0.4342986
12232,0.4342986
12233,0.4342986
12234,0.4342986
12235,0.4342986
12236,0.4342986
12237,0.4342986
12238,0.4342986
12239,0.4342986
12240,0.4342986
12241,0.4342986
12242,0.4342986
12243,0.4342986
12244,0.4342986
12245,0.4342986
12246,0.4342986
12247,0.4342986
12248,0.4342986
12249,0.4342986
12250,0.4342986
12251,0.4342986
12252,0.4342986
12253,0.4342986
12254,0.4342986
12255,0.4342986
12256,0.4342986
12257,0.4342986
12258,0.4342986
12259,0.4342986
12260,0.4342986
12261,0.4342986
12262,0.4342986
12263,0.4342986
12264,0.4342986
12265,0.4342986
12266,0.4342986
12267,0.4342986
12268,0.4342986
12269,0.4342986
12270,0.4342986
12271,0.4342986
12272,0.4342986
12273,0.4342986
12274,0.4342986
12275,0.4342986
12276,0.4342986
12277,0.4342986
12278,0.4342986
12279,0.4342986
12280,0.4342986
12281,0.4342986
12282,0.4342986
12283,0.4342986
12284,0.4342986
12285,0.4342986
12286,0.4342986
12287,0.4342986
12288,0.4342986
12289,0.4342986
12290,0.4342986
12291,0.4342986
12292,0.4342986
12293,0.4342986
12294,0.4342986
12295,0.4342986
12296,0.4342986
12297,0.4342986
12298,0.4342986
12299,0.4342986
12300,0.4342986
12301,0.4342986
12302,0.4342986
12303,0.4342986
12304,0.4342986
12305,0.4342986
12306,0.4342986
12307,0.4342986
12308,0.4342986
12309,0.4342986
12310,0.4342986
12311,0.4342986
12312,0.4342986
12313,0.4342986
12314,0.4342986
12315,0.4342986
12316,0.4342986
12317,0.4342986
12318,0.4342986
12319,0.4342986
12320,0.4342986
12321,0.4342986
12322,0.4342986
12323,0.4342986
12324,0.4342986
12325,0.4342986
12326,0.4342986
12327,0.4342986
12328,0.4342986
12329,0.4342986
12330,0.4342986
12331,0.4342986
12332,0.4342986
12333,0.4342986
12334,0.4342986
12335,0.4342986
12336,0.4342986
12337,0.4342986
12338,0.4342986
12339,0.4342986
12340,0.4342986
12341,0.4342986
12342,0.4342986
12343,0.4342986
12344,0.4342986
12345,0.4342986
12346,0.4342986
12347,0.4342986
12348,0.4342986
12349,0.4342986
12350,0.4342986
12351,0.4342986
12352,0.4342986
12353,0.4342986
12354,0.4342986
12355,0.4342986
12356,0.4342986
12357,0.4342986
12358,0.4342986
12359,0.4342986
12360,0.4342986
12361,0.4342986
12362,0.4342986
12363,0.4342986
12364,0.4342986
12365,0.4342986
12366,0.4342986
12367,0.4342986
12368,0.4342986
12369,0.4342986
12370,0.4342986
12371,0.4342986
12372,0.4342986
12373,0.4342986
12374,0.4342986
12375,0.4342986
12376,0.4342986
12377,0.4342986
12378,0.4342986
12379,0.4342986
12380,0.4342986
12381,0.4342986
12382,0.4342986
12383,0.4342986
12384,0.4342986
12385,0.4342986
12386,0.4342986
12387,0.4342986
12388,0.4342986
12389,0.4342986
12390,0.4342986
12391,0.4342986
12392,0.4342986
12393,0.4342986
12394,0.4342986
12395,0.4342986
12396,0.4342986
12397,0.4342986
12398,0.4342986
12399,0.4342986
12400,0.4342986
12401,0.4342986
12402,0.4342986
12403,0.4342986
12404,0.4342986
12405,0.4342986
12406,0.4342986
12407,0.4342986
12408,0.4342986
12409,0.4342986
12410,0.4342986
12411,0.4342986
12412,0.4342986
12413,0.4342986
12414,0.4342986
12415,0.4342986
12416,0.4342986
12417,0.4342986
12418,0.4342986
12419,0.4342986
12420,0.4342986
12421,0.4342986
12422,0.4342986
12423,0.4342986
12424,0.4342986
12425,0.4342986
12426,0.4342986
12427,0.4342986
12428,0.4342986
12429,0.4342986
12430,0.4342986
12431,0.4342986
12432,0.4342986
12433,0.4342986
12434,0.4342986
12435,0.4342986
12436,0.4342986
12437,0.4342986
12438,0.4342986
12439,0.4342986
12440,0.4342986
12441,0.4342986
12442,0.4342986
12443,0.4342986
12444,0.4342986
12445,0.4342986
12446,0.4342986
12447,0.4342986
12448,0.4342986
12449,0.4342986
12450,0.4342986
12451,0.4342986
12452,0.4342986
12453,0.4342986
12454,0.4342986
12455,0.4342986
12456,0.4342986
12457,0.4342986
12458,0.4342986
12459,0.4342986
12460,0.4342986
12461,0.4342986
12462,0.4342986
12463,0.4342986
12464,0.4342986
12465,0.4342986
12466,0.4342986
12467,0.4342986
12468,0.4342986
12469,0.4342986
12470,0.4342986
12471,0.4342986
12472,0.4342986
12473,0.4342986
12474,0.4342986
12475,0.4342986
12476,0.4342986
12477,0.4342986
12478,0.4342986
12479,0.4342986
12480,0.4342986
12481,0.4342986
12482,0.4342986
12483,0.4342986
12484,0.4342986
12485,0.4342986
12486,0.4342986
12487,0.4342986
12488,0.4342986
12489,0.4342986
12490,0.4342986
12491,0.4342986
12492,0.4342986
12493,0.4342986
12494,0.4342986
12495,0.4342986
12496,0.4342986
12497,0.4342986
12498,0.4342986
12499,0.4342986
12500,0.4342986
12501,0.4342986
12502,0.4342986
12503,0.4342986
12504,0.4342986
12505,0.4342986
12506,0.4342986
12507,0.4342986
12508,0.4342986
12509,0.4342986
12510,0.4342986
12511,0.4342986
12512,0.4342986
12513,0.4342986
12514,0.4342986
12515,0.4342986
12516,0.4342986
12517,0.4342986
12518,0.4342986
12519,0.4342986
12520,0.4342986
12521,0.4342986
12522,0.4342986
12523,0.4342986
12524,0.4342986
12525,0.4342986
12526,0.4342986
12527,0.4342986
12528,0.4342986
12529,0.4342986
12530,0.4342986
12531,0.4342986
12532,0.4342986
12533,0.4342986
12534,0.4342986
12535,0.4342986
12536,0.4342986
12537,0.4342986
12538,0.4342986
12539,0.4342986
12540,0.4342986
12541,0.4342986
12542,0.4342986
12543,0.4342986
12544,0.4342986
12545,0.4342986
12546,0.4342986
12547,0.4342986
12548,0.4342986
12549,0.4342986
12550,0.4342986
12551,0.4342986
12552,0.4342986
12553,0.4342986
12554,0.4342986
12555,0.4342986
12556,0.4342986
12557,0.4342986
12558,0.4342986
12559,0.4342986
12560,0.4342986
12561,0.4342986
12562,0.4342986
12563,0.4342986
12564,0.4342986
12565,0.4342986
12566,0.4342986
12567,0.4342986
12568,0.4342986
12569,0.4342986
12570,0.4342986
12571,0.4342986
12572,0.4342986
12573,0.4342986
12574,0.4342986
12575,0.4342986
12576,0.4342986
12577,0.4342986
12578,0.4342986
12579,0.4342986
12580,0.4342986
12581,0.4342986
12582,0.4342986
12583,0.4342986
12584,0.4342986
12585,0.4342986
12586,0.4342986
12587,0.4342986
12588,0.4342986
12589,0.4342986
12590,0.4342986
12591,0.4342986
12592,0.4342986
12593,0.4342986
12594,0.4342986
12595,0.4342986
12596,0.4342986
12597,0.4342986
12598,0.4342986
12599,0.4342986
12600,0.4342986
12601,0.4342986
12602,0.4342986
12603,0.4342986
12604,0.4342986
12605,0.4342986
12606,0.4342986
12607,0.4342986
12608,0.4342986
12609,0.4342986
12610,0.4342986
12611,0.4342986
12612,0.4342986
12613,0.4342986
12614,0.4342986
12615,0.4342986
12616,0.4342986
12617,0.4342986
12618,0.4342986
12619,0.4342986
12620,0.4342986
12621,0.4342986
12622,0.4342986
12623,0.4342986
12624,0.4342986
12625,0.4342986
12626,0.4342986
12627,0.4342986
12628,0.4342986
12629,0.4342986
12630,0.4342986
12631,0.4342986
12632,0.4342986
12633,0.4342986
12634,0.4342986
12635,0.4342986
12636,0.4342986
12637,0.4342986
12638,0.4342986
12639,0.4342986
12640,0.4342986
12641,0.4342986
12642,0.4342986
12643,0.4342986
12644,0.4342986
12645,0.4342986
12646,0.4342986
12647,0.4342986
12648,0.4342986
12649,0.4342986
12650,0.4342986
12651,0.4342986
12652,0.4342986
12653,0.4342986
12654,0.4342986
12655,0.4342986
12656,0.4342986
12657,0.4342986
12658,0.4342986
12659,0.4342986
12660,0.4342986
12661,0.4342986
12662,0.4342986
12663,0.4342986
12664,0.4342986
12665,0.4342986
12666,0.4342986
12667,0.4342986
12668,0.4342986
12669,0.4342986
12670,0.4342986
12671,0.4342986
12672,0.4342986
12673,0.4342986
12674,0.4342986
12675,0.4342986
12676,0.4342986
12677,0.4342986
12678,0.4342986
12679,0.4342986
12680,0.4342986
12681,0.4342986
12682,0.4342986
12683,0.4342986
12684,0.4342986
12685,0.4342986
12686,0.4342986
12687,0.4342986
12688,0.4342986
12689,0.4342986
12690,0.4342986
12691,0.4342986
12692,0.4342986
12693,0.4342986
12694,0.4342986
12695,0.4342986
12696,0.4342986
12697,0.4342986
12698,0.4342986
12699,0.4342986
12700,0.4342986
12701,0.4342986
12702,0.4342986
12703,0.4342986
12704,0.4342986
12705,0.4342986
12706,0.4342986
12707,0.4342986
12708,0.4342986
12709,0.4342986
12710,0.4342986
12711,0.4342986
12712,0.4342986
12713,0.4342986
12714,0.4342986
12715,0.4342986
12716,0.4342986
12717,0.4342986
12718,0.4342986
12719,0.4342986
12720,0.4342986
12721,0.4342986
12722,0.4342986
12723,0.4342986
12724,0.4342986
12725,0.4342986
12726,0.4342986
12727,0.4342986
12728,0.4342986
12729,0.4342986
12730,0.4342986
12731,0.4342986
12732,0.4342986
12733,0.4342986
12734,0.4342986
12735,0.4342986
12736,0.4342986
12737,0.4342986
12738,0.4342986
12739,0.4342986
12740,0.4342986
12741,0.4342986
12742,0.4342986
12743,0.4342986
12744,0.4342986
12745,0.4342986
12746,0.4342986
12747,0.4342986
12748,0.4342986
12749,0.4342986
12750,0.4342986
12751,0.4342986
12752,0.4342986
12753,0.4342986
12754,0.4342986
12755,0.4342986
12756,0.4342986
12757,0.4342986
12758,0.4342986
12759,0.4342986
12760,0.4342986
12761,0.4342986
12762,0.4342986
12763,0.4342986
12764,0.4342986
12765,0.4342986
12766,0.4342986
12767,0.4342986
12768,0.4342986
12769,0.4342986
12770,0.4342986
12771,0.4342986
12772,0.4342986
12773,0.4342986
12774,0.4342986
12775,0.4342986
12776,0.4342986
12777,0.4342986
12778,0.4342986
12779,0.4342986
12780,0.4342986
12781,0.4342986
12782,0.4342986
12783,0.4342986
12784,0.4342986
12785,0.4342986
12786,0.4342986
12787,0.4342986
12788,0.4342986
12789,0.4342986
12790,0.4342986
12791,0.4342986
12792,0.4342986
12793,0.4342986
12794,0.4342986
12795,0.4342986
12796,0.4342986
12797,0.4342986
12798,0.4342986
12799,0.4342986
12800,0.4342986
12801,0.4342986
12802,0.4342986
12803,0.4342986
12804,0.4342986
12805,0.4342986
12806,0.4342986
12807,0.4342986
12808,0.4342986
12809,0.4342986
12810,0.4342986
12811,0.4342986
12812,0.4342986
12813,0.4342986
12814,0.4342986
12815,0.4342986
12816,0.4342986
12817,0.4342986
12818,0.4342986
12819,0.4342986
12820,0.4342986
12821,0.4342986
12822,0.4342986
12823,0.4342986
12824,0.4342986
12825,0.4342986
12826,0.4342986
12827,0.4342986
12828,0.4342986
12829,0.4342986
12830,0.4342986
12831,0.4342986
12832,0.4342986
12833,0.4342986
12834,0.4342986
12835,0.4342986
12836,0.4342986
12837,0.4342986
12838,0.4342986
12839,0.4342986
12840,0.4342986
12841,0.4342986
12842,0.4342986
12843,0.4342986
12844,0.4342986
12845,0.4342986
12846,0.4342986
12847,0.4342986
12848,0.4342986
12849,0.4342986
12850,0.4342986
12851,0.4342986
12852,0.4342986
12853,0.4342986
12854,0.4342986
12855,0.4342986
12856,0.4342986
12857,0.4342986
12858,0.4342986
12859,0.4342986
12860,0.4342986
12861,0.4342986
12862,0.4342986
12863,0.4342986
12864,0.4342986
12865,0.4342986
12866,0.4342986
12867,0.4342986
12868,0.4342986
12869,0.4342986
12870,0.4342986
12871,0.4342986
12872,0.4342986
12873,0.4342986
12874,0.4342986
12875,0.4342986
12876,0.4342986
12877,0.4342986
12878,0.4342986
12879,0.4342986
12880,0.4342986
12881,0.4342986
12882,0.4342986
12883,0.4342986
12884,0.4342986
12885,0.4342986
12886,0.4342986
12887,0.4342986
12888,0.4342986
12889,0.4342986
12890,0.4342986
12891,0.4342986
12892,0.4342986
12893,0.4342986
12894,0.4342986
12895,0.4342986
12896,0.4342986
12897,0.4342986
12898,0.4342986
12899,0.4342986
12900,0.4342986
12901,0.4342986
12902,0.4342986
12903,0.4342986
12904,0.4342986
12905,0.4342986
12906,0.4342986
12907,0.4342986
12908,0.4342986
12909,0.4342986
12910,0.4342986
12911,0.4342986
12912,0.4342986
12913,0.4342986
12914,0.4342986
12915,0.4342986
12916,0.4342986
12917,0.4342986
12918,0.4342986
12919,0.4342986
12920,0.4342986
12921,0.4342986
12922,0.4342986
12923,0.4342986
12924,0.4342986
12925,0.4342986
12926,0.4342986
12927,0.4342986
12928,0.4342986
12929,0.4342986
12930,0.4342986
12931,0.4342986
12932,0.4342986
12933,0.4342986
12934,0.4342986
12935,0.4342986
12936,0.4342986
12937,0.4342986
12938,0.4342986
12939,0.4342986
12940,0.4342986
12941,0.4342986
12942,0.4342986
12943,0.4342986
12944,0.4342986
12945,0.4342986
12946,0.4342986
12947,0.4342986
12948,0.4342986
12949,0.4342986
12950,0.4342986
12951,0.4342986
12952,0.4342986
12953,0.4342986
12954,0.4342986
12955,0.4342986
12956,0.4342986
12957,0.4342986
12958,0.4342986
12959,0.4342986
12960,0.4342986
12961,0.4342986
12962,0.4342986
12963,0.4342986
12964,0.4342986
12965,0.4342986
12966,0.4342986
12967,0.4342986
12968,0.4342986
12969,0.4342986
12970,0.4342986
12971,0.4342986
12972,0.4342986
12973,0.4342986
12974,0.4342986
12975,0.4342986
12976,0.4342986
12977,0.4342986
12978,0.4342986
12979,0.4342986
12980,0.4342986
12981,0.4342986
12982,0.4342986
12983,0.4342986
12984,0.4342986
12985,0.4342986
12986,0.4342986
12987,0.4342986
12988,0.4342986
12989,0.4342986
12990,0.4342986
12991,0.4342986
12992,0.4342986
12993,0.4342986
12994,0.4342986
12995,0.4342986
12996,0.4342986
12997,0.4342986
12998,0.4342986
12999,0.4342986
13000,0.4342986
13001,0.4342986
13002,0.4342986
13003,0.4342986
13004,0.4342986
13005,0.4342986
13006,0.4342986
13007,0.4342986
13008,0.4342986
13009,0.4342986
13010,0.4342986
13011,0.4342986
13012,0.4342986
13013,0.4342986
13014,0.4342986
13015,0.4342986
13016,0.4342986
13017,0.4342986
13018,0.4342986
13019,0.4342986
13020,0.4342986
13021,0.4342986
13022,0.4342986
13023,0.4342986
13024,0.4342986
13025,0.4342986
13026,0.4342986
13027,0.4342986
13028,0.4342986
13029,0.4342986
13030,0.4342986
13031,0.4342986
13032,0.4342986
13033,0.4342986
13034,0.4342986
13035,0.4342986
13036,0.4342986
13037,0.4342986
13038,0.4342986
13039,0.4342986
13040,0.4342986
13041,0.4342986
13042,0.4342986
13043,0.4342986
13044,0.4342986
13045,0.4342986
13046,0.4342986
13047,0.4342986
13048,0.4342986
13049,0.4342986
13050,0.4342986
13051,0.4342986
13052,0.4342986
13053,0.4342986
13054,0.4342986
13055,0.4342986
13056,0.4342986
13057,0.4342986
13058,0.4342986
13059,0.4342986
13060,0.4342986
13061,0.4342986
13062,0.4342986
13063,0.4342986
13064,0.4342986
13065,0.4342986
13066,0.4342986
13067,0.4342986
13068,0.4342986
13069,0.4342986
13070,0.4342986
13071,0.4342986
13072,0.4342986
13073,0.4342986
13074,0.4342986
13075,0.4342986
13076,0.4342986
13077,0.4342986
13078,0.4342986
13079,0.4342986
13080,0.4342986
13081,0.4342986
13082,0.4342986
13083,0.4342986
13084,0.4342986
13085,0.4342986
13086,0.4342986
13087,0.4342986
13088,0.4342986
13089,0.4342986
13090,0.4342986
13091,0.4342986
13092,0.4342986
13093,0.4342986
13094,0.4342986
13095,0.4342986
13096,0.4342986
13097,0.4342986
13098,0.4342986
13099,0.4342986
13100,0.4342986
13101,0.4342986
13102,0.4342986
13103,0.4342986
13104,0.4342986
13105,0.4342986
13106,0.4342986
13107,0.4342986
13108,0.4342986
13109,0.4342986
13110,0.4342986
13111,0.4342986
13112,0.4342986
13113,0.4342986
13114,0.4342986
13115,0.4342986
13116,0.4342986
13117,0.4342986
13118,0.4342986
13119,0.4342986
13120,0.4342986
13121,0.4342986
13122,0.4342986
13123,0.4342986
13124,0.4342986
13125,0.4342986
13126,0.4342986
13127,0.4342986
13128,0.4342986
13129,0.4342986
13130,0.4342986
13131,0.4342986
13132,0.4342986
13133,0.4342986
13134,0.4342986
13135,0.4342986
13136,0.4342986
13137,0.4342986
13138,0.4342986
13139,0.4342986
13140,0.4342986
13141,0.4342986
13142,0.4342986
13143,0.4342986
13144,0.4342986
13145,0.4342986
13146,0.4342986
13147,0.4342986
13148,0.4342986
13149,0.4342986
13150,0.4342986
13151,0.4342986
13152,0.4342986
13153,0.4342986
13154,0.4342986
13155,0.4342986
13156,0.4342986
13157,0.4342986
13158,0.4342986
13159,0.4342986
13160,0.4342986
13161,0.4342986
13162,0.4342986
13163,0.4342986
13164,0.4342986
13165,0.4342986
13166,0.4342986
13167,0.4342986
13168,0.4342986
13169,0.4342986
13170,0.4342986
13171,0.4342986
13172,0.4342986
13173,0.4342986
13174,0.4342986
13175,0.4342986
13176,0.4342986
13177,0.4342986
13178,0.4342986
13179,0.4342986
13180,0.4342986
13181,0.4342986
13182,0.4342986
13183,0.4342986
13184,0.4342986
13185,0.4342986
13186,0.4342986
13187,0.4342986
13188,0.4342986
13189,0.4342986
13190,0.4342986
13191,0.4342986
13192,0.4342986
13193,0.4342986
13194,0.4342986
13195,0.4342986
13196,0.4342986
13197,0.4342986
13198,0.4342986
13199,0.4342986
13200,0.4342986
13201,0.4342986
13202,0.4342986
13203,0.4342986
13204,0.4342986
13205,0.4342986
13206,0.4342986
13207,0.4342986
13208,0.4342986
13209,0.4342986
13210,0.4342986
13211,0.4342986
13212,0.4342986
13213,0.4342986
13214,0.4342986
13215,0.4342986
13216,0.4342986
13217,0.4342986
13218,0.4342986
13219,0.4342986
13220,0.4342986
13221,0.4342986
13222,0.4342986
13223,0.4342986
13224,0.4342986
13225,0.4342986
13226,0.4342986
13227,0.4342986
13228,0.4342986
13229,0.4342986
13230,0.4342986
13231,0.4342986
13232,0.4342986
13233,0.4342986
13234,0.4342986
13235,0.4342986
13236,0.4342986
13237,0.4342986
13238,0.4342986
13239,0.4342986
13240,0.4342986
13241,0.4342986
13242,0.4342986
13243,0.4342986
13244,0.4342986
13245,0.4342986
13246,0.4342986
13247,0.4342986
13248,0.4342986
13249,0.4342986
13250,0.4342986
13251,0.4342986
13252,0.4342986
13253,0.4342986
13254,0.4342986
13255,0.4342986
13256,0.4342986
13257,0.4342986
13258,0.4342986
13259,0.4342986
13260,0.4342986
13261,0.4342986
13262,0.4342986
13263,0.4342986
13264,0.4342986
13265,0.4342986
13266,0.4342986
13267,0.4342986
13268,0.4342986
13269,0.4342986
13270,0.4342986
13271,0.4342986
13272,0.4342986
13273,0.4342986
13274,0.4342986
13275,0.4342986
13276,0.4342986
13277,0.4342986
13278,0.4342986
13279,0.4342986
13280,0.4342986
13281,0.4342986
13282,0.4342986
13283,0.4342986
13284,0.4342986
13285,0.4342986
13286,0.4342986
13287,0.4342986
13288,0.4342986
13289,0.4342986
13290,0.4342986
13291,0.4342986
13292,0.4342986
13293,0.4342986
13294,0.4342986
13295,0.4342986
13296,0.4342986
13297,0.4342986
13298,0.4342986
13299,0.4342986
13300,0.4342986
13301,0.4342986
13302,0.4342986
13303,0.4342986
13304,0.4342986
13305,0.4342986
13306,0.4342986
13307,0.4342986
13308,0.4342986
13309,0.4342986
13310,0.4342986
13311,0.4342986
13312,0.4342986
13313,0.4342986
13314,0.4342986
13315,0.4342986
13316,0.4342986
13317,0.4342986
13318,0.4342986
13319,0.4342986
13320,0.4342986
13321,0.4342986
13322,0.4342986
13323,0.4342986
13324,0.4342986
13325,0.4342986
13326,0.4342986
13327,0.4342986
13328,0.4342986
13329,0.4342986
13330,0.4342986
13331,0.4342986
13332,0.4342986
13333,0.4342986
13334,0.4342986
13335,0.4342986
13336,0.4342986
13337,0.4342986
13338,0.4342986
13339,0.4342986
13340,0.4342986
13341,0.4342986
13342,0.4342986
13343,0.4342986
13344,0.4342986
13345,0.4342986
13346,0.4342986
13347,0.4342986
13348,0.4342986
13349,0.4342986
13350,0.4342986
13351,0.4342986
13352,0.4342986
13353,0.4342986
13354,0.4342986
13355,0.4342986
13356,0.4342986
13357,0.4342986
13358,0.4342986
13359,0.4342986
13360,0.4342986
13361,0.4342986
13362,0.4342986
13363,0.4342986
13364,0.4342986
13365,0.4342986
13366,0.4342986
13367,0.4342986
13368,0.4342986
13369,0.4342986
13370,0.4342986
13371,0.4342986
13372,0.4342986
13373,0.4342986
13374,0.4342986
13375,0.4342986
13376,0.4342986
13377,0.4342986
13378,0.4342986
13379,0.4342986
13380,0.4342986
13381,0.4342986
13382,0.4342986
13383,0.4342986
13384,0.4342986
13385,0.4342986
13386,0.4342986
13387,0.4342986
13388,0.4342986
13389,0.4342986
13390,0.4342986
13391,0.4342986
13392,0.4342986
13393,0.4342986
13394,0.4342986
13395,0.4342986
13396,0.4342986
13397,0.4342986
13398,0.4342986
13399,0.4342986
13400,0.4342986
13401,0.4342986
13402,0.4342986
13403,0.4342986
13404,0.4342986
13405,0.4342986
13406,0.4342986
13407,0.4342986
13408,0.4342986
13409,0.4342986
13410,0.4342986
13411,0.4342986
13412,0.4342986
13413,0.4342986
13414,0.4342986
13415,0.4342986
13416,0.4342986
13417,0.4342986
13418,0.4342986
13419,0.4342986
13420,0.4342986
13421,0.4342986
13422,0.4342986
13423,0.4342986
13424,0.4342986
13425,0.4342986
13426,0.4342986
13427,0.4342986
13428,0.4342986
13429,0.4342986
13430,0.4342986
13431,0.4342986
13432,0.4342986
13433,0.4342986
13434,0.4342986
13435,0.4342986
13436,0.4342986
13437,0.4342986
13438,0.4342986
13439,0.4342986
13440,0.4342986
13441,0.4342986
13442,0.4342986
13443,0.4342986
13444,0.4342986
13445,0.4342986
13446,0.4342986
13447,0.4342986
13448,0.4342986
13449,0.4342986
13450,0.4342986
13451,0.4342986
13452,0.4342986
13453,0.4342986
13454,0.4342986
13455,0.4342986
13456,0.4342986
13457,0.4342986
13458,0.4342986
13459,0.4342986
13460,0.4342986
13461,0.4342986
13462,0.4342986
13463,0.4342986
13464,0.4342986
13465,0.4342986
13466,0.4342986
13467,0.4342986
13468,0.4342986
13469,0.4342986
13470,0.4342986
13471,0.4342986
13472,0.4342986
13473,0.4342986
13474,0.4342986
13475,0.4342986
13476,0.4342986
13477,0.4342986
13478,0.4342986
13479,0.4342986
13480,0.4342986
13481,0.4342986
13482,0.4342986
13483,0.4342986
13484,0.4342986
13485,0.4342986
13486,0.4342986
13487,0.4342986
13488,0.4342986
13489,0.4342986
13490,0.4342986
13491,0.4342986
13492,0.4342986
13493,0.4342986
13494,0.4342986
13495,0.4342986
13496,0.4342986
13497,0.4342986
13498,0.4342986
13499,0.4342986
13500,0.4342986
13501,0.4342986
13502,0.4342986
13503,0.4342986
13504,0.4342986
13505,0.4342986
13506,0.4342986
13507,0.4342986
13508,0.4342986
13509,0.4342986
13510,0.4342986
13511,0.4342986
13512,0.4342986
13513,0.4342986
13514,0.4342986
13515,0.4342986
13516,0.4342986
13517,0.4342986
13518,0.4342986
13519,0.4342986
13520,0.4342986
13521,0.4342986
13522,0.4342986
13523,0.4342986
13524,0.4342986
13525,0.4342986
13526,0.4342986
13527,0.4342986
13528,0.4342986
13529,0.4342986
13530,0.4342986
13531,0.4342986
13532,0.4342986
13533,0.4342986
13534,0.4342986
13535,0.4342986
13536,0.4342986
13537,0.4342986
13538,0.4342986
13539,0.4342986
13540,0.4342986
13541,0.4342986
13542,0.4342986
13543,0.4342986
13544,0.4342986
13545,0.4342986
13546,0.4342986
13547,0.4342986
13548,0.4342986
13549,0.4342986
13550,0.4342986
13551,0.4342986
13552,0.4342986
13553,0.4342986
13554,0.4342986
13555,0.4342986
13556,0.4342986
13557,0.4342986
13558,0.4342986
13559,0.4342986
13560,0.4342986
13561,0.4342986
13562,0.4342986
13563,0.4342986
13564,0.4342986
13565,0.4342986
13566,0.4342986
13567,0.4342986
13568,0.4342986
13569,0.4342986
13570,0.4342986
13571,0.4342986
13572,0.4342986
13573,0.4342986
13574,0.4342986
13575,0.4342986
13576,0.4342986
13577,0.4342986
13578,0.4342986
13579,0.4342986
13580,0.4342986
13581,0.4342986
13582,0.4342986
13583,0.4342986
13584,0.4342986
13585,0.4342986
13586,0.4342986
13587,0.4342986
13588,0.4342986
13589,0.4342986
13590,0.4342986
13591,0.4342986
13592,0.4342986
13593,0.4342986
13594,0.4342986
13595,0.4342986
13596,0.4342986
13597,0.4342986
13598,0.4342986
13599,0.4342986
13600,0.4342986
13601,0.4342986
13602,0.4342986
13603,0.4342986
13604,0.4342986
13605,0.4342986
13606,0.4342986
13607,0.4342986
13608,0.4342986
13609,0.4342986
13610,0.4342986
13611,0.4342986
13612,0.4342986
13613,0.4342986
13614,0.4342986
13615,0.4342986
13616,0.4342986
13617,0.4342986
13618,0.4342986
13619,0.4342986
13620,0.4342986
13621,0.4342986
13622,0.4342986
13623,0.4342986
13624,0.4342986
13625,0.4342986
13626,0.4342986
13627,0.4342986
13628,0.4342986
13629,0.4342986
13630,0.4342986
13631,0.4342986
13632,0.4342986
13633,0.4342986
13634,0.4342986
13635,0.4342986
13636,0.4342986
13637,0.4342986
13638,0.4342986
13639,0.4342986
13640,0.4342986
13641,0.4342986
13642,0.4342986
13643,0.4342986
13644,0.4342986
13645,0.4342986
13646,0.4342986
13647,0.4342986
13648,0.4342986
13649,0.4342986
13650,0.4342986
13651,0.4342986
13652,0.4342986
13653,0.4342986
13654,0.4342986
13655,0.4342986
13656,0.4342986
13657,0.4342986
13658,0.4342986
13659,0.4342986
13660,0.4342986
13661,0.4342986
13662,0.4342986
13663,0.4342986
13664,0.4342986
13665,0.4342986
13666,0.4342986
13667,0.4342986
13668,0.4342986
13669,0.4342986
13670,0.4342986
13671,0.4342986
13672,0.4342986
13673,0.4342986
13674,0.4342986
13675,0.4342986
13676,0.4342986
13677,0.4342986
13678,0.4342986
13679,0.4342986
13680,0.4342986
13681,0.4342986
13682,0.4342986
13683,0.4342986
13684,0.4342986
13685,0.4342986
13686,0.4342986
13687,0.4342986
13688,0.4342986
13689,0.4342986
13690,0.4342986
13691,0.4342986
13692,0.4342986
13693,0.4342986
13694,0.4342986
13695,0.4342986
13696,0.4342986
13697,0.4342986
13698,0.4342986
13699,0.4342986
13700,0.4342986
13701,0.4342986
13702,0.4342986
13703,0.4342986
13704,0.4342986
13705,0.4342986
13706,0.4342986
13707,0.4342986
13708,0.4342986
13709,0.4342986
13710,0.4342986
13711,0.4342986
13712,0.4342986
13713,0.4342986
13714,0.4342986
13715,0.4342986
13716,0.4342986
13717,0.4342986
13718,0.4342986
13719,0.4342986
13720,0.4342986
13721,0.4342986
13722,0.4342986
13723,0.4342986
13724,0.4342986
13725,0.4342986
13726,0.4342986
13727,0.4342986
13728,0.4342986
13729,0.4342986
13730,0.4342986
13731,0.4342986
13732,0.4342986
13733,0.4342986
13734,0.4342986
13735,0.4342986
13736,0.4342986
13737,0.4342986
13738,0.4342986
13739,0.4342986
13740,0.4342986
13741,0.4342986
13742,0.4342986
13743,0.4342986
13744,0.4342986
13745,0.4342986
13746,0.4342986
13747,0.4342986
13748,0.4342986
13749,0.4342986
13750,0.4342986
13751,0.4342986
13752,0.4342986
13753,0.4342986
13754,0.4342986
13755,0.4342986
13756,0.4342986
13757,0.4342986
13758,0.4342986
13759,0.4342986
13760,0.4342986
13761,0.4342986
13762,0.4342986
13763,0.4342986
13764,0.4342986
13765,0.4342986
13766,0.4342986
13767,0.4342986
13768,0.4342986
13769,0.4342986
13770,0.4342986
13771,0.4342986
13772,0.4342986
13773,0.4342986
13774,0.4342986
13775,0.4342986
13776,0.4342986
13777,0.4342986
13778,0.4342986
13779,0.4342986
13780,0.4342986
13781,0.4342986
13782,0.4342986
13783,0.4342986
13784,0.4342986
13785,0.4342986
13786,0.4342986
13787,0.4342986
13788,0.4342986
13789,0.4342986
13790,0.4342986
13791,0.4342986
13792,0.4342986
13793,0.4342986
13794,0.4342986
13795,0.4342986
13796,0.4342986
13797,0.4342986
13798,0.4342986
13799,0.4342986
13800,0.4342986
13801,0.4342986
13802,0.4342986
13803,0.4342986
13804,0.4342986
13805,0.4342986
13806,0.4342986
13807,0.4342986
13808,0.4342986
13809,0.4342986
13810,0.4342986
13811,0.4342986
13812,0.4342986
13813,0.4342986
13814,0.4342986
13815,0.4342986
13816,0.4342986
13817,0.4342986
13818,0.4342986
13819,0.4342986
13820,0.4342986
13821,0.4342986
13822,0.4342986
13823,0.4342986
13824,0.4342986
13825,0.4342986
13826,0.4342986
13827,0.4342986
13828,0.4342986
13829,0.4342986
13830,0.4342986
13831,0.4342986
13832,0.4342986
13833,0.4342986
13834,0.4342986
13835,0.4342986
13836,0.4342986
13837,0.4342986
13838,0.4342986
13839,0.4342986
13840,0.4342986
13841,0.4342986
13842,0.4342986
13843,0.4342986
13844,0.4342986
13845,0.4342986
13846,0.4342986
13847,0.4342986
13848,0.4342986
13849,0.4342986
13850,0.4342986
13851,0.4342986
13852,0.4342986
13853,0.4342986
13854,0.4342986
13855,0.4342986
13856,0.4342986
13857,0.4342986
13858,0.4342986
13859,0.4342986
13860,0.4342986
13861,0.4342986
13862,0.4342986
13863,0.4342986
13864,0.4342986
13865,0.4342986
13866,0.4342986
13867,0.4342986
13868,0.4342986
13869,0.4342986
13870,0.4342986
13871,0.4342986
13872,0.4342986
13873,0.4342986
13874,0.4342986
13875,0.4342986
13876,0.4342986
13877,0.4342986
13878,0.4342986
13879,0.4342986
13880,0.4342986
13881,0.4342986
13882,0.4342986
13883,0.4342986
13884,0.4342986
13885,0.4342986
13886,0.4342986
13887,0.4342986
13888,0.4342986
13889,0.4342986
13890,0.4342986
13891,0.4342986
13892,0.4342986
13893,0.4342986
13894,0.4342986
13895,0.4342986
13896,0.4342986
13897,0.4342986
13898,0.4342986
13899,0.4342986
13900,0.4342986
13901,0.4342986
13902,0.4342986
13903,0.4342986
13904,0.4342986
13905,0.4342986
13906,0.4342986
13907,0.4342986
13908,0.4342986
13909,0.4342986
13910,0.4342986
13911,0.4342986
13912,0.4342986
13913,0.4342986
13914,0.4342986
13915,0.4342986
13916,0.4342986
13917,0.4342986
13918,0.4342986
13919,0.4342986
13920,0.4342986
13921,0.4342986
13922,0.4342986
13923,0.4342986
13924,0.4342986
13925,0.4342986
13926,0.4342986
13927,0.4342986
13928,0.4342986
13929,0.4342986
13930,0.4342986
13931,0.4342986
13932,0.4342986
13933,0.4342986
13934,0.4342986
13935,0.4342986
13936,0.4342986
13937,0.4342986
13938,0.4342986
13939,0.4342986
13940,0.4342986
13941,0.4342986
13942,0.4342986
13943,0.4342986
13944,0.4342986
13945,0.4342986
13946,0.4342986
13947,0.4342986
13948,0.4342986
13949,0.4342986
13950,0.4342986
13951,0.4342986
13952,0.4342986
13953,0.4342986
13954,0.4342986
13955,0.4342986
13956,0.4342986
13957,0.4342986
13958,0.4342986
13959,0.4342986
13960,0.4342986
13961,0.4342986
13962,0.4342986
13963,0.4342986
13964,0.4342986
13965,0.4342986
13966,0.4342986
13967,0.4342986
13968,0.4342986
13969,0.4342986
13970,0.4342986
13971,0.4342986
13972,0.4342986
13973,0.4342986
13974,0.4342986
13975,0.4342986
13976,0.4342986
13977,0.4342986
13978,0.4342986
13979,0.4342986
13980,0.4342986
13981,0.4342986
13982,0.4342986
13983,0.4342986
13984,0.4342986
13985,0.4342986
13986,0.4342986
13987,0.4342986
13988,0.4342986
13989,0.4342986
13990,0.4342986
13991,0.4342986
13992,0.4342986
13993,0.4342986
13994,0.4342986
13995,0.4342986
13996,0.4342986
13997,0.4342986
13998,0.4342986
13999,0.4342986
14000,0.4342986
14001,0.4342986
14002,0.4342986
14003,0.4342986
14004,0.4342986
14005,0.4342986
14006,0.4342986
14007,0.4342986
14008,0.4342986
14009,0.4342986
14010,0.4342986
14011,0.4342986
14012,0.4342986
14013,0.4342986
14014,0.4342986
14015,0.4342986
14016,0.4342986
14017,0.4342986
14018,0.4342986
14019,0.4342986
14020,0.4342986
14021,0.4342986
14022,0.4342986
14023,0.4342986
14024,0.4342986
14025,0.4342986
14026,0.4342986
14027,0.4342986
14028,0.4342986
14029,0.4342986
14030,0.4342986
14031,0.4342986
14032,0.4342986
14033,0.4342986
14034,0.4342986
14035,0.4342986
14036,0.4342986
14037,0.4342986
14038,0.4342986
14039,0.4342986
14040,0.4342986
14041,0.4342986
14042,0.4342986
14043,0.4342986
14044,0.4342986
14045,0.4342986
14046,0.4342986
14047,0.4342986
14048,0.4342986
14049,0.4342986
14050,0.4342986
14051,0.4342986
14052,0.4342986
14053,0.4342986
14054,0.4342986
14055,0.4342986
14056,0.4342986
14057,0.4342986
14058,0.4342986
14059,0.4342986
14060,0.4342986
14061,0.4342986
14062,0.4342986
14063,0.4342986
14064,0.4342986
14065,0.4342986
14066,0.4342986
14067,0.4342986
14068,0.4342986
14069,0.4342986
14070,0.4342986
14071,0.4342986
14072,0.4342986
14073,0.4342986
14074,0.4342986
14075,0.4342986
14076,0.4342986
14077,0.4342986
14078,0.4342986
14079,0.4342986
14080,0.4342986
14081,0.4342986
14082,0.4342986
14083,0.4342986
14084,0.4342986
14085,0.4342986
14086,0.4342986
14087,0.4342986
14088,0.4342986
14089,0.4342986
14090,0.4342986
14091,0.4342986
14092,0.4342986
14093,0.4342986
14094,0.4342986
14095,0.4342986
14096,0.4342986
14097,0.4342986
14098,0.4342986
14099,0.4342986
14100,0.4342986
14101,0.4342986
14102,0.4342986
14103,0.4342986
14104,0.4342986
14105,0.4342986
14106,0.4342986
14107,0.4342986
14108,0.4342986
14109,0.4342986
14110,0.4342986
14111,0.4342986
14112,0.4342986
14113,0.4342986
14114,0.4342986
14115,0.4342986
14116,0.4342986
14117,0.4342986
14118,0.4342986
14119,0.4342986
14120,0.4342986
14121,0.4342986
14122,0.4342986
14123,0.4342986
14124,0.4342986
14125,0.4342986
14126,0.4342986
14127,0.4342986
14128,0.4342986
14129,0.4342986
14130,0.4342986
14131,0.4342986
14132,0.4342986
14133,0.4342986
14134,0.4342986
14135,0.4342986
14136,0.4342986
14137,0.4342986
14138,0.4342986
14139,0.4342986
14140,0.4342986
14141,0.4342986
14142,0.4342986
14143,0.4342986
14144,0.4342986
14145,0.4342986
14146,0.4342986
14147,0.4342986
14148,0.4342986
14149,0.4342986
14150,0.4342986
14151,0.4342986
14152,0.4342986
14153,0.4342986
14154,0.4342986
14155,0.4342986
14156,0.4342986
14157,0.4342986
14158,0.4342986
14159,0.4342986
14160,0.4342986
14161,0.4342986
14162,0.4342986
14163,0.4342986
14164,0.4342986
14165,0.4342986
14166,0.4342986
14167,0.4342986
14168,0.4342986
14169,0.4342986
14170,0.4342986
14171,0.4342986
14172,0.4342986
14173,0.4342986
14174,0.4342986
14175,0.4342986
14176,0.4342986
14177,0.4342986
14178,0.4342986
14179,0.4342986
14180,0.4342986
14181,0.4342986
14182,0.4342986
14183,0.4342986
14184,0.4342986
14185,0.4342986
14186,0.4342986
14187,0.4342986
14188,0.4342986
14189,0.4342986
14190,0.4342986
14191,0.4342986
14192,0.4342986
14193,0.4342986
14194,0.4342986
14195,0.4342986
14196,0.4342986
14197,0.4342986
14198,0.4342986
14199,0.4342986
14200,0.4342986
14201,0.4342986
14202,0.4342986
14203,0.4342986
14204,0.4342986
14205,0.4342986
14206,0.4342986
14207,0.4342986
14208,0.4342986
14209,0.4342986
14210,0.4342986
14211,0.4342986
14212,0.4342986
14213,0.4342986
14214,0.4342986
14215,0.4342986
14216,0.4342986
14217,0.4342986
14218,0.4342986
14219,0.4342986
14220,0.4342986
14221,0.4342986
14222,0.4342986
14223,0.4342986
14224,0.4342986
14225,0.4342986
14226,0.4342986
14227,0.4342986
14228,0.4342986
14229,0.4342986
14230,0.4342986
14231,0.4342986
14232,0.4342986
14233,0.4342986
14234,0.4342986
14235,0.4342986
14236,0.4342986
14237,0.4342986
14238,0.4342986
14239,0.4342986
14240,0.4342986
14241,0.4342986
14242,0.4342986
14243,0.4342986
14244,0.4342986
14245,0.4342986
14246,0.4342986
14247,0.4342986
14248,0.4342986
14249,0.4342986
14250,0.4342986
14251,0.4342986
14252,0.4342986
14253,0.4342986
14254,0.4342986
14255,0.4342986
14256,0.4342986
14257,0.4342986
14258,0.4342986
14259,0.4342986
14260,0.4342986
14261,0.4342986
14262,0.4342986
14263,0.4342986
14264,0.4342986
14265,0.4342986
14266,0.4342986
14267,0.4342986
14268,0.4342986
14269,0.4342986
14270,0.4342986
14271,0.4342986
14272,0.4342986
14273,0.4342986
14274,0.4342986
14275,0.4342986
14276,0.4342986
14277,0.4342986
14278,0.4342986
14279,0.4342986
14280,0.4342986
14281,0.4342986
14282,0.4342986
14283,0.4342986
14284,0.4342986
14285,0.4342986
14286,0.4342986
14287,0.4342986
14288,0.4342986
14289,0.4342986
14290,0.4342986
14291,0.4342986
14292,0.4342986
14293,0.4342986
14294,0.4342986
14295,0.4342986
14296,0.4342986
14297,0.4342986
14298,0.4342986
14299,0.4342986
14300,0.4342986
14301,0.4342986
14302,0.4342986
14303,0.4342986
14304,0.4342986
14305,0.4342986
14306,0.4342986
14307,0.4342986
14308,0.4342986
14309,0.4342986
14310,0.4342986
14311,0.4342986
14312,0.4342986
14313,0.4342986
14314,0.4342986
14315,0.4342986
14316,0.4342986
14317,0.4342986
14318,0.4342986
14319,0.4342986
14320,0.4342986
14321,0.4342986
14322,0.4342986
14323,0.4342986
14324,0.4342986
14325,0.4342986
14326,0.4342986
14327,0.4342986
14328,0.4342986
14329,0.4342986
14330,0.4342986
14331,0.4342986
14332,0.4342986
14333,0.4342986
14334,0.4342986
14335,0.4342986
14336,0.4342986
14337,0.4342986
14338,0.4342986
14339,0.4342986
14340,0.4342986
14341,0.4342986
14342,0.4342986
14343,0.4342986
14344,0.4342986
14345,0.4342986
14346,0.4342986
14347,0.4342986
14348,0.4342986
14349,0.4342986
14350,0.4342986
14351,0.4342986
14352,0.4342986
14353,0.4342986
14354,0.4342986
14355,0.4342986
14356,0.4342986
14357,0.4342986
14358,0.4342986
14359,0.4342986
14360,0.4342986
14361,0.4342986
14362,0.4342986
14363,0.4342986
14364,0.4342986
14365,0.4342986
14366,0.4342986
14367,0.4342986
14368,0.4342986
14369,0.4342986
14370,0.4342986
14371,0.4342986
14372,0.4342986
14373,0.4342986
14374,0.4342986
14375,0.4342986
14376,0.4342986
14377,0.4342986
14378,0.4342986
14379,0.4342986
14380,0.4342986
14381,0.4342986
14382,0.4342986
14383,0.4342986
14384,0.4342986
14385,0.4342986
14386,0.4342986
14387,0.4342986
14388,0.4342986
14389,0.4342986
14390,0.4342986
14391,0.4342986
14392,0.4342986
14393,0.4342986
14394,0.4342986
14395,0.4342986
14396,0.4342986
14397,0.4342986
14398,0.4342986
14399,0.4342986
14400,0.4342986
