Minute,Forecast_SM
1,0.43538335
2,0.43397245
3,0.43353352
4,0.43341324
5,0.43337062
6,0.43333486
7,0.43333212
8,0.43335918
9,0.43338004
10,0.4333496
11,0.4352217
12,0.43404952
13,0.43375573
14,0.43371674
15,0.43373713
16,0.43375868
17,0.43378
18,0.43382764
19,0.4339275
20,0.43405184
21,0.43406695
22,0.43403006
23,0.43401793
24,0.4339965
25,0.43399197
26,0.43399656
27,0.43398604
28,0.4339546
29,0.4339147
30,0.4338729
31,0.4338451
32,0.4338424
33,0.4338633
34,0.4338812
35,0.43387282
36,0.43387848
37,0.43390387
38,0.43393478
39,0.43395483
40,0.433965
41,0.43396825
42,0.43397167
43,0.4339666
44,0.43395227
45,0.43393868
46,0.4339276
47,0.43390855
48,0.43387955
49,0.43385187
50,0.43383795
51,0.4338261
52,0.43379882
53,0.4338007
54,0.43381128
55,0.4338177
56,0.43382657
57,0.43385977
58,0.43391097
59,0.43395227
60,0.4339774
61,0.4339979
62,0.43402815
63,0.43403062
64,0.43402362
65,0.43401828
66,0.4340115
67,0.43397987
68,0.4339587
69,0.433952
70,0.43394828
71,0.43394467
72,0.43393913
73,0.43393213
74,0.43392512
75,0.43391946
76,0.43391418
77,0.43391073
78,0.43390927
79,0.43390578
80,0.43389842
81,0.43389302
82,0.4338998
83,0.43390784
84,0.43391353
85,0.43391663
86,0.4339163
87,0.4339137
88,0.4339088
89,0.43390605
90,0.43390697
91,0.43390623
92,0.4339039
93,0.43389294
94,0.43388924
95,0.43388534
96,0.43387917
97,0.4338723
98,0.4338677
99,0.43386662
100,0.43387076
101,0.43388146
102,0.43388456
103,0.43389043
104,0.4338943
105,0.43389824
106,0.43390372
107,0.43391028
108,0.43391585
109,0.43391812
110,0.43391752
111,0.43391687
112,0.43391645
113,0.43391463
114,0.4339145
115,0.43391564
116,0.43391696
117,0.43391836
118,0.43392006
119,0.43392283
120,0.43392584
121,0.43392634
122,0.43392646
123,0.4339265
124,0.4339264
125,0.43392625
126,0.4339261
127,0.43392602
128,0.43392593
129,0.43392587
130,0.43392572
131,0.4339257
132,0.43392584
133,0.43392596
134,0.43392614
135,0.4339263
136,0.4339265
137,0.43392667
138,0.43392682
139,0.4339269
140,0.43392697
141,0.43392703
142,0.43392703
143,0.433927
144,0.43392697
145,0.43392688
146,0.43392682
147,0.43392673
148,0.4339267
149,0.4339267
150,0.4339267
151,0.43392673
152,0.4339268
153,0.4339268
154,0.43392685
155,0.43392688
156,0.4339269
157,0.433927
158,0.43392703
159,0.43392706
160,0.4339271
161,0.43392712
162,0.43392718
163,0.4339272
164,0.4339272
165,0.43392718
166,0.43392718
167,0.43392712
168,0.43392712
169,0.4339271
170,0.43392706
171,0.43392703
172,0.433927
173,0.433927
174,0.43392697
175,0.43392697
176,0.4339269
177,0.4339269
178,0.4339269
179,0.4339269
180,0.4339269
181,0.4339269
182,0.4339269
183,0.43392697
184,0.43392697
185,0.43392697
186,0.43392697
187,0.43392697
188,0.43392697
189,0.43392697
190,0.4339269
191,0.4339269
192,0.4339269
193,0.4339269
194,0.43392688
195,0.4339269
196,0.4339269
197,0.4339269
198,0.4339269
199,0.4339269
200,0.43392697
201,0.43392697
202,0.43392697
203,0.43392697
204,0.43392697
205,0.43392697
206,0.43392697
207,0.43392697
208,0.43392697
209,0.43392697
210,0.43392697
211,0.43392697
212,0.43392697
213,0.43392697
214,0.43392697
215,0.43392697
216,0.43392697
217,0.43392697
218,0.43392697
219,0.43392697
220,0.433927
221,0.433927
222,0.43392697
223,0.43392697
224,0.43392697
225,0.43392697
226,0.43392697
227,0.43392697
228,0.43392697
229,0.43392697
230,0.43392697
231,0.43392697
232,0.43392697
233,0.43392697
234,0.43392697
235,0.43392697
236,0.43392697
237,0.43392697
238,0.43392697
239,0.43392697
240,0.43392697
241,0.43392697
242,0.43392697
243,0.43392697
244,0.43392697
245,0.43392697
246,0.43392697
247,0.43392697
248,0.43392697
249,0.43392697
250,0.43392697
251,0.43392697
252,0.43392697
253,0.43392697
254,0.43392697
255,0.43392697
256,0.43392697
257,0.43392697
258,0.43392697
259,0.43392697
260,0.43392697
261,0.43392697
262,0.43392697
263,0.43392697
264,0.43392697
265,0.43392697
266,0.43392697
267,0.43392697
268,0.43392697
269,0.43392697
270,0.43392697
271,0.43392697
272,0.43392697
273,0.43392697
274,0.43392697
275,0.43392697
276,0.43392697
277,0.43392697
278,0.43392697
279,0.43392697
280,0.43392697
281,0.43392697
282,0.43392697
283,0.43392697
284,0.43392697
285,0.43392697
286,0.43392697
287,0.43392697
288,0.43392697
289,0.43392697
290,0.43392697
291,0.43392697
292,0.43392697
293,0.43392697
294,0.43392697
295,0.43392697
296,0.43392697
297,0.43392697
298,0.43392697
299,0.43392697
300,0.43392697
301,0.43392697
302,0.43392697
303,0.43392697
304,0.43392697
305,0.43392697
306,0.43392697
307,0.43392697
308,0.43392697
309,0.43392697
310,0.43392697
311,0.43392697
312,0.43392697
313,0.43392697
314,0.43392697
315,0.43392697
316,0.43392697
317,0.43392697
318,0.43392697
319,0.43392697
320,0.43392697
321,0.43392697
322,0.43392697
323,0.43392697
324,0.43392697
325,0.43392697
326,0.43392697
327,0.43392697
328,0.43392697
329,0.43392697
330,0.43392697
331,0.43392697
332,0.43392697
333,0.43392697
334,0.43392697
335,0.43392697
336,0.43392697
337,0.43392697
338,0.43392697
339,0.43392697
340,0.43392697
341,0.43392697
342,0.43392697
343,0.43392697
344,0.43392697
345,0.43392697
346,0.43392697
347,0.43392697
348,0.43392697
349,0.43392697
350,0.43392697
351,0.43392697
352,0.43392697
353,0.43392697
354,0.43392697
355,0.43392697
356,0.43392697
357,0.43392697
358,0.43392697
359,0.43392697
360,0.43392697
361,0.43392697
362,0.43392697
363,0.43392697
364,0.43392697
365,0.43392697
366,0.43392697
367,0.43392697
368,0.43392697
369,0.43392697
370,0.43392697
371,0.43392697
372,0.43392697
373,0.43392697
374,0.43392697
375,0.43392697
376,0.43392697
377,0.43392697
378,0.43392697
379,0.43392697
380,0.43392697
381,0.43392697
382,0.43392697
383,0.43392697
384,0.43392697
385,0.43392697
386,0.43392697
387,0.43392697
388,0.43392697
389,0.43392697
390,0.43392697
391,0.43392697
392,0.43392697
393,0.43392697
394,0.43392697
395,0.43392697
396,0.43392697
397,0.43392697
398,0.43392697
399,0.43392697
400,0.43392697
401,0.43392697
402,0.43392697
403,0.43392697
404,0.43392697
405,0.43392697
406,0.43392697
407,0.43392697
408,0.43392697
409,0.43392697
410,0.43392697
411,0.43392697
412,0.43392697
413,0.43392697
414,0.43392697
415,0.43392697
416,0.43392697
417,0.43392697
418,0.43392697
419,0.43392697
420,0.43392697
421,0.43392697
422,0.43392697
423,0.43392697
424,0.43392697
425,0.43392697
426,0.43392697
427,0.43392697
428,0.43392697
429,0.43392697
430,0.43392697
431,0.43392697
432,0.43392697
433,0.43392697
434,0.43392697
435,0.43392697
436,0.43392697
437,0.43392697
438,0.43392697
439,0.43392697
440,0.43392697
441,0.43392697
442,0.43392697
443,0.43392697
444,0.43392697
445,0.43392697
446,0.43392697
447,0.43392697
448,0.43392697
449,0.43392697
450,0.43392697
451,0.43392697
452,0.43392697
453,0.43392697
454,0.43392697
455,0.43392697
456,0.43392697
457,0.43392697
458,0.43392697
459,0.43392697
460,0.43392697
461,0.43392697
462,0.43392697
463,0.43392697
464,0.43392697
465,0.43392697
466,0.43392697
467,0.43392697
468,0.43392697
469,0.43392697
470,0.43392697
471,0.43392697
472,0.43392697
473,0.43392697
474,0.43392697
475,0.43392697
476,0.43392697
477,0.43392697
478,0.43392697
479,0.43392697
480,0.43392697
481,0.43392697
482,0.43392697
483,0.43392697
484,0.43392697
485,0.43392697
486,0.43392697
487,0.43392697
488,0.43392697
489,0.43392697
490,0.43392697
491,0.43392697
492,0.43392697
493,0.43392697
494,0.43392697
495,0.43392697
496,0.43392697
497,0.43392697
498,0.43392697
499,0.43392697
500,0.43392697
501,0.43392697
502,0.43392697
503,0.43392697
504,0.43392697
505,0.43392697
506,0.43392697
507,0.43392697
508,0.43392697
509,0.43392697
510,0.43392697
511,0.43392697
512,0.43392697
513,0.43392697
514,0.43392697
515,0.43392697
516,0.43392697
517,0.43392697
518,0.43392697
519,0.43392697
520,0.43392697
521,0.43392697
522,0.43392697
523,0.43392697
524,0.43392697
525,0.43392697
526,0.43392697
527,0.43392697
528,0.43392697
529,0.43392697
530,0.43392697
531,0.43392697
532,0.43392697
533,0.43392697
534,0.43392697
535,0.43392697
536,0.43392697
537,0.43392697
538,0.43392697
539,0.43392697
540,0.43392697
541,0.43392697
542,0.43392697
543,0.43392697
544,0.43392697
545,0.43392697
546,0.43392697
547,0.43392697
548,0.43392697
549,0.43392697
550,0.43392697
551,0.43392697
552,0.43392697
553,0.43392697
554,0.43392697
555,0.43392697
556,0.43392697
557,0.43392697
558,0.43392697
559,0.43392697
560,0.43392697
561,0.43392697
562,0.43392697
563,0.43392697
564,0.43392697
565,0.43392697
566,0.43392697
567,0.43392697
568,0.43392697
569,0.43392697
570,0.43392697
571,0.43392697
572,0.43392697
573,0.43392697
574,0.43392697
575,0.43392697
576,0.43392697
577,0.43392697
578,0.43392697
579,0.43392697
580,0.43392697
581,0.43392697
582,0.43392697
583,0.43392697
584,0.43392697
585,0.43392697
586,0.43392697
587,0.43392697
588,0.43392697
589,0.43392697
590,0.43392697
591,0.43392697
592,0.43392697
593,0.43392697
594,0.43392697
595,0.43392697
596,0.43392697
597,0.43392697
598,0.43392697
599,0.43392697
600,0.43392697
601,0.43392697
602,0.43392697
603,0.43392697
604,0.43392697
605,0.43392697
606,0.43392697
607,0.43392697
608,0.43392697
609,0.43392697
610,0.43392697
611,0.43392697
612,0.43392697
613,0.43392697
614,0.43392697
615,0.43392697
616,0.43392697
617,0.43392697
618,0.43392697
619,0.43392697
620,0.43392697
621,0.43392697
622,0.43392697
623,0.43392697
624,0.43392697
625,0.43392697
626,0.43392697
627,0.43392697
628,0.43392697
629,0.43392697
630,0.43392697
631,0.43392697
632,0.43392697
633,0.43392697
634,0.43392697
635,0.43392697
636,0.43392697
637,0.43392697
638,0.43392697
639,0.43392697
640,0.43392697
641,0.43392697
642,0.43392697
643,0.43392697
644,0.43392697
645,0.43392697
646,0.43392697
647,0.43392697
648,0.43392697
649,0.43392697
650,0.43392697
651,0.43392697
652,0.43392697
653,0.43392697
654,0.43392697
655,0.43392697
656,0.43392697
657,0.43392697
658,0.43392697
659,0.43392697
660,0.43392697
661,0.43392697
662,0.43392697
663,0.43392697
664,0.43392697
665,0.43392697
666,0.43392697
667,0.43392697
668,0.43392697
669,0.43392697
670,0.43392697
671,0.43392697
672,0.43392697
673,0.43392697
674,0.43392697
675,0.43392697
676,0.43392697
677,0.43392697
678,0.43392697
679,0.43392697
680,0.43392697
681,0.43392697
682,0.43392697
683,0.43392697
684,0.43392697
685,0.43392697
686,0.43392697
687,0.43392697
688,0.43392697
689,0.43392697
690,0.43392697
691,0.43392697
692,0.43392697
693,0.43392697
694,0.43392697
695,0.43392697
696,0.43392697
697,0.43392697
698,0.43392697
699,0.43392697
700,0.43392697
701,0.43392697
702,0.43392697
703,0.43392697
704,0.43392697
705,0.43392697
706,0.43392697
707,0.43392697
708,0.43392697
709,0.43392697
710,0.43392697
711,0.43392697
712,0.43392697
713,0.43392697
714,0.43392697
715,0.43392697
716,0.43392697
717,0.43392697
718,0.43392697
719,0.43392697
720,0.43392697
721,0.43392697
722,0.43392697
723,0.43392697
724,0.43392697
725,0.43392697
726,0.43392697
727,0.43392697
728,0.43392697
729,0.43392697
730,0.43392697
731,0.43392697
732,0.43392697
733,0.43392697
734,0.43392697
735,0.43392697
736,0.43392697
737,0.43392697
738,0.43392697
739,0.43392697
740,0.43392697
741,0.43392697
742,0.43392697
743,0.43392697
744,0.43392697
745,0.43392697
746,0.43392697
747,0.43392697
748,0.43392697
749,0.43392697
750,0.43392697
751,0.43392697
752,0.43392697
753,0.43392697
754,0.43392697
755,0.43392697
756,0.43392697
757,0.43392697
758,0.43392697
759,0.43392697
760,0.43392697
761,0.43392697
762,0.43392697
763,0.43392697
764,0.43392697
765,0.43392697
766,0.43392697
767,0.43392697
768,0.43392697
769,0.43392697
770,0.43392697
771,0.43392697
772,0.43392697
773,0.43392697
774,0.43392697
775,0.43392697
776,0.43392697
777,0.43392697
778,0.43392697
779,0.43392697
780,0.43392697
781,0.43392697
782,0.43392697
783,0.43392697
784,0.43392697
785,0.43392697
786,0.43392697
787,0.43392697
788,0.43392697
789,0.43392697
790,0.43392697
791,0.43392697
792,0.43392697
793,0.43392697
794,0.43392697
795,0.43392697
796,0.43392697
797,0.43392697
798,0.43392697
799,0.43392697
800,0.43392697
801,0.43392697
802,0.43392697
803,0.43392697
804,0.43392697
805,0.43392697
806,0.43392697
807,0.43392697
808,0.43392697
809,0.43392697
810,0.43392697
811,0.43392697
812,0.43392697
813,0.43392697
814,0.43392697
815,0.43392697
816,0.43392697
817,0.43392697
818,0.43392697
819,0.43392697
820,0.43392697
821,0.43392697
822,0.43392697
823,0.43392697
824,0.43392697
825,0.43392697
826,0.43392697
827,0.43392697
828,0.43392697
829,0.43392697
830,0.43392697
831,0.43392697
832,0.43392697
833,0.43392697
834,0.43392697
835,0.43392697
836,0.43392697
837,0.43392697
838,0.43392697
839,0.43392697
840,0.43392697
841,0.43392697
842,0.43392697
843,0.43392697
844,0.43392697
845,0.43392697
846,0.43392697
847,0.43392697
848,0.43392697
849,0.43392697
850,0.43392697
851,0.43392697
852,0.43392697
853,0.43392697
854,0.43392697
855,0.43392697
856,0.43392697
857,0.43392697
858,0.43392697
859,0.43392697
860,0.43392697
861,0.43392697
862,0.43392697
863,0.43392697
864,0.43392697
865,0.43392697
866,0.43392697
867,0.43392697
868,0.43392697
869,0.43392697
870,0.43392697
871,0.43392697
872,0.43392697
873,0.43392697
874,0.43392697
875,0.43392697
876,0.43392697
877,0.43392697
878,0.43392697
879,0.43392697
880,0.43392697
881,0.43392697
882,0.43392697
883,0.43392697
884,0.43392697
885,0.43392697
886,0.43392697
887,0.43392697
888,0.43392697
889,0.43392697
890,0.43392697
891,0.43392697
892,0.43392697
893,0.43392697
894,0.43392697
895,0.43392697
896,0.43392697
897,0.43392697
898,0.43392697
899,0.43392697
900,0.43392697
901,0.43392697
902,0.43392697
903,0.43392697
904,0.43392697
905,0.43392697
906,0.43392697
907,0.43392697
908,0.43392697
909,0.43392697
910,0.43392697
911,0.43392697
912,0.43392697
913,0.43392697
914,0.43392697
915,0.43392697
916,0.43392697
917,0.43392697
918,0.43392697
919,0.43392697
920,0.43392697
921,0.43392697
922,0.43392697
923,0.43392697
924,0.43392697
925,0.43392697
926,0.43392697
927,0.43392697
928,0.43392697
929,0.43392697
930,0.43392697
931,0.43392697
932,0.43392697
933,0.43392697
934,0.43392697
935,0.43392697
936,0.43392697
937,0.43392697
938,0.43392697
939,0.43392697
940,0.43392697
941,0.43392697
942,0.43392697
943,0.43392697
944,0.43392697
945,0.43392697
946,0.43392697
947,0.43392697
948,0.43392697
949,0.43392697
950,0.43392697
951,0.43392697
952,0.43392697
953,0.43392697
954,0.43392697
955,0.43392697
956,0.43392697
957,0.43392697
958,0.43392697
959,0.43392697
960,0.43392697
961,0.43392697
962,0.43392697
963,0.43392697
964,0.43392697
965,0.43392697
966,0.43392697
967,0.43392697
968,0.43392697
969,0.43392697
970,0.43392697
971,0.43392697
972,0.43392697
973,0.43392697
974,0.43392697
975,0.43392697
976,0.43392697
977,0.43392697
978,0.43392697
979,0.43392697
980,0.43392697
981,0.43392697
982,0.43392697
983,0.43392697
984,0.43392697
985,0.43392697
986,0.43392697
987,0.43392697
988,0.43392697
989,0.43392697
990,0.43392697
991,0.43392697
992,0.43392697
993,0.43392697
994,0.43392697
995,0.43392697
996,0.43392697
997,0.43392697
998,0.43392697
999,0.43392697
1000,0.43392697
1001,0.43392697
1002,0.43392697
1003,0.43392697
1004,0.43392697
1005,0.43392697
1006,0.43392697
1007,0.43392697
1008,0.43392697
1009,0.43392697
1010,0.43392697
1011,0.43392697
1012,0.43392697
1013,0.43392697
1014,0.43392697
1015,0.43392697
1016,0.43392697
1017,0.43392697
1018,0.43392697
1019,0.43392697
1020,0.43392697
1021,0.43392697
1022,0.43392697
1023,0.43392697
1024,0.43392697
1025,0.43392697
1026,0.43392697
1027,0.43392697
1028,0.43392697
1029,0.43392697
1030,0.43392697
1031,0.43392697
1032,0.43392697
1033,0.43392697
1034,0.43392697
1035,0.43392697
1036,0.43392697
1037,0.43392697
1038,0.43392697
1039,0.43392697
1040,0.43392697
1041,0.43392697
1042,0.43392697
1043,0.43392697
1044,0.43392697
1045,0.43392697
1046,0.43392697
1047,0.43392697
1048,0.43392697
1049,0.43392697
1050,0.43392697
1051,0.43392697
1052,0.43392697
1053,0.43392697
1054,0.43392697
1055,0.43392697
1056,0.43392697
1057,0.43392697
1058,0.43392697
1059,0.43392697
1060,0.43392697
1061,0.43392697
1062,0.43392697
1063,0.43392697
1064,0.43392697
1065,0.43392697
1066,0.43392697
1067,0.43392697
1068,0.43392697
1069,0.43392697
1070,0.43392697
1071,0.43392697
1072,0.43392697
1073,0.43392697
1074,0.43392697
1075,0.43392697
1076,0.43392697
1077,0.43392697
1078,0.43392697
1079,0.43392697
1080,0.43392697
1081,0.43392697
1082,0.43392697
1083,0.43392697
1084,0.43392697
1085,0.43392697
1086,0.43392697
1087,0.43392697
1088,0.43392697
1089,0.43392697
1090,0.43392697
1091,0.43392697
1092,0.43392697
1093,0.43392697
1094,0.43392697
1095,0.43392697
1096,0.43392697
1097,0.43392697
1098,0.43392697
1099,0.43392697
1100,0.43392697
1101,0.43392697
1102,0.43392697
1103,0.43392697
1104,0.43392697
1105,0.43392697
1106,0.43392697
1107,0.43392697
1108,0.43392697
1109,0.43392697
1110,0.43392697
1111,0.43392697
1112,0.43392697
1113,0.43392697
1114,0.43392697
1115,0.43392697
1116,0.43392697
1117,0.43392697
1118,0.43392697
1119,0.43392697
1120,0.43392697
1121,0.43392697
1122,0.43392697
1123,0.43392697
1124,0.43392697
1125,0.43392697
1126,0.43392697
1127,0.43392697
1128,0.43392697
1129,0.43392697
1130,0.43392697
1131,0.43392697
1132,0.43392697
1133,0.43392697
1134,0.43392697
1135,0.43392697
1136,0.43392697
1137,0.43392697
1138,0.43392697
1139,0.43392697
1140,0.43392697
1141,0.43392697
1142,0.43392697
1143,0.43392697
1144,0.43392697
1145,0.43392697
1146,0.43392697
1147,0.43392697
1148,0.43392697
1149,0.43392697
1150,0.43392697
1151,0.43392697
1152,0.43392697
1153,0.43392697
1154,0.43392697
1155,0.43392697
1156,0.43392697
1157,0.43392697
1158,0.43392697
1159,0.43392697
1160,0.43392697
1161,0.43392697
1162,0.43392697
1163,0.43392697
1164,0.43392697
1165,0.43392697
1166,0.43392697
1167,0.43392697
1168,0.43392697
1169,0.43392697
1170,0.43392697
1171,0.43392697
1172,0.43392697
1173,0.43392697
1174,0.43392697
1175,0.43392697
1176,0.43392697
1177,0.43392697
1178,0.43392697
1179,0.43392697
1180,0.43392697
1181,0.43392697
1182,0.43392697
1183,0.43392697
1184,0.43392697
1185,0.43392697
1186,0.43392697
1187,0.43392697
1188,0.43392697
1189,0.43392697
1190,0.43392697
1191,0.43392697
1192,0.43392697
1193,0.43392697
1194,0.43392697
1195,0.43392697
1196,0.43392697
1197,0.43392697
1198,0.43392697
1199,0.43392697
1200,0.43392697
1201,0.43392697
1202,0.43392697
1203,0.43392697
1204,0.43392697
1205,0.43392697
1206,0.43392697
1207,0.43392697
1208,0.43392697
1209,0.43392697
1210,0.43392697
1211,0.43392697
1212,0.43392697
1213,0.43392697
1214,0.43392697
1215,0.43392697
1216,0.43392697
1217,0.43392697
1218,0.43392697
1219,0.43392697
1220,0.43392697
1221,0.43392697
1222,0.43392697
1223,0.43392697
1224,0.43392697
1225,0.43392697
1226,0.43392697
1227,0.43392697
1228,0.43392697
1229,0.43392697
1230,0.43392697
1231,0.43392697
1232,0.43392697
1233,0.43392697
1234,0.43392697
1235,0.43392697
1236,0.43392697
1237,0.43392697
1238,0.43392697
1239,0.43392697
1240,0.43392697
1241,0.43392697
1242,0.43392697
1243,0.43392697
1244,0.43392697
1245,0.43392697
1246,0.43392697
1247,0.43392697
1248,0.43392697
1249,0.43392697
1250,0.43392697
1251,0.43392697
1252,0.43392697
1253,0.43392697
1254,0.43392697
1255,0.43392697
1256,0.43392697
1257,0.43392697
1258,0.43392697
1259,0.43392697
1260,0.43392697
1261,0.43392697
1262,0.43392697
1263,0.43392697
1264,0.43392697
1265,0.43392697
1266,0.43392697
1267,0.43392697
1268,0.43392697
1269,0.43392697
1270,0.43392697
1271,0.43392697
1272,0.43392697
1273,0.43392697
1274,0.43392697
1275,0.43392697
1276,0.43392697
1277,0.43392697
1278,0.43392697
1279,0.43392697
1280,0.43392697
1281,0.43392697
1282,0.43392697
1283,0.43392697
1284,0.43392697
1285,0.43392697
1286,0.43392697
1287,0.43392697
1288,0.43392697
1289,0.43392697
1290,0.43392697
1291,0.43392697
1292,0.43392697
1293,0.43392697
1294,0.43392697
1295,0.43392697
1296,0.43392697
1297,0.43392697
1298,0.43392697
1299,0.43392697
1300,0.43392697
1301,0.43392697
1302,0.43392697
1303,0.43392697
1304,0.43392697
1305,0.43392697
1306,0.43392697
1307,0.43392697
1308,0.43392697
1309,0.43392697
1310,0.43392697
1311,0.43392697
1312,0.43392697
1313,0.43392697
1314,0.43392697
1315,0.43392697
1316,0.43392697
1317,0.43392697
1318,0.43392697
1319,0.43392697
1320,0.43392697
1321,0.43392697
1322,0.43392697
1323,0.43392697
1324,0.43392697
1325,0.43392697
1326,0.43392697
1327,0.43392697
1328,0.43392697
1329,0.43392697
1330,0.43392697
1331,0.43392697
1332,0.43392697
1333,0.43392697
1334,0.43392697
1335,0.43392697
1336,0.43392697
1337,0.43392697
1338,0.43392697
1339,0.43392697
1340,0.43392697
1341,0.43392697
1342,0.43392697
1343,0.43392697
1344,0.43392697
1345,0.43392697
1346,0.43392697
1347,0.43392697
1348,0.43392697
1349,0.43392697
1350,0.43392697
1351,0.43392697
1352,0.43392697
1353,0.43392697
1354,0.43392697
1355,0.43392697
1356,0.43392697
1357,0.43392697
1358,0.43392697
1359,0.43392697
1360,0.43392697
1361,0.43392697
1362,0.43392697
1363,0.43392697
1364,0.43392697
1365,0.43392697
1366,0.43392697
1367,0.43392697
1368,0.43392697
1369,0.43392697
1370,0.43392697
1371,0.43392697
1372,0.43392697
1373,0.43392697
1374,0.43392697
1375,0.43392697
1376,0.43392697
1377,0.43392697
1378,0.43392697
1379,0.43392697
1380,0.43392697
1381,0.43392697
1382,0.43392697
1383,0.43392697
1384,0.43392697
1385,0.43392697
1386,0.43392697
1387,0.43392697
1388,0.43392697
1389,0.43392697
1390,0.43392697
1391,0.43392697
1392,0.43392697
1393,0.43392697
1394,0.43392697
1395,0.43392697
1396,0.43392697
1397,0.43392697
1398,0.43392697
1399,0.43392697
1400,0.43392697
1401,0.43392697
1402,0.43392697
1403,0.43392697
1404,0.43392697
1405,0.43392697
1406,0.43392697
1407,0.43392697
1408,0.43392697
1409,0.43392697
1410,0.43392697
1411,0.43392697
1412,0.43392697
1413,0.43392697
1414,0.43392697
1415,0.43392697
1416,0.43392697
1417,0.43392697
1418,0.43392697
1419,0.43392697
1420,0.43392697
1421,0.43392697
1422,0.43392697
1423,0.43392697
1424,0.43392697
1425,0.43392697
1426,0.43392697
1427,0.43392697
1428,0.43392697
1429,0.43392697
1430,0.43392697
1431,0.43392697
1432,0.43392697
1433,0.43392697
1434,0.43392697
1435,0.43392697
1436,0.43392697
1437,0.43392697
1438,0.43392697
1439,0.43392697
1440,0.43392697
1441,0.43392697
1442,0.43392697
1443,0.43392697
1444,0.43392697
1445,0.43392697
1446,0.43392697
1447,0.43392697
1448,0.43392697
1449,0.43392697
1450,0.43392697
1451,0.43392697
1452,0.43392697
1453,0.43392697
1454,0.43392697
1455,0.43392697
1456,0.43392697
1457,0.43392697
1458,0.43392697
1459,0.43392697
1460,0.43392697
1461,0.43392697
1462,0.43392697
1463,0.43392697
1464,0.43392697
1465,0.43392697
1466,0.43392697
1467,0.43392697
1468,0.43392697
1469,0.43392697
1470,0.43392697
1471,0.43392697
1472,0.43392697
1473,0.43392697
1474,0.43392697
1475,0.43392697
1476,0.43392697
1477,0.43392697
1478,0.43392697
1479,0.43392697
1480,0.43392697
1481,0.43392697
1482,0.43392697
1483,0.43392697
1484,0.43392697
1485,0.43392697
1486,0.43392697
1487,0.43392697
1488,0.43392697
1489,0.43392697
1490,0.43392697
1491,0.43392697
1492,0.43392697
1493,0.43392697
1494,0.43392697
1495,0.43392697
1496,0.43392697
1497,0.43392697
1498,0.43392697
1499,0.43392697
1500,0.43392697
1501,0.43392697
1502,0.43392697
1503,0.43392697
1504,0.43392697
1505,0.43392697
1506,0.43392697
1507,0.43392697
1508,0.43392697
1509,0.43392697
1510,0.43392697
1511,0.43392697
1512,0.43392697
1513,0.43392697
1514,0.43392697
1515,0.43392697
1516,0.43392697
1517,0.43392697
1518,0.43392697
1519,0.43392697
1520,0.43392697
1521,0.43392697
1522,0.43392697
1523,0.43392697
1524,0.43392697
1525,0.43392697
1526,0.43392697
1527,0.43392697
1528,0.43392697
1529,0.43392697
1530,0.43392697
1531,0.43392697
1532,0.43392697
1533,0.43392697
1534,0.43392697
1535,0.43392697
1536,0.43392697
1537,0.43392697
1538,0.43392697
1539,0.43392697
1540,0.43392697
1541,0.43392697
1542,0.43392697
1543,0.43392697
1544,0.43392697
1545,0.43392697
1546,0.43392697
1547,0.43392697
1548,0.43392697
1549,0.43392697
1550,0.43392697
1551,0.43392697
1552,0.43392697
1553,0.43392697
1554,0.43392697
1555,0.43392697
1556,0.43392697
1557,0.43392697
1558,0.43392697
1559,0.43392697
1560,0.43392697
1561,0.43392697
1562,0.43392697
1563,0.43392697
1564,0.43392697
1565,0.43392697
1566,0.43392697
1567,0.43392697
1568,0.43392697
1569,0.43392697
1570,0.43392697
1571,0.43392697
1572,0.43392697
1573,0.43392697
1574,0.43392697
1575,0.43392697
1576,0.43392697
1577,0.43392697
1578,0.43392697
1579,0.43392697
1580,0.43392697
1581,0.43392697
1582,0.43392697
1583,0.43392697
1584,0.43392697
1585,0.43392697
1586,0.43392697
1587,0.43392697
1588,0.43392697
1589,0.43392697
1590,0.43392697
1591,0.43392697
1592,0.43392697
1593,0.43392697
1594,0.43392697
1595,0.43392697
1596,0.43392697
1597,0.43392697
1598,0.43392697
1599,0.43392697
1600,0.43392697
1601,0.43392697
1602,0.43392697
1603,0.43392697
1604,0.43392697
1605,0.43392697
1606,0.43392697
1607,0.43392697
1608,0.43392697
1609,0.43392697
1610,0.43392697
1611,0.43392697
1612,0.43392697
1613,0.43392697
1614,0.43392697
1615,0.43392697
1616,0.43392697
1617,0.43392697
1618,0.43392697
1619,0.43392697
1620,0.43392697
1621,0.43392697
1622,0.43392697
1623,0.43392697
1624,0.43392697
1625,0.43392697
1626,0.43392697
1627,0.43392697
1628,0.43392697
1629,0.43392697
1630,0.43392697
1631,0.43392697
1632,0.43392697
1633,0.43392697
1634,0.43392697
1635,0.43392697
1636,0.43392697
1637,0.43392697
1638,0.43392697
1639,0.43392697
1640,0.43392697
1641,0.43392697
1642,0.43392697
1643,0.43392697
1644,0.43392697
1645,0.43392697
1646,0.43392697
1647,0.43392697
1648,0.43392697
1649,0.43392697
1650,0.43392697
1651,0.43392697
1652,0.43392697
1653,0.43392697
1654,0.43392697
1655,0.43392697
1656,0.43392697
1657,0.43392697
1658,0.43392697
1659,0.43392697
1660,0.43392697
1661,0.43392697
1662,0.43392697
1663,0.43392697
1664,0.43392697
1665,0.43392697
1666,0.43392697
1667,0.43392697
1668,0.43392697
1669,0.43392697
1670,0.43392697
1671,0.43392697
1672,0.43392697
1673,0.43392697
1674,0.43392697
1675,0.43392697
1676,0.43392697
1677,0.43392697
1678,0.43392697
1679,0.43392697
1680,0.43392697
1681,0.43392697
1682,0.43392697
1683,0.43392697
1684,0.43392697
1685,0.43392697
1686,0.43392697
1687,0.43392697
1688,0.43392697
1689,0.43392697
1690,0.43392697
1691,0.43392697
1692,0.43392697
1693,0.43392697
1694,0.43392697
1695,0.43392697
1696,0.43392697
1697,0.43392697
1698,0.43392697
1699,0.43392697
1700,0.43392697
1701,0.43392697
1702,0.43392697
1703,0.43392697
1704,0.43392697
1705,0.43392697
1706,0.43392697
1707,0.43392697
1708,0.43392697
1709,0.43392697
1710,0.43392697
1711,0.43392697
1712,0.43392697
1713,0.43392697
1714,0.43392697
1715,0.43392697
1716,0.43392697
1717,0.43392697
1718,0.43392697
1719,0.43392697
1720,0.43392697
1721,0.43392697
1722,0.43392697
1723,0.43392697
1724,0.43392697
1725,0.43392697
1726,0.43392697
1727,0.43392697
1728,0.43392697
1729,0.43392697
1730,0.43392697
1731,0.43392697
1732,0.43392697
1733,0.43392697
1734,0.43392697
1735,0.43392697
1736,0.43392697
1737,0.43392697
1738,0.43392697
1739,0.43392697
1740,0.43392697
1741,0.43392697
1742,0.43392697
1743,0.43392697
1744,0.43392697
1745,0.43392697
1746,0.43392697
1747,0.43392697
1748,0.43392697
1749,0.43392697
1750,0.43392697
1751,0.43392697
1752,0.43392697
1753,0.43392697
1754,0.43392697
1755,0.43392697
1756,0.43392697
1757,0.43392697
1758,0.43392697
1759,0.43392697
1760,0.43392697
1761,0.43392697
1762,0.43392697
1763,0.43392697
1764,0.43392697
1765,0.43392697
1766,0.43392697
1767,0.43392697
1768,0.43392697
1769,0.43392697
1770,0.43392697
1771,0.43392697
1772,0.43392697
1773,0.43392697
1774,0.43392697
1775,0.43392697
1776,0.43392697
1777,0.43392697
1778,0.43392697
1779,0.43392697
1780,0.43392697
1781,0.43392697
1782,0.43392697
1783,0.43392697
1784,0.43392697
1785,0.43392697
1786,0.43392697
1787,0.43392697
1788,0.43392697
1789,0.43392697
1790,0.43392697
1791,0.43392697
1792,0.43392697
1793,0.43392697
1794,0.43392697
1795,0.43392697
1796,0.43392697
1797,0.43392697
1798,0.43392697
1799,0.43392697
1800,0.43392697
1801,0.43392697
1802,0.43392697
1803,0.43392697
1804,0.43392697
1805,0.43392697
1806,0.43392697
1807,0.43392697
1808,0.43392697
1809,0.43392697
1810,0.43392697
1811,0.43392697
1812,0.43392697
1813,0.43392697
1814,0.43392697
1815,0.43392697
1816,0.43392697
1817,0.43392697
1818,0.43392697
1819,0.43392697
1820,0.43392697
1821,0.43392697
1822,0.43392697
1823,0.43392697
1824,0.43392697
1825,0.43392697
1826,0.43392697
1827,0.43392697
1828,0.43392697
1829,0.43392697
1830,0.43392697
1831,0.43392697
1832,0.43392697
1833,0.43392697
1834,0.43392697
1835,0.43392697
1836,0.43392697
1837,0.43392697
1838,0.43392697
1839,0.43392697
1840,0.43392697
1841,0.43392697
1842,0.43392697
1843,0.43392697
1844,0.43392697
1845,0.43392697
1846,0.43392697
1847,0.43392697
1848,0.43392697
1849,0.43392697
1850,0.43392697
1851,0.43392697
1852,0.43392697
1853,0.43392697
1854,0.43392697
1855,0.43392697
1856,0.43392697
1857,0.43392697
1858,0.43392697
1859,0.43392697
1860,0.43392697
1861,0.43392697
1862,0.43392697
1863,0.43392697
1864,0.43392697
1865,0.43392697
1866,0.43392697
1867,0.43392697
1868,0.43392697
1869,0.43392697
1870,0.43392697
1871,0.43392697
1872,0.43392697
1873,0.43392697
1874,0.43392697
1875,0.43392697
1876,0.43392697
1877,0.43392697
1878,0.43392697
1879,0.43392697
1880,0.43392697
1881,0.43392697
1882,0.43392697
1883,0.43392697
1884,0.43392697
1885,0.43392697
1886,0.43392697
1887,0.43392697
1888,0.43392697
1889,0.43392697
1890,0.43392697
1891,0.43392697
1892,0.43392697
1893,0.43392697
1894,0.43392697
1895,0.43392697
1896,0.43392697
1897,0.43392697
1898,0.43392697
1899,0.43392697
1900,0.43392697
1901,0.43392697
1902,0.43392697
1903,0.43392697
1904,0.43392697
1905,0.43392697
1906,0.43392697
1907,0.43392697
1908,0.43392697
1909,0.43392697
1910,0.43392697
1911,0.43392697
1912,0.43392697
1913,0.43392697
1914,0.43392697
1915,0.43392697
1916,0.43392697
1917,0.43392697
1918,0.43392697
1919,0.43392697
1920,0.43392697
1921,0.43392697
1922,0.43392697
1923,0.43392697
1924,0.43392697
1925,0.43392697
1926,0.43392697
1927,0.43392697
1928,0.43392697
1929,0.43392697
1930,0.43392697
1931,0.43392697
1932,0.43392697
1933,0.43392697
1934,0.43392697
1935,0.43392697
1936,0.43392697
1937,0.43392697
1938,0.43392697
1939,0.43392697
1940,0.43392697
1941,0.43392697
1942,0.43392697
1943,0.43392697
1944,0.43392697
1945,0.43392697
1946,0.43392697
1947,0.43392697
1948,0.43392697
1949,0.43392697
1950,0.43392697
1951,0.43392697
1952,0.43392697
1953,0.43392697
1954,0.43392697
1955,0.43392697
1956,0.43392697
1957,0.43392697
1958,0.43392697
1959,0.43392697
1960,0.43392697
1961,0.43392697
1962,0.43392697
1963,0.43392697
1964,0.43392697
1965,0.43392697
1966,0.43392697
1967,0.43392697
1968,0.43392697
1969,0.43392697
1970,0.43392697
1971,0.43392697
1972,0.43392697
1973,0.43392697
1974,0.43392697
1975,0.43392697
1976,0.43392697
1977,0.43392697
1978,0.43392697
1979,0.43392697
1980,0.43392697
1981,0.43392697
1982,0.43392697
1983,0.43392697
1984,0.43392697
1985,0.43392697
1986,0.43392697
1987,0.43392697
1988,0.43392697
1989,0.43392697
1990,0.43392697
1991,0.43392697
1992,0.43392697
1993,0.43392697
1994,0.43392697
1995,0.43392697
1996,0.43392697
1997,0.43392697
1998,0.43392697
1999,0.43392697
2000,0.43392697
2001,0.43392697
2002,0.43392697
2003,0.43392697
2004,0.43392697
2005,0.43392697
2006,0.43392697
2007,0.43392697
2008,0.43392697
2009,0.43392697
2010,0.43392697
2011,0.43392697
2012,0.43392697
2013,0.43392697
2014,0.43392697
2015,0.43392697
2016,0.43392697
2017,0.43392697
2018,0.43392697
2019,0.43392697
2020,0.43392697
2021,0.43392697
2022,0.43392697
2023,0.43392697
2024,0.43392697
2025,0.43392697
2026,0.43392697
2027,0.43392697
2028,0.43392697
2029,0.43392697
2030,0.43392697
2031,0.43392697
2032,0.43392697
2033,0.43392697
2034,0.43392697
2035,0.43392697
2036,0.43392697
2037,0.43392697
2038,0.43392697
2039,0.43392697
2040,0.43392697
2041,0.43392697
2042,0.43392697
2043,0.43392697
2044,0.43392697
2045,0.43392697
2046,0.43392697
2047,0.43392697
2048,0.43392697
2049,0.43392697
2050,0.43392697
2051,0.43392697
2052,0.43392697
2053,0.43392697
2054,0.43392697
2055,0.43392697
2056,0.43392697
2057,0.43392697
2058,0.43392697
2059,0.43392697
2060,0.43392697
2061,0.43392697
2062,0.43392697
2063,0.43392697
2064,0.43392697
2065,0.43392697
2066,0.43392697
2067,0.43392697
2068,0.43392697
2069,0.43392697
2070,0.43392697
2071,0.43392697
2072,0.43392697
2073,0.43392697
2074,0.43392697
2075,0.43392697
2076,0.43392697
2077,0.43392697
2078,0.43392697
2079,0.43392697
2080,0.43392697
2081,0.43392697
2082,0.43392697
2083,0.43392697
2084,0.43392697
2085,0.43392697
2086,0.43392697
2087,0.43392697
2088,0.43392697
2089,0.43392697
2090,0.43392697
2091,0.43392697
2092,0.43392697
2093,0.43392697
2094,0.43392697
2095,0.43392697
2096,0.43392697
2097,0.43392697
2098,0.43392697
2099,0.43392697
2100,0.43392697
2101,0.43392697
2102,0.43392697
2103,0.43392697
2104,0.43392697
2105,0.43392697
2106,0.43392697
2107,0.43392697
2108,0.43392697
2109,0.43392697
2110,0.43392697
2111,0.43392697
2112,0.43392697
2113,0.43392697
2114,0.43392697
2115,0.43392697
2116,0.43392697
2117,0.43392697
2118,0.43392697
2119,0.43392697
2120,0.43392697
2121,0.43392697
2122,0.43392697
2123,0.43392697
2124,0.43392697
2125,0.43392697
2126,0.43392697
2127,0.43392697
2128,0.43392697
2129,0.43392697
2130,0.43392697
2131,0.43392697
2132,0.43392697
2133,0.43392697
2134,0.43392697
2135,0.43392697
2136,0.43392697
2137,0.43392697
2138,0.43392697
2139,0.43392697
2140,0.43392697
2141,0.43392697
2142,0.43392697
2143,0.43392697
2144,0.43392697
2145,0.43392697
2146,0.43392697
2147,0.43392697
2148,0.43392697
2149,0.43392697
2150,0.43392697
2151,0.43392697
2152,0.43392697
2153,0.43392697
2154,0.43392697
2155,0.43392697
2156,0.43392697
2157,0.43392697
2158,0.43392697
2159,0.43392697
2160,0.43392697
2161,0.43392697
2162,0.43392697
2163,0.43392697
2164,0.43392697
2165,0.43392697
2166,0.43392697
2167,0.43392697
2168,0.43392697
2169,0.43392697
2170,0.43392697
2171,0.43392697
2172,0.43392697
2173,0.43392697
2174,0.43392697
2175,0.43392697
2176,0.43392697
2177,0.43392697
2178,0.43392697
2179,0.43392697
2180,0.43392697
2181,0.43392697
2182,0.43392697
2183,0.43392697
2184,0.43392697
2185,0.43392697
2186,0.43392697
2187,0.43392697
2188,0.43392697
2189,0.43392697
2190,0.43392697
2191,0.43392697
2192,0.43392697
2193,0.43392697
2194,0.43392697
2195,0.43392697
2196,0.43392697
2197,0.43392697
2198,0.43392697
2199,0.43392697
2200,0.43392697
2201,0.43392697
2202,0.43392697
2203,0.43392697
2204,0.43392697
2205,0.43392697
2206,0.43392697
2207,0.43392697
2208,0.43392697
2209,0.43392697
2210,0.43392697
2211,0.43392697
2212,0.43392697
2213,0.43392697
2214,0.43392697
2215,0.43392697
2216,0.43392697
2217,0.43392697
2218,0.43392697
2219,0.43392697
2220,0.43392697
2221,0.43392697
2222,0.43392697
2223,0.43392697
2224,0.43392697
2225,0.43392697
2226,0.43392697
2227,0.43392697
2228,0.43392697
2229,0.43392697
2230,0.43392697
2231,0.43392697
2232,0.43392697
2233,0.43392697
2234,0.43392697
2235,0.43392697
2236,0.43392697
2237,0.43392697
2238,0.43392697
2239,0.43392697
2240,0.43392697
2241,0.43392697
2242,0.43392697
2243,0.43392697
2244,0.43392697
2245,0.43392697
2246,0.43392697
2247,0.43392697
2248,0.43392697
2249,0.43392697
2250,0.43392697
2251,0.43392697
2252,0.43392697
2253,0.43392697
2254,0.43392697
2255,0.43392697
2256,0.43392697
2257,0.43392697
2258,0.43392697
2259,0.43392697
2260,0.43392697
2261,0.43392697
2262,0.43392697
2263,0.43392697
2264,0.43392697
2265,0.43392697
2266,0.43392697
2267,0.43392697
2268,0.43392697
2269,0.43392697
2270,0.43392697
2271,0.43392697
2272,0.43392697
2273,0.43392697
2274,0.43392697
2275,0.43392697
2276,0.43392697
2277,0.43392697
2278,0.43392697
2279,0.43392697
2280,0.43392697
2281,0.43392697
2282,0.43392697
2283,0.43392697
2284,0.43392697
2285,0.43392697
2286,0.43392697
2287,0.43392697
2288,0.43392697
2289,0.43392697
2290,0.43392697
2291,0.43392697
2292,0.43392697
2293,0.43392697
2294,0.43392697
2295,0.43392697
2296,0.43392697
2297,0.43392697
2298,0.43392697
2299,0.43392697
2300,0.43392697
2301,0.43392697
2302,0.43392697
2303,0.43392697
2304,0.43392697
2305,0.43392697
2306,0.43392697
2307,0.43392697
2308,0.43392697
2309,0.43392697
2310,0.43392697
2311,0.43392697
2312,0.43392697
2313,0.43392697
2314,0.43392697
2315,0.43392697
2316,0.43392697
2317,0.43392697
2318,0.43392697
2319,0.43392697
2320,0.43392697
2321,0.43392697
2322,0.43392697
2323,0.43392697
2324,0.43392697
2325,0.43392697
2326,0.43392697
2327,0.43392697
2328,0.43392697
2329,0.43392697
2330,0.43392697
2331,0.43392697
2332,0.43392697
2333,0.43392697
2334,0.43392697
2335,0.43392697
2336,0.43392697
2337,0.43392697
2338,0.43392697
2339,0.43392697
2340,0.43392697
2341,0.43392697
2342,0.43392697
2343,0.43392697
2344,0.43392697
2345,0.43392697
2346,0.43392697
2347,0.43392697
2348,0.43392697
2349,0.43392697
2350,0.43392697
2351,0.43392697
2352,0.43392697
2353,0.43392697
2354,0.43392697
2355,0.43392697
2356,0.43392697
2357,0.43392697
2358,0.43392697
2359,0.43392697
2360,0.43392697
2361,0.43392697
2362,0.43392697
2363,0.43392697
2364,0.43392697
2365,0.43392697
2366,0.43392697
2367,0.43392697
2368,0.43392697
2369,0.43392697
2370,0.43392697
2371,0.43392697
2372,0.43392697
2373,0.43392697
2374,0.43392697
2375,0.43392697
2376,0.43392697
2377,0.43392697
2378,0.43392697
2379,0.43392697
2380,0.43392697
2381,0.43392697
2382,0.43392697
2383,0.43392697
2384,0.43392697
2385,0.43392697
2386,0.43392697
2387,0.43392697
2388,0.43392697
2389,0.43392697
2390,0.43392697
2391,0.43392697
2392,0.43392697
2393,0.43392697
2394,0.43392697
2395,0.43392697
2396,0.43392697
2397,0.43392697
2398,0.43392697
2399,0.43392697
2400,0.43392697
2401,0.43392697
2402,0.43392697
2403,0.43392697
2404,0.43392697
2405,0.43392697
2406,0.43392697
2407,0.43392697
2408,0.43392697
2409,0.43392697
2410,0.43392697
2411,0.43392697
2412,0.43392697
2413,0.43392697
2414,0.43392697
2415,0.43392697
2416,0.43392697
2417,0.43392697
2418,0.43392697
2419,0.43392697
2420,0.43392697
2421,0.43392697
2422,0.43392697
2423,0.43392697
2424,0.43392697
2425,0.43392697
2426,0.43392697
2427,0.43392697
2428,0.43392697
2429,0.43392697
2430,0.43392697
2431,0.43392697
2432,0.43392697
2433,0.43392697
2434,0.43392697
2435,0.43392697
2436,0.43392697
2437,0.43392697
2438,0.43392697
2439,0.43392697
2440,0.43392697
2441,0.43392697
2442,0.43392697
2443,0.43392697
2444,0.43392697
2445,0.43392697
2446,0.43392697
2447,0.43392697
2448,0.43392697
2449,0.43392697
2450,0.43392697
2451,0.43392697
2452,0.43392697
2453,0.43392697
2454,0.43392697
2455,0.43392697
2456,0.43392697
2457,0.43392697
2458,0.43392697
2459,0.43392697
2460,0.43392697
2461,0.43392697
2462,0.43392697
2463,0.43392697
2464,0.43392697
2465,0.43392697
2466,0.43392697
2467,0.43392697
2468,0.43392697
2469,0.43392697
2470,0.43392697
2471,0.43392697
2472,0.43392697
2473,0.43392697
2474,0.43392697
2475,0.43392697
2476,0.43392697
2477,0.43392697
2478,0.43392697
2479,0.43392697
2480,0.43392697
2481,0.43392697
2482,0.43392697
2483,0.43392697
2484,0.43392697
2485,0.43392697
2486,0.43392697
2487,0.43392697
2488,0.43392697
2489,0.43392697
2490,0.43392697
2491,0.43392697
2492,0.43392697
2493,0.43392697
2494,0.43392697
2495,0.43392697
2496,0.43392697
2497,0.43392697
2498,0.43392697
2499,0.43392697
2500,0.43392697
2501,0.43392697
2502,0.43392697
2503,0.43392697
2504,0.43392697
2505,0.43392697
2506,0.43392697
2507,0.43392697
2508,0.43392697
2509,0.43392697
2510,0.43392697
2511,0.43392697
2512,0.43392697
2513,0.43392697
2514,0.43392697
2515,0.43392697
2516,0.43392697
2517,0.43392697
2518,0.43392697
2519,0.43392697
2520,0.43392697
2521,0.43392697
2522,0.43392697
2523,0.43392697
2524,0.43392697
2525,0.43392697
2526,0.43392697
2527,0.43392697
2528,0.43392697
2529,0.43392697
2530,0.43392697
2531,0.43392697
2532,0.43392697
2533,0.43392697
2534,0.43392697
2535,0.43392697
2536,0.43392697
2537,0.43392697
2538,0.43392697
2539,0.43392697
2540,0.43392697
2541,0.43392697
2542,0.43392697
2543,0.43392697
2544,0.43392697
2545,0.43392697
2546,0.43392697
2547,0.43392697
2548,0.43392697
2549,0.43392697
2550,0.43392697
2551,0.43392697
2552,0.43392697
2553,0.43392697
2554,0.43392697
2555,0.43392697
2556,0.43392697
2557,0.43392697
2558,0.43392697
2559,0.43392697
2560,0.43392697
2561,0.43392697
2562,0.43392697
2563,0.43392697
2564,0.43392697
2565,0.43392697
2566,0.43392697
2567,0.43392697
2568,0.43392697
2569,0.43392697
2570,0.43392697
2571,0.43392697
2572,0.43392697
2573,0.43392697
2574,0.43392697
2575,0.43392697
2576,0.43392697
2577,0.43392697
2578,0.43392697
2579,0.43392697
2580,0.43392697
2581,0.43392697
2582,0.43392697
2583,0.43392697
2584,0.43392697
2585,0.43392697
2586,0.43392697
2587,0.43392697
2588,0.43392697
2589,0.43392697
2590,0.43392697
2591,0.43392697
2592,0.43392697
2593,0.43392697
2594,0.43392697
2595,0.43392697
2596,0.43392697
2597,0.43392697
2598,0.43392697
2599,0.43392697
2600,0.43392697
2601,0.43392697
2602,0.43392697
2603,0.43392697
2604,0.43392697
2605,0.43392697
2606,0.43392697
2607,0.43392697
2608,0.43392697
2609,0.43392697
2610,0.43392697
2611,0.43392697
2612,0.43392697
2613,0.43392697
2614,0.43392697
2615,0.43392697
2616,0.43392697
2617,0.43392697
2618,0.43392697
2619,0.43392697
2620,0.43392697
2621,0.43392697
2622,0.43392697
2623,0.43392697
2624,0.43392697
2625,0.43392697
2626,0.43392697
2627,0.43392697
2628,0.43392697
2629,0.43392697
2630,0.43392697
2631,0.43392697
2632,0.43392697
2633,0.43392697
2634,0.43392697
2635,0.43392697
2636,0.43392697
2637,0.43392697
2638,0.43392697
2639,0.43392697
2640,0.43392697
2641,0.43392697
2642,0.43392697
2643,0.43392697
2644,0.43392697
2645,0.43392697
2646,0.43392697
2647,0.43392697
2648,0.43392697
2649,0.43392697
2650,0.43392697
2651,0.43392697
2652,0.43392697
2653,0.43392697
2654,0.43392697
2655,0.43392697
2656,0.43392697
2657,0.43392697
2658,0.43392697
2659,0.43392697
2660,0.43392697
2661,0.43392697
2662,0.43392697
2663,0.43392697
2664,0.43392697
2665,0.43392697
2666,0.43392697
2667,0.43392697
2668,0.43392697
2669,0.43392697
2670,0.43392697
2671,0.43392697
2672,0.43392697
2673,0.43392697
2674,0.43392697
2675,0.43392697
2676,0.43392697
2677,0.43392697
2678,0.43392697
2679,0.43392697
2680,0.43392697
2681,0.43392697
2682,0.43392697
2683,0.43392697
2684,0.43392697
2685,0.43392697
2686,0.43392697
2687,0.43392697
2688,0.43392697
2689,0.43392697
2690,0.43392697
2691,0.43392697
2692,0.43392697
2693,0.43392697
2694,0.43392697
2695,0.43392697
2696,0.43392697
2697,0.43392697
2698,0.43392697
2699,0.43392697
2700,0.43392697
2701,0.43392697
2702,0.43392697
2703,0.43392697
2704,0.43392697
2705,0.43392697
2706,0.43392697
2707,0.43392697
2708,0.43392697
2709,0.43392697
2710,0.43392697
2711,0.43392697
2712,0.43392697
2713,0.43392697
2714,0.43392697
2715,0.43392697
2716,0.43392697
2717,0.43392697
2718,0.43392697
2719,0.43392697
2720,0.43392697
2721,0.43392697
2722,0.43392697
2723,0.43392697
2724,0.43392697
2725,0.43392697
2726,0.43392697
2727,0.43392697
2728,0.43392697
2729,0.43392697
2730,0.43392697
2731,0.43392697
2732,0.43392697
2733,0.43392697
2734,0.43392697
2735,0.43392697
2736,0.43392697
2737,0.43392697
2738,0.43392697
2739,0.43392697
2740,0.43392697
2741,0.43392697
2742,0.43392697
2743,0.43392697
2744,0.43392697
2745,0.43392697
2746,0.43392697
2747,0.43392697
2748,0.43392697
2749,0.43392697
2750,0.43392697
2751,0.43392697
2752,0.43392697
2753,0.43392697
2754,0.43392697
2755,0.43392697
2756,0.43392697
2757,0.43392697
2758,0.43392697
2759,0.43392697
2760,0.43392697
2761,0.43392697
2762,0.43392697
2763,0.43392697
2764,0.43392697
2765,0.43392697
2766,0.43392697
2767,0.43392697
2768,0.43392697
2769,0.43392697
2770,0.43392697
2771,0.43392697
2772,0.43392697
2773,0.43392697
2774,0.43392697
2775,0.43392697
2776,0.43392697
2777,0.43392697
2778,0.43392697
2779,0.43392697
2780,0.43392697
2781,0.43392697
2782,0.43392697
2783,0.43392697
2784,0.43392697
2785,0.43392697
2786,0.43392697
2787,0.43392697
2788,0.43392697
2789,0.43392697
2790,0.43392697
2791,0.43392697
2792,0.43392697
2793,0.43392697
2794,0.43392697
2795,0.43392697
2796,0.43392697
2797,0.43392697
2798,0.43392697
2799,0.43392697
2800,0.43392697
2801,0.43392697
2802,0.43392697
2803,0.43392697
2804,0.43392697
2805,0.43392697
2806,0.43392697
2807,0.43392697
2808,0.43392697
2809,0.43392697
2810,0.43392697
2811,0.43392697
2812,0.43392697
2813,0.43392697
2814,0.43392697
2815,0.43392697
2816,0.43392697
2817,0.43392697
2818,0.43392697
2819,0.43392697
2820,0.43392697
2821,0.43392697
2822,0.43392697
2823,0.43392697
2824,0.43392697
2825,0.43392697
2826,0.43392697
2827,0.43392697
2828,0.43392697
2829,0.43392697
2830,0.43392697
2831,0.43392697
2832,0.43392697
2833,0.43392697
2834,0.43392697
2835,0.43392697
2836,0.43392697
2837,0.43392697
2838,0.43392697
2839,0.43392697
2840,0.43392697
2841,0.43392697
2842,0.43392697
2843,0.43392697
2844,0.43392697
2845,0.43392697
2846,0.43392697
2847,0.43392697
2848,0.43392697
2849,0.43392697
2850,0.43392697
2851,0.43392697
2852,0.43392697
2853,0.43392697
2854,0.43392697
2855,0.43392697
2856,0.43392697
2857,0.43392697
2858,0.43392697
2859,0.43392697
2860,0.43392697
2861,0.43392697
2862,0.43392697
2863,0.43392697
2864,0.43392697
2865,0.43392697
2866,0.43392697
2867,0.43392697
2868,0.43392697
2869,0.43392697
2870,0.43392697
2871,0.43392697
2872,0.43392697
2873,0.43392697
2874,0.43392697
2875,0.43392697
2876,0.43392697
2877,0.43392697
2878,0.43392697
2879,0.43392697
2880,0.43392697
2881,0.43392697
2882,0.43392697
2883,0.43392697
2884,0.43392697
2885,0.43392697
2886,0.43392697
2887,0.43392697
2888,0.43392697
2889,0.43392697
2890,0.43392697
2891,0.43392697
2892,0.43392697
2893,0.43392697
2894,0.43392697
2895,0.43392697
2896,0.43392697
2897,0.43392697
2898,0.43392697
2899,0.43392697
2900,0.43392697
2901,0.43392697
2902,0.43392697
2903,0.43392697
2904,0.43392697
2905,0.43392697
2906,0.43392697
2907,0.43392697
2908,0.43392697
2909,0.43392697
2910,0.43392697
2911,0.43392697
2912,0.43392697
2913,0.43392697
2914,0.43392697
2915,0.43392697
2916,0.43392697
2917,0.43392697
2918,0.43392697
2919,0.43392697
2920,0.43392697
2921,0.43392697
2922,0.43392697
2923,0.43392697
2924,0.43392697
2925,0.43392697
2926,0.43392697
2927,0.43392697
2928,0.43392697
2929,0.43392697
2930,0.43392697
2931,0.43392697
2932,0.43392697
2933,0.43392697
2934,0.43392697
2935,0.43392697
2936,0.43392697
2937,0.43392697
2938,0.43392697
2939,0.43392697
2940,0.43392697
2941,0.43392697
2942,0.43392697
2943,0.43392697
2944,0.43392697
2945,0.43392697
2946,0.43392697
2947,0.43392697
2948,0.43392697
2949,0.43392697
2950,0.43392697
2951,0.43392697
2952,0.43392697
2953,0.43392697
2954,0.43392697
2955,0.43392697
2956,0.43392697
2957,0.43392697
2958,0.43392697
2959,0.43392697
2960,0.43392697
2961,0.43392697
2962,0.43392697
2963,0.43392697
2964,0.43392697
2965,0.43392697
2966,0.43392697
2967,0.43392697
2968,0.43392697
2969,0.43392697
2970,0.43392697
2971,0.43392697
2972,0.43392697
2973,0.43392697
2974,0.43392697
2975,0.43392697
2976,0.43392697
2977,0.43392697
2978,0.43392697
2979,0.43392697
2980,0.43392697
2981,0.43392697
2982,0.43392697
2983,0.43392697
2984,0.43392697
2985,0.43392697
2986,0.43392697
2987,0.43392697
2988,0.43392697
2989,0.43392697
2990,0.43392697
2991,0.43392697
2992,0.43392697
2993,0.43392697
2994,0.43392697
2995,0.43392697
2996,0.43392697
2997,0.43392697
2998,0.43392697
2999,0.43392697
3000,0.43392697
3001,0.43392697
3002,0.43392697
3003,0.43392697
3004,0.43392697
3005,0.43392697
3006,0.43392697
3007,0.43392697
3008,0.43392697
3009,0.43392697
3010,0.43392697
3011,0.43392697
3012,0.43392697
3013,0.43392697
3014,0.43392697
3015,0.43392697
3016,0.43392697
3017,0.43392697
3018,0.43392697
3019,0.43392697
3020,0.43392697
3021,0.43392697
3022,0.43392697
3023,0.43392697
3024,0.43392697
3025,0.43392697
3026,0.43392697
3027,0.43392697
3028,0.43392697
3029,0.43392697
3030,0.43392697
3031,0.43392697
3032,0.43392697
3033,0.43392697
3034,0.43392697
3035,0.43392697
3036,0.43392697
3037,0.43392697
3038,0.43392697
3039,0.43392697
3040,0.43392697
3041,0.43392697
3042,0.43392697
3043,0.43392697
3044,0.43392697
3045,0.43392697
3046,0.43392697
3047,0.43392697
3048,0.43392697
3049,0.43392697
3050,0.43392697
3051,0.43392697
3052,0.43392697
3053,0.43392697
3054,0.43392697
3055,0.43392697
3056,0.43392697
3057,0.43392697
3058,0.43392697
3059,0.43392697
3060,0.43392697
3061,0.43392697
3062,0.43392697
3063,0.43392697
3064,0.43392697
3065,0.43392697
3066,0.43392697
3067,0.43392697
3068,0.43392697
3069,0.43392697
3070,0.43392697
3071,0.43392697
3072,0.43392697
3073,0.43392697
3074,0.43392697
3075,0.43392697
3076,0.43392697
3077,0.43392697
3078,0.43392697
3079,0.43392697
3080,0.43392697
3081,0.43392697
3082,0.43392697
3083,0.43392697
3084,0.43392697
3085,0.43392697
3086,0.43392697
3087,0.43392697
3088,0.43392697
3089,0.43392697
3090,0.43392697
3091,0.43392697
3092,0.43392697
3093,0.43392697
3094,0.43392697
3095,0.43392697
3096,0.43392697
3097,0.43392697
3098,0.43392697
3099,0.43392697
3100,0.43392697
3101,0.43392697
3102,0.43392697
3103,0.43392697
3104,0.43392697
3105,0.43392697
3106,0.43392697
3107,0.43392697
3108,0.43392697
3109,0.43392697
3110,0.43392697
3111,0.43392697
3112,0.43392697
3113,0.43392697
3114,0.43392697
3115,0.43392697
3116,0.43392697
3117,0.43392697
3118,0.43392697
3119,0.43392697
3120,0.43392697
3121,0.43392697
3122,0.43392697
3123,0.43392697
3124,0.43392697
3125,0.43392697
3126,0.43392697
3127,0.43392697
3128,0.43392697
3129,0.43392697
3130,0.43392697
3131,0.43392697
3132,0.43392697
3133,0.43392697
3134,0.43392697
3135,0.43392697
3136,0.43392697
3137,0.43392697
3138,0.43392697
3139,0.43392697
3140,0.43392697
3141,0.43392697
3142,0.43392697
3143,0.43392697
3144,0.43392697
3145,0.43392697
3146,0.43392697
3147,0.43392697
3148,0.43392697
3149,0.43392697
3150,0.43392697
3151,0.43392697
3152,0.43392697
3153,0.43392697
3154,0.43392697
3155,0.43392697
3156,0.43392697
3157,0.43392697
3158,0.43392697
3159,0.43392697
3160,0.43392697
3161,0.43392697
3162,0.43392697
3163,0.43392697
3164,0.43392697
3165,0.43392697
3166,0.43392697
3167,0.43392697
3168,0.43392697
3169,0.43392697
3170,0.43392697
3171,0.43392697
3172,0.43392697
3173,0.43392697
3174,0.43392697
3175,0.43392697
3176,0.43392697
3177,0.43392697
3178,0.43392697
3179,0.43392697
3180,0.43392697
3181,0.43392697
3182,0.43392697
3183,0.43392697
3184,0.43392697
3185,0.43392697
3186,0.43392697
3187,0.43392697
3188,0.43392697
3189,0.43392697
3190,0.43392697
3191,0.43392697
3192,0.43392697
3193,0.43392697
3194,0.43392697
3195,0.43392697
3196,0.43392697
3197,0.43392697
3198,0.43392697
3199,0.43392697
3200,0.43392697
3201,0.43392697
3202,0.43392697
3203,0.43392697
3204,0.43392697
3205,0.43392697
3206,0.43392697
3207,0.43392697
3208,0.43392697
3209,0.43392697
3210,0.43392697
3211,0.43392697
3212,0.43392697
3213,0.43392697
3214,0.43392697
3215,0.43392697
3216,0.43392697
3217,0.43392697
3218,0.43392697
3219,0.43392697
3220,0.43392697
3221,0.43392697
3222,0.43392697
3223,0.43392697
3224,0.43392697
3225,0.43392697
3226,0.43392697
3227,0.43392697
3228,0.43392697
3229,0.43392697
3230,0.43392697
3231,0.43392697
3232,0.43392697
3233,0.43392697
3234,0.43392697
3235,0.43392697
3236,0.43392697
3237,0.43392697
3238,0.43392697
3239,0.43392697
3240,0.43392697
3241,0.43392697
3242,0.43392697
3243,0.43392697
3244,0.43392697
3245,0.43392697
3246,0.43392697
3247,0.43392697
3248,0.43392697
3249,0.43392697
3250,0.43392697
3251,0.43392697
3252,0.43392697
3253,0.43392697
3254,0.43392697
3255,0.43392697
3256,0.43392697
3257,0.43392697
3258,0.43392697
3259,0.43392697
3260,0.43392697
3261,0.43392697
3262,0.43392697
3263,0.43392697
3264,0.43392697
3265,0.43392697
3266,0.43392697
3267,0.43392697
3268,0.43392697
3269,0.43392697
3270,0.43392697
3271,0.43392697
3272,0.43392697
3273,0.43392697
3274,0.43392697
3275,0.43392697
3276,0.43392697
3277,0.43392697
3278,0.43392697
3279,0.43392697
3280,0.43392697
3281,0.43392697
3282,0.43392697
3283,0.43392697
3284,0.43392697
3285,0.43392697
3286,0.43392697
3287,0.43392697
3288,0.43392697
3289,0.43392697
3290,0.43392697
3291,0.43392697
3292,0.43392697
3293,0.43392697
3294,0.43392697
3295,0.43392697
3296,0.43392697
3297,0.43392697
3298,0.43392697
3299,0.43392697
3300,0.43392697
3301,0.43392697
3302,0.43392697
3303,0.43392697
3304,0.43392697
3305,0.43392697
3306,0.43392697
3307,0.43392697
3308,0.43392697
3309,0.43392697
3310,0.43392697
3311,0.43392697
3312,0.43392697
3313,0.43392697
3314,0.43392697
3315,0.43392697
3316,0.43392697
3317,0.43392697
3318,0.43392697
3319,0.43392697
3320,0.43392697
3321,0.43392697
3322,0.43392697
3323,0.43392697
3324,0.43392697
3325,0.43392697
3326,0.43392697
3327,0.43392697
3328,0.43392697
3329,0.43392697
3330,0.43392697
3331,0.43392697
3332,0.43392697
3333,0.43392697
3334,0.43392697
3335,0.43392697
3336,0.43392697
3337,0.43392697
3338,0.43392697
3339,0.43392697
3340,0.43392697
3341,0.43392697
3342,0.43392697
3343,0.43392697
3344,0.43392697
3345,0.43392697
3346,0.43392697
3347,0.43392697
3348,0.43392697
3349,0.43392697
3350,0.43392697
3351,0.43392697
3352,0.43392697
3353,0.43392697
3354,0.43392697
3355,0.43392697
3356,0.43392697
3357,0.43392697
3358,0.43392697
3359,0.43392697
3360,0.43392697
3361,0.43392697
3362,0.43392697
3363,0.43392697
3364,0.43392697
3365,0.43392697
3366,0.43392697
3367,0.43392697
3368,0.43392697
3369,0.43392697
3370,0.43392697
3371,0.43392697
3372,0.43392697
3373,0.43392697
3374,0.43392697
3375,0.43392697
3376,0.43392697
3377,0.43392697
3378,0.43392697
3379,0.43392697
3380,0.43392697
3381,0.43392697
3382,0.43392697
3383,0.43392697
3384,0.43392697
3385,0.43392697
3386,0.43392697
3387,0.43392697
3388,0.43392697
3389,0.43392697
3390,0.43392697
3391,0.43392697
3392,0.43392697
3393,0.43392697
3394,0.43392697
3395,0.43392697
3396,0.43392697
3397,0.43392697
3398,0.43392697
3399,0.43392697
3400,0.43392697
3401,0.43392697
3402,0.43392697
3403,0.43392697
3404,0.43392697
3405,0.43392697
3406,0.43392697
3407,0.43392697
3408,0.43392697
3409,0.43392697
3410,0.43392697
3411,0.43392697
3412,0.43392697
3413,0.43392697
3414,0.43392697
3415,0.43392697
3416,0.43392697
3417,0.43392697
3418,0.43392697
3419,0.43392697
3420,0.43392697
3421,0.43392697
3422,0.43392697
3423,0.43392697
3424,0.43392697
3425,0.43392697
3426,0.43392697
3427,0.43392697
3428,0.43392697
3429,0.43392697
3430,0.43392697
3431,0.43392697
3432,0.43392697
3433,0.43392697
3434,0.43392697
3435,0.43392697
3436,0.43392697
3437,0.43392697
3438,0.43392697
3439,0.43392697
3440,0.43392697
3441,0.43392697
3442,0.43392697
3443,0.43392697
3444,0.43392697
3445,0.43392697
3446,0.43392697
3447,0.43392697
3448,0.43392697
3449,0.43392697
3450,0.43392697
3451,0.43392697
3452,0.43392697
3453,0.43392697
3454,0.43392697
3455,0.43392697
3456,0.43392697
3457,0.43392697
3458,0.43392697
3459,0.43392697
3460,0.43392697
3461,0.43392697
3462,0.43392697
3463,0.43392697
3464,0.43392697
3465,0.43392697
3466,0.43392697
3467,0.43392697
3468,0.43392697
3469,0.43392697
3470,0.43392697
3471,0.43392697
3472,0.43392697
3473,0.43392697
3474,0.43392697
3475,0.43392697
3476,0.43392697
3477,0.43392697
3478,0.43392697
3479,0.43392697
3480,0.43392697
3481,0.43392697
3482,0.43392697
3483,0.43392697
3484,0.43392697
3485,0.43392697
3486,0.43392697
3487,0.43392697
3488,0.43392697
3489,0.43392697
3490,0.43392697
3491,0.43392697
3492,0.43392697
3493,0.43392697
3494,0.43392697
3495,0.43392697
3496,0.43392697
3497,0.43392697
3498,0.43392697
3499,0.43392697
3500,0.43392697
3501,0.43392697
3502,0.43392697
3503,0.43392697
3504,0.43392697
3505,0.43392697
3506,0.43392697
3507,0.43392697
3508,0.43392697
3509,0.43392697
3510,0.43392697
3511,0.43392697
3512,0.43392697
3513,0.43392697
3514,0.43392697
3515,0.43392697
3516,0.43392697
3517,0.43392697
3518,0.43392697
3519,0.43392697
3520,0.43392697
3521,0.43392697
3522,0.43392697
3523,0.43392697
3524,0.43392697
3525,0.43392697
3526,0.43392697
3527,0.43392697
3528,0.43392697
3529,0.43392697
3530,0.43392697
3531,0.43392697
3532,0.43392697
3533,0.43392697
3534,0.43392697
3535,0.43392697
3536,0.43392697
3537,0.43392697
3538,0.43392697
3539,0.43392697
3540,0.43392697
3541,0.43392697
3542,0.43392697
3543,0.43392697
3544,0.43392697
3545,0.43392697
3546,0.43392697
3547,0.43392697
3548,0.43392697
3549,0.43392697
3550,0.43392697
3551,0.43392697
3552,0.43392697
3553,0.43392697
3554,0.43392697
3555,0.43392697
3556,0.43392697
3557,0.43392697
3558,0.43392697
3559,0.43392697
3560,0.43392697
3561,0.43392697
3562,0.43392697
3563,0.43392697
3564,0.43392697
3565,0.43392697
3566,0.43392697
3567,0.43392697
3568,0.43392697
3569,0.43392697
3570,0.43392697
3571,0.43392697
3572,0.43392697
3573,0.43392697
3574,0.43392697
3575,0.43392697
3576,0.43392697
3577,0.43392697
3578,0.43392697
3579,0.43392697
3580,0.43392697
3581,0.43392697
3582,0.43392697
3583,0.43392697
3584,0.43392697
3585,0.43392697
3586,0.43392697
3587,0.43392697
3588,0.43392697
3589,0.43392697
3590,0.43392697
3591,0.43392697
3592,0.43392697
3593,0.43392697
3594,0.43392697
3595,0.43392697
3596,0.43392697
3597,0.43392697
3598,0.43392697
3599,0.43392697
3600,0.43392697
3601,0.43392697
3602,0.43392697
3603,0.43392697
3604,0.43392697
3605,0.43392697
3606,0.43392697
3607,0.43392697
3608,0.43392697
3609,0.43392697
3610,0.43392697
3611,0.43392697
3612,0.43392697
3613,0.43392697
3614,0.43392697
3615,0.43392697
3616,0.43392697
3617,0.43392697
3618,0.43392697
3619,0.43392697
3620,0.43392697
3621,0.43392697
3622,0.43392697
3623,0.43392697
3624,0.43392697
3625,0.43392697
3626,0.43392697
3627,0.43392697
3628,0.43392697
3629,0.43392697
3630,0.43392697
3631,0.43392697
3632,0.43392697
3633,0.43392697
3634,0.43392697
3635,0.43392697
3636,0.43392697
3637,0.43392697
3638,0.43392697
3639,0.43392697
3640,0.43392697
3641,0.43392697
3642,0.43392697
3643,0.43392697
3644,0.43392697
3645,0.43392697
3646,0.43392697
3647,0.43392697
3648,0.43392697
3649,0.43392697
3650,0.43392697
3651,0.43392697
3652,0.43392697
3653,0.43392697
3654,0.43392697
3655,0.43392697
3656,0.43392697
3657,0.43392697
3658,0.43392697
3659,0.43392697
3660,0.43392697
3661,0.43392697
3662,0.43392697
3663,0.43392697
3664,0.43392697
3665,0.43392697
3666,0.43392697
3667,0.43392697
3668,0.43392697
3669,0.43392697
3670,0.43392697
3671,0.43392697
3672,0.43392697
3673,0.43392697
3674,0.43392697
3675,0.43392697
3676,0.43392697
3677,0.43392697
3678,0.43392697
3679,0.43392697
3680,0.43392697
3681,0.43392697
3682,0.43392697
3683,0.43392697
3684,0.43392697
3685,0.43392697
3686,0.43392697
3687,0.43392697
3688,0.43392697
3689,0.43392697
3690,0.43392697
3691,0.43392697
3692,0.43392697
3693,0.43392697
3694,0.43392697
3695,0.43392697
3696,0.43392697
3697,0.43392697
3698,0.43392697
3699,0.43392697
3700,0.43392697
3701,0.43392697
3702,0.43392697
3703,0.43392697
3704,0.43392697
3705,0.43392697
3706,0.43392697
3707,0.43392697
3708,0.43392697
3709,0.43392697
3710,0.43392697
3711,0.43392697
3712,0.43392697
3713,0.43392697
3714,0.43392697
3715,0.43392697
3716,0.43392697
3717,0.43392697
3718,0.43392697
3719,0.43392697
3720,0.43392697
3721,0.43392697
3722,0.43392697
3723,0.43392697
3724,0.43392697
3725,0.43392697
3726,0.43392697
3727,0.43392697
3728,0.43392697
3729,0.43392697
3730,0.43392697
3731,0.43392697
3732,0.43392697
3733,0.43392697
3734,0.43392697
3735,0.43392697
3736,0.43392697
3737,0.43392697
3738,0.43392697
3739,0.43392697
3740,0.43392697
3741,0.43392697
3742,0.43392697
3743,0.43392697
3744,0.43392697
3745,0.43392697
3746,0.43392697
3747,0.43392697
3748,0.43392697
3749,0.43392697
3750,0.43392697
3751,0.43392697
3752,0.43392697
3753,0.43392697
3754,0.43392697
3755,0.43392697
3756,0.43392697
3757,0.43392697
3758,0.43392697
3759,0.43392697
3760,0.43392697
3761,0.43392697
3762,0.43392697
3763,0.43392697
3764,0.43392697
3765,0.43392697
3766,0.43392697
3767,0.43392697
3768,0.43392697
3769,0.43392697
3770,0.43392697
3771,0.43392697
3772,0.43392697
3773,0.43392697
3774,0.43392697
3775,0.43392697
3776,0.43392697
3777,0.43392697
3778,0.43392697
3779,0.43392697
3780,0.43392697
3781,0.43392697
3782,0.43392697
3783,0.43392697
3784,0.43392697
3785,0.43392697
3786,0.43392697
3787,0.43392697
3788,0.43392697
3789,0.43392697
3790,0.43392697
3791,0.43392697
3792,0.43392697
3793,0.43392697
3794,0.43392697
3795,0.43392697
3796,0.43392697
3797,0.43392697
3798,0.43392697
3799,0.43392697
3800,0.43392697
3801,0.43392697
3802,0.43392697
3803,0.43392697
3804,0.43392697
3805,0.43392697
3806,0.43392697
3807,0.43392697
3808,0.43392697
3809,0.43392697
3810,0.43392697
3811,0.43392697
3812,0.43392697
3813,0.43392697
3814,0.43392697
3815,0.43392697
3816,0.43392697
3817,0.43392697
3818,0.43392697
3819,0.43392697
3820,0.43392697
3821,0.43392697
3822,0.43392697
3823,0.43392697
3824,0.43392697
3825,0.43392697
3826,0.43392697
3827,0.43392697
3828,0.43392697
3829,0.43392697
3830,0.43392697
3831,0.43392697
3832,0.43392697
3833,0.43392697
3834,0.43392697
3835,0.43392697
3836,0.43392697
3837,0.43392697
3838,0.43392697
3839,0.43392697
3840,0.43392697
3841,0.43392697
3842,0.43392697
3843,0.43392697
3844,0.43392697
3845,0.43392697
3846,0.43392697
3847,0.43392697
3848,0.43392697
3849,0.43392697
3850,0.43392697
3851,0.43392697
3852,0.43392697
3853,0.43392697
3854,0.43392697
3855,0.43392697
3856,0.43392697
3857,0.43392697
3858,0.43392697
3859,0.43392697
3860,0.43392697
3861,0.43392697
3862,0.43392697
3863,0.43392697
3864,0.43392697
3865,0.43392697
3866,0.43392697
3867,0.43392697
3868,0.43392697
3869,0.43392697
3870,0.43392697
3871,0.43392697
3872,0.43392697
3873,0.43392697
3874,0.43392697
3875,0.43392697
3876,0.43392697
3877,0.43392697
3878,0.43392697
3879,0.43392697
3880,0.43392697
3881,0.43392697
3882,0.43392697
3883,0.43392697
3884,0.43392697
3885,0.43392697
3886,0.43392697
3887,0.43392697
3888,0.43392697
3889,0.43392697
3890,0.43392697
3891,0.43392697
3892,0.43392697
3893,0.43392697
3894,0.43392697
3895,0.43392697
3896,0.43392697
3897,0.43392697
3898,0.43392697
3899,0.43392697
3900,0.43392697
3901,0.43392697
3902,0.43392697
3903,0.43392697
3904,0.43392697
3905,0.43392697
3906,0.43392697
3907,0.43392697
3908,0.43392697
3909,0.43392697
3910,0.43392697
3911,0.43392697
3912,0.43392697
3913,0.43392697
3914,0.43392697
3915,0.43392697
3916,0.43392697
3917,0.43392697
3918,0.43392697
3919,0.43392697
3920,0.43392697
3921,0.43392697
3922,0.43392697
3923,0.43392697
3924,0.43392697
3925,0.43392697
3926,0.43392697
3927,0.43392697
3928,0.43392697
3929,0.43392697
3930,0.43392697
3931,0.43392697
3932,0.43392697
3933,0.43392697
3934,0.43392697
3935,0.43392697
3936,0.43392697
3937,0.43392697
3938,0.43392697
3939,0.43392697
3940,0.43392697
3941,0.43392697
3942,0.43392697
3943,0.43392697
3944,0.43392697
3945,0.43392697
3946,0.43392697
3947,0.43392697
3948,0.43392697
3949,0.43392697
3950,0.43392697
3951,0.43392697
3952,0.43392697
3953,0.43392697
3954,0.43392697
3955,0.43392697
3956,0.43392697
3957,0.43392697
3958,0.43392697
3959,0.43392697
3960,0.43392697
3961,0.43392697
3962,0.43392697
3963,0.43392697
3964,0.43392697
3965,0.43392697
3966,0.43392697
3967,0.43392697
3968,0.43392697
3969,0.43392697
3970,0.43392697
3971,0.43392697
3972,0.43392697
3973,0.43392697
3974,0.43392697
3975,0.43392697
3976,0.43392697
3977,0.43392697
3978,0.43392697
3979,0.43392697
3980,0.43392697
3981,0.43392697
3982,0.43392697
3983,0.43392697
3984,0.43392697
3985,0.43392697
3986,0.43392697
3987,0.43392697
3988,0.43392697
3989,0.43392697
3990,0.43392697
3991,0.43392697
3992,0.43392697
3993,0.43392697
3994,0.43392697
3995,0.43392697
3996,0.43392697
3997,0.43392697
3998,0.43392697
3999,0.43392697
4000,0.43392697
4001,0.43392697
4002,0.43392697
4003,0.43392697
4004,0.43392697
4005,0.43392697
4006,0.43392697
4007,0.43392697
4008,0.43392697
4009,0.43392697
4010,0.43392697
4011,0.43392697
4012,0.43392697
4013,0.43392697
4014,0.43392697
4015,0.43392697
4016,0.43392697
4017,0.43392697
4018,0.43392697
4019,0.43392697
4020,0.43392697
4021,0.43392697
4022,0.43392697
4023,0.43392697
4024,0.43392697
4025,0.43392697
4026,0.43392697
4027,0.43392697
4028,0.43392697
4029,0.43392697
4030,0.43392697
4031,0.43392697
4032,0.43392697
4033,0.43392697
4034,0.43392697
4035,0.43392697
4036,0.43392697
4037,0.43392697
4038,0.43392697
4039,0.43392697
4040,0.43392697
4041,0.43392697
4042,0.43392697
4043,0.43392697
4044,0.43392697
4045,0.43392697
4046,0.43392697
4047,0.43392697
4048,0.43392697
4049,0.43392697
4050,0.43392697
4051,0.43392697
4052,0.43392697
4053,0.43392697
4054,0.43392697
4055,0.43392697
4056,0.43392697
4057,0.43392697
4058,0.43392697
4059,0.43392697
4060,0.43392697
4061,0.43392697
4062,0.43392697
4063,0.43392697
4064,0.43392697
4065,0.43392697
4066,0.43392697
4067,0.43392697
4068,0.43392697
4069,0.43392697
4070,0.43392697
4071,0.43392697
4072,0.43392697
4073,0.43392697
4074,0.43392697
4075,0.43392697
4076,0.43392697
4077,0.43392697
4078,0.43392697
4079,0.43392697
4080,0.43392697
4081,0.43392697
4082,0.43392697
4083,0.43392697
4084,0.43392697
4085,0.43392697
4086,0.43392697
4087,0.43392697
4088,0.43392697
4089,0.43392697
4090,0.43392697
4091,0.43392697
4092,0.43392697
4093,0.43392697
4094,0.43392697
4095,0.43392697
4096,0.43392697
4097,0.43392697
4098,0.43392697
4099,0.43392697
4100,0.43392697
4101,0.43392697
4102,0.43392697
4103,0.43392697
4104,0.43392697
4105,0.43392697
4106,0.43392697
4107,0.43392697
4108,0.43392697
4109,0.43392697
4110,0.43392697
4111,0.43392697
4112,0.43392697
4113,0.43392697
4114,0.43392697
4115,0.43392697
4116,0.43392697
4117,0.43392697
4118,0.43392697
4119,0.43392697
4120,0.43392697
4121,0.43392697
4122,0.43392697
4123,0.43392697
4124,0.43392697
4125,0.43392697
4126,0.43392697
4127,0.43392697
4128,0.43392697
4129,0.43392697
4130,0.43392697
4131,0.43392697
4132,0.43392697
4133,0.43392697
4134,0.43392697
4135,0.43392697
4136,0.43392697
4137,0.43392697
4138,0.43392697
4139,0.43392697
4140,0.43392697
4141,0.43392697
4142,0.43392697
4143,0.43392697
4144,0.43392697
4145,0.43392697
4146,0.43392697
4147,0.43392697
4148,0.43392697
4149,0.43392697
4150,0.43392697
4151,0.43392697
4152,0.43392697
4153,0.43392697
4154,0.43392697
4155,0.43392697
4156,0.43392697
4157,0.43392697
4158,0.43392697
4159,0.43392697
4160,0.43392697
4161,0.43392697
4162,0.43392697
4163,0.43392697
4164,0.43392697
4165,0.43392697
4166,0.43392697
4167,0.43392697
4168,0.43392697
4169,0.43392697
4170,0.43392697
4171,0.43392697
4172,0.43392697
4173,0.43392697
4174,0.43392697
4175,0.43392697
4176,0.43392697
4177,0.43392697
4178,0.43392697
4179,0.43392697
4180,0.43392697
4181,0.43392697
4182,0.43392697
4183,0.43392697
4184,0.43392697
4185,0.43392697
4186,0.43392697
4187,0.43392697
4188,0.43392697
4189,0.43392697
4190,0.43392697
4191,0.43392697
4192,0.43392697
4193,0.43392697
4194,0.43392697
4195,0.43392697
4196,0.43392697
4197,0.43392697
4198,0.43392697
4199,0.43392697
4200,0.43392697
4201,0.43392697
4202,0.43392697
4203,0.43392697
4204,0.43392697
4205,0.43392697
4206,0.43392697
4207,0.43392697
4208,0.43392697
4209,0.43392697
4210,0.43392697
4211,0.43392697
4212,0.43392697
4213,0.43392697
4214,0.43392697
4215,0.43392697
4216,0.43392697
4217,0.43392697
4218,0.43392697
4219,0.43392697
4220,0.43392697
4221,0.43392697
4222,0.43392697
4223,0.43392697
4224,0.43392697
4225,0.43392697
4226,0.43392697
4227,0.43392697
4228,0.43392697
4229,0.43392697
4230,0.43392697
4231,0.43392697
4232,0.43392697
4233,0.43392697
4234,0.43392697
4235,0.43392697
4236,0.43392697
4237,0.43392697
4238,0.43392697
4239,0.43392697
4240,0.43392697
4241,0.43392697
4242,0.43392697
4243,0.43392697
4244,0.43392697
4245,0.43392697
4246,0.43392697
4247,0.43392697
4248,0.43392697
4249,0.43392697
4250,0.43392697
4251,0.43392697
4252,0.43392697
4253,0.43392697
4254,0.43392697
4255,0.43392697
4256,0.43392697
4257,0.43392697
4258,0.43392697
4259,0.43392697
4260,0.43392697
4261,0.43392697
4262,0.43392697
4263,0.43392697
4264,0.43392697
4265,0.43392697
4266,0.43392697
4267,0.43392697
4268,0.43392697
4269,0.43392697
4270,0.43392697
4271,0.43392697
4272,0.43392697
4273,0.43392697
4274,0.43392697
4275,0.43392697
4276,0.43392697
4277,0.43392697
4278,0.43392697
4279,0.43392697
4280,0.43392697
4281,0.43392697
4282,0.43392697
4283,0.43392697
4284,0.43392697
4285,0.43392697
4286,0.43392697
4287,0.43392697
4288,0.43392697
4289,0.43392697
4290,0.43392697
4291,0.43392697
4292,0.43392697
4293,0.43392697
4294,0.43392697
4295,0.43392697
4296,0.43392697
4297,0.43392697
4298,0.43392697
4299,0.43392697
4300,0.43392697
4301,0.43392697
4302,0.43392697
4303,0.43392697
4304,0.43392697
4305,0.43392697
4306,0.43392697
4307,0.43392697
4308,0.43392697
4309,0.43392697
4310,0.43392697
4311,0.43392697
4312,0.43392697
4313,0.43392697
4314,0.43392697
4315,0.43392697
4316,0.43392697
4317,0.43392697
4318,0.43392697
4319,0.43392697
4320,0.43392697
4321,0.43392697
4322,0.43392697
4323,0.43392697
4324,0.43392697
4325,0.43392697
4326,0.43392697
4327,0.43392697
4328,0.43392697
4329,0.43392697
4330,0.43392697
4331,0.43392697
4332,0.43392697
4333,0.43392697
4334,0.43392697
4335,0.43392697
4336,0.43392697
4337,0.43392697
4338,0.43392697
4339,0.43392697
4340,0.43392697
4341,0.43392697
4342,0.43392697
4343,0.43392697
4344,0.43392697
4345,0.43392697
4346,0.43392697
4347,0.43392697
4348,0.43392697
4349,0.43392697
4350,0.43392697
4351,0.43392697
4352,0.43392697
4353,0.43392697
4354,0.43392697
4355,0.43392697
4356,0.43392697
4357,0.43392697
4358,0.43392697
4359,0.43392697
4360,0.43392697
4361,0.43392697
4362,0.43392697
4363,0.43392697
4364,0.43392697
4365,0.43392697
4366,0.43392697
4367,0.43392697
4368,0.43392697
4369,0.43392697
4370,0.43392697
4371,0.43392697
4372,0.43392697
4373,0.43392697
4374,0.43392697
4375,0.43392697
4376,0.43392697
4377,0.43392697
4378,0.43392697
4379,0.43392697
4380,0.43392697
4381,0.43392697
4382,0.43392697
4383,0.43392697
4384,0.43392697
4385,0.43392697
4386,0.43392697
4387,0.43392697
4388,0.43392697
4389,0.43392697
4390,0.43392697
4391,0.43392697
4392,0.43392697
4393,0.43392697
4394,0.43392697
4395,0.43392697
4396,0.43392697
4397,0.43392697
4398,0.43392697
4399,0.43392697
4400,0.43392697
4401,0.43392697
4402,0.43392697
4403,0.43392697
4404,0.43392697
4405,0.43392697
4406,0.43392697
4407,0.43392697
4408,0.43392697
4409,0.43392697
4410,0.43392697
4411,0.43392697
4412,0.43392697
4413,0.43392697
4414,0.43392697
4415,0.43392697
4416,0.43392697
4417,0.43392697
4418,0.43392697
4419,0.43392697
4420,0.43392697
4421,0.43392697
4422,0.43392697
4423,0.43392697
4424,0.43392697
4425,0.43392697
4426,0.43392697
4427,0.43392697
4428,0.43392697
4429,0.43392697
4430,0.43392697
4431,0.43392697
4432,0.43392697
4433,0.43392697
4434,0.43392697
4435,0.43392697
4436,0.43392697
4437,0.43392697
4438,0.43392697
4439,0.43392697
4440,0.43392697
4441,0.43392697
4442,0.43392697
4443,0.43392697
4444,0.43392697
4445,0.43392697
4446,0.43392697
4447,0.43392697
4448,0.43392697
4449,0.43392697
4450,0.43392697
4451,0.43392697
4452,0.43392697
4453,0.43392697
4454,0.43392697
4455,0.43392697
4456,0.43392697
4457,0.43392697
4458,0.43392697
4459,0.43392697
4460,0.43392697
4461,0.43392697
4462,0.43392697
4463,0.43392697
4464,0.43392697
4465,0.43392697
4466,0.43392697
4467,0.43392697
4468,0.43392697
4469,0.43392697
4470,0.43392697
4471,0.43392697
4472,0.43392697
4473,0.43392697
4474,0.43392697
4475,0.43392697
4476,0.43392697
4477,0.43392697
4478,0.43392697
4479,0.43392697
4480,0.43392697
4481,0.43392697
4482,0.43392697
4483,0.43392697
4484,0.43392697
4485,0.43392697
4486,0.43392697
4487,0.43392697
4488,0.43392697
4489,0.43392697
4490,0.43392697
4491,0.43392697
4492,0.43392697
4493,0.43392697
4494,0.43392697
4495,0.43392697
4496,0.43392697
4497,0.43392697
4498,0.43392697
4499,0.43392697
4500,0.43392697
4501,0.43392697
4502,0.43392697
4503,0.43392697
4504,0.43392697
4505,0.43392697
4506,0.43392697
4507,0.43392697
4508,0.43392697
4509,0.43392697
4510,0.43392697
4511,0.43392697
4512,0.43392697
4513,0.43392697
4514,0.43392697
4515,0.43392697
4516,0.43392697
4517,0.43392697
4518,0.43392697
4519,0.43392697
4520,0.43392697
4521,0.43392697
4522,0.43392697
4523,0.43392697
4524,0.43392697
4525,0.43392697
4526,0.43392697
4527,0.43392697
4528,0.43392697
4529,0.43392697
4530,0.43392697
4531,0.43392697
4532,0.43392697
4533,0.43392697
4534,0.43392697
4535,0.43392697
4536,0.43392697
4537,0.43392697
4538,0.43392697
4539,0.43392697
4540,0.43392697
4541,0.43392697
4542,0.43392697
4543,0.43392697
4544,0.43392697
4545,0.43392697
4546,0.43392697
4547,0.43392697
4548,0.43392697
4549,0.43392697
4550,0.43392697
4551,0.43392697
4552,0.43392697
4553,0.43392697
4554,0.43392697
4555,0.43392697
4556,0.43392697
4557,0.43392697
4558,0.43392697
4559,0.43392697
4560,0.43392697
4561,0.43392697
4562,0.43392697
4563,0.43392697
4564,0.43392697
4565,0.43392697
4566,0.43392697
4567,0.43392697
4568,0.43392697
4569,0.43392697
4570,0.43392697
4571,0.43392697
4572,0.43392697
4573,0.43392697
4574,0.43392697
4575,0.43392697
4576,0.43392697
4577,0.43392697
4578,0.43392697
4579,0.43392697
4580,0.43392697
4581,0.43392697
4582,0.43392697
4583,0.43392697
4584,0.43392697
4585,0.43392697
4586,0.43392697
4587,0.43392697
4588,0.43392697
4589,0.43392697
4590,0.43392697
4591,0.43392697
4592,0.43392697
4593,0.43392697
4594,0.43392697
4595,0.43392697
4596,0.43392697
4597,0.43392697
4598,0.43392697
4599,0.43392697
4600,0.43392697
4601,0.43392697
4602,0.43392697
4603,0.43392697
4604,0.43392697
4605,0.43392697
4606,0.43392697
4607,0.43392697
4608,0.43392697
4609,0.43392697
4610,0.43392697
4611,0.43392697
4612,0.43392697
4613,0.43392697
4614,0.43392697
4615,0.43392697
4616,0.43392697
4617,0.43392697
4618,0.43392697
4619,0.43392697
4620,0.43392697
4621,0.43392697
4622,0.43392697
4623,0.43392697
4624,0.43392697
4625,0.43392697
4626,0.43392697
4627,0.43392697
4628,0.43392697
4629,0.43392697
4630,0.43392697
4631,0.43392697
4632,0.43392697
4633,0.43392697
4634,0.43392697
4635,0.43392697
4636,0.43392697
4637,0.43392697
4638,0.43392697
4639,0.43392697
4640,0.43392697
4641,0.43392697
4642,0.43392697
4643,0.43392697
4644,0.43392697
4645,0.43392697
4646,0.43392697
4647,0.43392697
4648,0.43392697
4649,0.43392697
4650,0.43392697
4651,0.43392697
4652,0.43392697
4653,0.43392697
4654,0.43392697
4655,0.43392697
4656,0.43392697
4657,0.43392697
4658,0.43392697
4659,0.43392697
4660,0.43392697
4661,0.43392697
4662,0.43392697
4663,0.43392697
4664,0.43392697
4665,0.43392697
4666,0.43392697
4667,0.43392697
4668,0.43392697
4669,0.43392697
4670,0.43392697
4671,0.43392697
4672,0.43392697
4673,0.43392697
4674,0.43392697
4675,0.43392697
4676,0.43392697
4677,0.43392697
4678,0.43392697
4679,0.43392697
4680,0.43392697
4681,0.43392697
4682,0.43392697
4683,0.43392697
4684,0.43392697
4685,0.43392697
4686,0.43392697
4687,0.43392697
4688,0.43392697
4689,0.43392697
4690,0.43392697
4691,0.43392697
4692,0.43392697
4693,0.43392697
4694,0.43392697
4695,0.43392697
4696,0.43392697
4697,0.43392697
4698,0.43392697
4699,0.43392697
4700,0.43392697
4701,0.43392697
4702,0.43392697
4703,0.43392697
4704,0.43392697
4705,0.43392697
4706,0.43392697
4707,0.43392697
4708,0.43392697
4709,0.43392697
4710,0.43392697
4711,0.43392697
4712,0.43392697
4713,0.43392697
4714,0.43392697
4715,0.43392697
4716,0.43392697
4717,0.43392697
4718,0.43392697
4719,0.43392697
4720,0.43392697
4721,0.43392697
4722,0.43392697
4723,0.43392697
4724,0.43392697
4725,0.43392697
4726,0.43392697
4727,0.43392697
4728,0.43392697
4729,0.43392697
4730,0.43392697
4731,0.43392697
4732,0.43392697
4733,0.43392697
4734,0.43392697
4735,0.43392697
4736,0.43392697
4737,0.43392697
4738,0.43392697
4739,0.43392697
4740,0.43392697
4741,0.43392697
4742,0.43392697
4743,0.43392697
4744,0.43392697
4745,0.43392697
4746,0.43392697
4747,0.43392697
4748,0.43392697
4749,0.43392697
4750,0.43392697
4751,0.43392697
4752,0.43392697
4753,0.43392697
4754,0.43392697
4755,0.43392697
4756,0.43392697
4757,0.43392697
4758,0.43392697
4759,0.43392697
4760,0.43392697
4761,0.43392697
4762,0.43392697
4763,0.43392697
4764,0.43392697
4765,0.43392697
4766,0.43392697
4767,0.43392697
4768,0.43392697
4769,0.43392697
4770,0.43392697
4771,0.43392697
4772,0.43392697
4773,0.43392697
4774,0.43392697
4775,0.43392697
4776,0.43392697
4777,0.43392697
4778,0.43392697
4779,0.43392697
4780,0.43392697
4781,0.43392697
4782,0.43392697
4783,0.43392697
4784,0.43392697
4785,0.43392697
4786,0.43392697
4787,0.43392697
4788,0.43392697
4789,0.43392697
4790,0.43392697
4791,0.43392697
4792,0.43392697
4793,0.43392697
4794,0.43392697
4795,0.43392697
4796,0.43392697
4797,0.43392697
4798,0.43392697
4799,0.43392697
4800,0.43392697
4801,0.43392697
4802,0.43392697
4803,0.43392697
4804,0.43392697
4805,0.43392697
4806,0.43392697
4807,0.43392697
4808,0.43392697
4809,0.43392697
4810,0.43392697
4811,0.43392697
4812,0.43392697
4813,0.43392697
4814,0.43392697
4815,0.43392697
4816,0.43392697
4817,0.43392697
4818,0.43392697
4819,0.43392697
4820,0.43392697
4821,0.43392697
4822,0.43392697
4823,0.43392697
4824,0.43392697
4825,0.43392697
4826,0.43392697
4827,0.43392697
4828,0.43392697
4829,0.43392697
4830,0.43392697
4831,0.43392697
4832,0.43392697
4833,0.43392697
4834,0.43392697
4835,0.43392697
4836,0.43392697
4837,0.43392697
4838,0.43392697
4839,0.43392697
4840,0.43392697
4841,0.43392697
4842,0.43392697
4843,0.43392697
4844,0.43392697
4845,0.43392697
4846,0.43392697
4847,0.43392697
4848,0.43392697
4849,0.43392697
4850,0.43392697
4851,0.43392697
4852,0.43392697
4853,0.43392697
4854,0.43392697
4855,0.43392697
4856,0.43392697
4857,0.43392697
4858,0.43392697
4859,0.43392697
4860,0.43392697
4861,0.43392697
4862,0.43392697
4863,0.43392697
4864,0.43392697
4865,0.43392697
4866,0.43392697
4867,0.43392697
4868,0.43392697
4869,0.43392697
4870,0.43392697
4871,0.43392697
4872,0.43392697
4873,0.43392697
4874,0.43392697
4875,0.43392697
4876,0.43392697
4877,0.43392697
4878,0.43392697
4879,0.43392697
4880,0.43392697
4881,0.43392697
4882,0.43392697
4883,0.43392697
4884,0.43392697
4885,0.43392697
4886,0.43392697
4887,0.43392697
4888,0.43392697
4889,0.43392697
4890,0.43392697
4891,0.43392697
4892,0.43392697
4893,0.43392697
4894,0.43392697
4895,0.43392697
4896,0.43392697
4897,0.43392697
4898,0.43392697
4899,0.43392697
4900,0.43392697
4901,0.43392697
4902,0.43392697
4903,0.43392697
4904,0.43392697
4905,0.43392697
4906,0.43392697
4907,0.43392697
4908,0.43392697
4909,0.43392697
4910,0.43392697
4911,0.43392697
4912,0.43392697
4913,0.43392697
4914,0.43392697
4915,0.43392697
4916,0.43392697
4917,0.43392697
4918,0.43392697
4919,0.43392697
4920,0.43392697
4921,0.43392697
4922,0.43392697
4923,0.43392697
4924,0.43392697
4925,0.43392697
4926,0.43392697
4927,0.43392697
4928,0.43392697
4929,0.43392697
4930,0.43392697
4931,0.43392697
4932,0.43392697
4933,0.43392697
4934,0.43392697
4935,0.43392697
4936,0.43392697
4937,0.43392697
4938,0.43392697
4939,0.43392697
4940,0.43392697
4941,0.43392697
4942,0.43392697
4943,0.43392697
4944,0.43392697
4945,0.43392697
4946,0.43392697
4947,0.43392697
4948,0.43392697
4949,0.43392697
4950,0.43392697
4951,0.43392697
4952,0.43392697
4953,0.43392697
4954,0.43392697
4955,0.43392697
4956,0.43392697
4957,0.43392697
4958,0.43392697
4959,0.43392697
4960,0.43392697
4961,0.43392697
4962,0.43392697
4963,0.43392697
4964,0.43392697
4965,0.43392697
4966,0.43392697
4967,0.43392697
4968,0.43392697
4969,0.43392697
4970,0.43392697
4971,0.43392697
4972,0.43392697
4973,0.43392697
4974,0.43392697
4975,0.43392697
4976,0.43392697
4977,0.43392697
4978,0.43392697
4979,0.43392697
4980,0.43392697
4981,0.43392697
4982,0.43392697
4983,0.43392697
4984,0.43392697
4985,0.43392697
4986,0.43392697
4987,0.43392697
4988,0.43392697
4989,0.43392697
4990,0.43392697
4991,0.43392697
4992,0.43392697
4993,0.43392697
4994,0.43392697
4995,0.43392697
4996,0.43392697
4997,0.43392697
4998,0.43392697
4999,0.43392697
5000,0.43392697
5001,0.43392697
5002,0.43392697
5003,0.43392697
5004,0.43392697
5005,0.43392697
5006,0.43392697
5007,0.43392697
5008,0.43392697
5009,0.43392697
5010,0.43392697
5011,0.43392697
5012,0.43392697
5013,0.43392697
5014,0.43392697
5015,0.43392697
5016,0.43392697
5017,0.43392697
5018,0.43392697
5019,0.43392697
5020,0.43392697
5021,0.43392697
5022,0.43392697
5023,0.43392697
5024,0.43392697
5025,0.43392697
5026,0.43392697
5027,0.43392697
5028,0.43392697
5029,0.43392697
5030,0.43392697
5031,0.43392697
5032,0.43392697
5033,0.43392697
5034,0.43392697
5035,0.43392697
5036,0.43392697
5037,0.43392697
5038,0.43392697
5039,0.43392697
5040,0.43392697
5041,0.43392697
5042,0.43392697
5043,0.43392697
5044,0.43392697
5045,0.43392697
5046,0.43392697
5047,0.43392697
5048,0.43392697
5049,0.43392697
5050,0.43392697
5051,0.43392697
5052,0.43392697
5053,0.43392697
5054,0.43392697
5055,0.43392697
5056,0.43392697
5057,0.43392697
5058,0.43392697
5059,0.43392697
5060,0.43392697
5061,0.43392697
5062,0.43392697
5063,0.43392697
5064,0.43392697
5065,0.43392697
5066,0.43392697
5067,0.43392697
5068,0.43392697
5069,0.43392697
5070,0.43392697
5071,0.43392697
5072,0.43392697
5073,0.43392697
5074,0.43392697
5075,0.43392697
5076,0.43392697
5077,0.43392697
5078,0.43392697
5079,0.43392697
5080,0.43392697
5081,0.43392697
5082,0.43392697
5083,0.43392697
5084,0.43392697
5085,0.43392697
5086,0.43392697
5087,0.43392697
5088,0.43392697
5089,0.43392697
5090,0.43392697
5091,0.43392697
5092,0.43392697
5093,0.43392697
5094,0.43392697
5095,0.43392697
5096,0.43392697
5097,0.43392697
5098,0.43392697
5099,0.43392697
5100,0.43392697
5101,0.43392697
5102,0.43392697
5103,0.43392697
5104,0.43392697
5105,0.43392697
5106,0.43392697
5107,0.43392697
5108,0.43392697
5109,0.43392697
5110,0.43392697
5111,0.43392697
5112,0.43392697
5113,0.43392697
5114,0.43392697
5115,0.43392697
5116,0.43392697
5117,0.43392697
5118,0.43392697
5119,0.43392697
5120,0.43392697
5121,0.43392697
5122,0.43392697
5123,0.43392697
5124,0.43392697
5125,0.43392697
5126,0.43392697
5127,0.43392697
5128,0.43392697
5129,0.43392697
5130,0.43392697
5131,0.43392697
5132,0.43392697
5133,0.43392697
5134,0.43392697
5135,0.43392697
5136,0.43392697
5137,0.43392697
5138,0.43392697
5139,0.43392697
5140,0.43392697
5141,0.43392697
5142,0.43392697
5143,0.43392697
5144,0.43392697
5145,0.43392697
5146,0.43392697
5147,0.43392697
5148,0.43392697
5149,0.43392697
5150,0.43392697
5151,0.43392697
5152,0.43392697
5153,0.43392697
5154,0.43392697
5155,0.43392697
5156,0.43392697
5157,0.43392697
5158,0.43392697
5159,0.43392697
5160,0.43392697
5161,0.43392697
5162,0.43392697
5163,0.43392697
5164,0.43392697
5165,0.43392697
5166,0.43392697
5167,0.43392697
5168,0.43392697
5169,0.43392697
5170,0.43392697
5171,0.43392697
5172,0.43392697
5173,0.43392697
5174,0.43392697
5175,0.43392697
5176,0.43392697
5177,0.43392697
5178,0.43392697
5179,0.43392697
5180,0.43392697
5181,0.43392697
5182,0.43392697
5183,0.43392697
5184,0.43392697
5185,0.43392697
5186,0.43392697
5187,0.43392697
5188,0.43392697
5189,0.43392697
5190,0.43392697
5191,0.43392697
5192,0.43392697
5193,0.43392697
5194,0.43392697
5195,0.43392697
5196,0.43392697
5197,0.43392697
5198,0.43392697
5199,0.43392697
5200,0.43392697
5201,0.43392697
5202,0.43392697
5203,0.43392697
5204,0.43392697
5205,0.43392697
5206,0.43392697
5207,0.43392697
5208,0.43392697
5209,0.43392697
5210,0.43392697
5211,0.43392697
5212,0.43392697
5213,0.43392697
5214,0.43392697
5215,0.43392697
5216,0.43392697
5217,0.43392697
5218,0.43392697
5219,0.43392697
5220,0.43392697
5221,0.43392697
5222,0.43392697
5223,0.43392697
5224,0.43392697
5225,0.43392697
5226,0.43392697
5227,0.43392697
5228,0.43392697
5229,0.43392697
5230,0.43392697
5231,0.43392697
5232,0.43392697
5233,0.43392697
5234,0.43392697
5235,0.43392697
5236,0.43392697
5237,0.43392697
5238,0.43392697
5239,0.43392697
5240,0.43392697
5241,0.43392697
5242,0.43392697
5243,0.43392697
5244,0.43392697
5245,0.43392697
5246,0.43392697
5247,0.43392697
5248,0.43392697
5249,0.43392697
5250,0.43392697
5251,0.43392697
5252,0.43392697
5253,0.43392697
5254,0.43392697
5255,0.43392697
5256,0.43392697
5257,0.43392697
5258,0.43392697
5259,0.43392697
5260,0.43392697
5261,0.43392697
5262,0.43392697
5263,0.43392697
5264,0.43392697
5265,0.43392697
5266,0.43392697
5267,0.43392697
5268,0.43392697
5269,0.43392697
5270,0.43392697
5271,0.43392697
5272,0.43392697
5273,0.43392697
5274,0.43392697
5275,0.43392697
5276,0.43392697
5277,0.43392697
5278,0.43392697
5279,0.43392697
5280,0.43392697
5281,0.43392697
5282,0.43392697
5283,0.43392697
5284,0.43392697
5285,0.43392697
5286,0.43392697
5287,0.43392697
5288,0.43392697
5289,0.43392697
5290,0.43392697
5291,0.43392697
5292,0.43392697
5293,0.43392697
5294,0.43392697
5295,0.43392697
5296,0.43392697
5297,0.43392697
5298,0.43392697
5299,0.43392697
5300,0.43392697
5301,0.43392697
5302,0.43392697
5303,0.43392697
5304,0.43392697
5305,0.43392697
5306,0.43392697
5307,0.43392697
5308,0.43392697
5309,0.43392697
5310,0.43392697
5311,0.43392697
5312,0.43392697
5313,0.43392697
5314,0.43392697
5315,0.43392697
5316,0.43392697
5317,0.43392697
5318,0.43392697
5319,0.43392697
5320,0.43392697
5321,0.43392697
5322,0.43392697
5323,0.43392697
5324,0.43392697
5325,0.43392697
5326,0.43392697
5327,0.43392697
5328,0.43392697
5329,0.43392697
5330,0.43392697
5331,0.43392697
5332,0.43392697
5333,0.43392697
5334,0.43392697
5335,0.43392697
5336,0.43392697
5337,0.43392697
5338,0.43392697
5339,0.43392697
5340,0.43392697
5341,0.43392697
5342,0.43392697
5343,0.43392697
5344,0.43392697
5345,0.43392697
5346,0.43392697
5347,0.43392697
5348,0.43392697
5349,0.43392697
5350,0.43392697
5351,0.43392697
5352,0.43392697
5353,0.43392697
5354,0.43392697
5355,0.43392697
5356,0.43392697
5357,0.43392697
5358,0.43392697
5359,0.43392697
5360,0.43392697
5361,0.43392697
5362,0.43392697
5363,0.43392697
5364,0.43392697
5365,0.43392697
5366,0.43392697
5367,0.43392697
5368,0.43392697
5369,0.43392697
5370,0.43392697
5371,0.43392697
5372,0.43392697
5373,0.43392697
5374,0.43392697
5375,0.43392697
5376,0.43392697
5377,0.43392697
5378,0.43392697
5379,0.43392697
5380,0.43392697
5381,0.43392697
5382,0.43392697
5383,0.43392697
5384,0.43392697
5385,0.43392697
5386,0.43392697
5387,0.43392697
5388,0.43392697
5389,0.43392697
5390,0.43392697
5391,0.43392697
5392,0.43392697
5393,0.43392697
5394,0.43392697
5395,0.43392697
5396,0.43392697
5397,0.43392697
5398,0.43392697
5399,0.43392697
5400,0.43392697
5401,0.43392697
5402,0.43392697
5403,0.43392697
5404,0.43392697
5405,0.43392697
5406,0.43392697
5407,0.43392697
5408,0.43392697
5409,0.43392697
5410,0.43392697
5411,0.43392697
5412,0.43392697
5413,0.43392697
5414,0.43392697
5415,0.43392697
5416,0.43392697
5417,0.43392697
5418,0.43392697
5419,0.43392697
5420,0.43392697
5421,0.43392697
5422,0.43392697
5423,0.43392697
5424,0.43392697
5425,0.43392697
5426,0.43392697
5427,0.43392697
5428,0.43392697
5429,0.43392697
5430,0.43392697
5431,0.43392697
5432,0.43392697
5433,0.43392697
5434,0.43392697
5435,0.43392697
5436,0.43392697
5437,0.43392697
5438,0.43392697
5439,0.43392697
5440,0.43392697
5441,0.43392697
5442,0.43392697
5443,0.43392697
5444,0.43392697
5445,0.43392697
5446,0.43392697
5447,0.43392697
5448,0.43392697
5449,0.43392697
5450,0.43392697
5451,0.43392697
5452,0.43392697
5453,0.43392697
5454,0.43392697
5455,0.43392697
5456,0.43392697
5457,0.43392697
5458,0.43392697
5459,0.43392697
5460,0.43392697
5461,0.43392697
5462,0.43392697
5463,0.43392697
5464,0.43392697
5465,0.43392697
5466,0.43392697
5467,0.43392697
5468,0.43392697
5469,0.43392697
5470,0.43392697
5471,0.43392697
5472,0.43392697
5473,0.43392697
5474,0.43392697
5475,0.43392697
5476,0.43392697
5477,0.43392697
5478,0.43392697
5479,0.43392697
5480,0.43392697
5481,0.43392697
5482,0.43392697
5483,0.43392697
5484,0.43392697
5485,0.43392697
5486,0.43392697
5487,0.43392697
5488,0.43392697
5489,0.43392697
5490,0.43392697
5491,0.43392697
5492,0.43392697
5493,0.43392697
5494,0.43392697
5495,0.43392697
5496,0.43392697
5497,0.43392697
5498,0.43392697
5499,0.43392697
5500,0.43392697
5501,0.43392697
5502,0.43392697
5503,0.43392697
5504,0.43392697
5505,0.43392697
5506,0.43392697
5507,0.43392697
5508,0.43392697
5509,0.43392697
5510,0.43392697
5511,0.43392697
5512,0.43392697
5513,0.43392697
5514,0.43392697
5515,0.43392697
5516,0.43392697
5517,0.43392697
5518,0.43392697
5519,0.43392697
5520,0.43392697
5521,0.43392697
5522,0.43392697
5523,0.43392697
5524,0.43392697
5525,0.43392697
5526,0.43392697
5527,0.43392697
5528,0.43392697
5529,0.43392697
5530,0.43392697
5531,0.43392697
5532,0.43392697
5533,0.43392697
5534,0.43392697
5535,0.43392697
5536,0.43392697
5537,0.43392697
5538,0.43392697
5539,0.43392697
5540,0.43392697
5541,0.43392697
5542,0.43392697
5543,0.43392697
5544,0.43392697
5545,0.43392697
5546,0.43392697
5547,0.43392697
5548,0.43392697
5549,0.43392697
5550,0.43392697
5551,0.43392697
5552,0.43392697
5553,0.43392697
5554,0.43392697
5555,0.43392697
5556,0.43392697
5557,0.43392697
5558,0.43392697
5559,0.43392697
5560,0.43392697
5561,0.43392697
5562,0.43392697
5563,0.43392697
5564,0.43392697
5565,0.43392697
5566,0.43392697
5567,0.43392697
5568,0.43392697
5569,0.43392697
5570,0.43392697
5571,0.43392697
5572,0.43392697
5573,0.43392697
5574,0.43392697
5575,0.43392697
5576,0.43392697
5577,0.43392697
5578,0.43392697
5579,0.43392697
5580,0.43392697
5581,0.43392697
5582,0.43392697
5583,0.43392697
5584,0.43392697
5585,0.43392697
5586,0.43392697
5587,0.43392697
5588,0.43392697
5589,0.43392697
5590,0.43392697
5591,0.43392697
5592,0.43392697
5593,0.43392697
5594,0.43392697
5595,0.43392697
5596,0.43392697
5597,0.43392697
5598,0.43392697
5599,0.43392697
5600,0.43392697
5601,0.43392697
5602,0.43392697
5603,0.43392697
5604,0.43392697
5605,0.43392697
5606,0.43392697
5607,0.43392697
5608,0.43392697
5609,0.43392697
5610,0.43392697
5611,0.43392697
5612,0.43392697
5613,0.43392697
5614,0.43392697
5615,0.43392697
5616,0.43392697
5617,0.43392697
5618,0.43392697
5619,0.43392697
5620,0.43392697
5621,0.43392697
5622,0.43392697
5623,0.43392697
5624,0.43392697
5625,0.43392697
5626,0.43392697
5627,0.43392697
5628,0.43392697
5629,0.43392697
5630,0.43392697
5631,0.43392697
5632,0.43392697
5633,0.43392697
5634,0.43392697
5635,0.43392697
5636,0.43392697
5637,0.43392697
5638,0.43392697
5639,0.43392697
5640,0.43392697
5641,0.43392697
5642,0.43392697
5643,0.43392697
5644,0.43392697
5645,0.43392697
5646,0.43392697
5647,0.43392697
5648,0.43392697
5649,0.43392697
5650,0.43392697
5651,0.43392697
5652,0.43392697
5653,0.43392697
5654,0.43392697
5655,0.43392697
5656,0.43392697
5657,0.43392697
5658,0.43392697
5659,0.43392697
5660,0.43392697
5661,0.43392697
5662,0.43392697
5663,0.43392697
5664,0.43392697
5665,0.43392697
5666,0.43392697
5667,0.43392697
5668,0.43392697
5669,0.43392697
5670,0.43392697
5671,0.43392697
5672,0.43392697
5673,0.43392697
5674,0.43392697
5675,0.43392697
5676,0.43392697
5677,0.43392697
5678,0.43392697
5679,0.43392697
5680,0.43392697
5681,0.43392697
5682,0.43392697
5683,0.43392697
5684,0.43392697
5685,0.43392697
5686,0.43392697
5687,0.43392697
5688,0.43392697
5689,0.43392697
5690,0.43392697
5691,0.43392697
5692,0.43392697
5693,0.43392697
5694,0.43392697
5695,0.43392697
5696,0.43392697
5697,0.43392697
5698,0.43392697
5699,0.43392697
5700,0.43392697
5701,0.43392697
5702,0.43392697
5703,0.43392697
5704,0.43392697
5705,0.43392697
5706,0.43392697
5707,0.43392697
5708,0.43392697
5709,0.43392697
5710,0.43392697
5711,0.43392697
5712,0.43392697
5713,0.43392697
5714,0.43392697
5715,0.43392697
5716,0.43392697
5717,0.43392697
5718,0.43392697
5719,0.43392697
5720,0.43392697
5721,0.43392697
5722,0.43392697
5723,0.43392697
5724,0.43392697
5725,0.43392697
5726,0.43392697
5727,0.43392697
5728,0.43392697
5729,0.43392697
5730,0.43392697
5731,0.43392697
5732,0.43392697
5733,0.43392697
5734,0.43392697
5735,0.43392697
5736,0.43392697
5737,0.43392697
5738,0.43392697
5739,0.43392697
5740,0.43392697
5741,0.43392697
5742,0.43392697
5743,0.43392697
5744,0.43392697
5745,0.43392697
5746,0.43392697
5747,0.43392697
5748,0.43392697
5749,0.43392697
5750,0.43392697
5751,0.43392697
5752,0.43392697
5753,0.43392697
5754,0.43392697
5755,0.43392697
5756,0.43392697
5757,0.43392697
5758,0.43392697
5759,0.43392697
5760,0.43392697
5761,0.43392697
5762,0.43392697
5763,0.43392697
5764,0.43392697
5765,0.43392697
5766,0.43392697
5767,0.43392697
5768,0.43392697
5769,0.43392697
5770,0.43392697
5771,0.43392697
5772,0.43392697
5773,0.43392697
5774,0.43392697
5775,0.43392697
5776,0.43392697
5777,0.43392697
5778,0.43392697
5779,0.43392697
5780,0.43392697
5781,0.43392697
5782,0.43392697
5783,0.43392697
5784,0.43392697
5785,0.43392697
5786,0.43392697
5787,0.43392697
5788,0.43392697
5789,0.43392697
5790,0.43392697
5791,0.43392697
5792,0.43392697
5793,0.43392697
5794,0.43392697
5795,0.43392697
5796,0.43392697
5797,0.43392697
5798,0.43392697
5799,0.43392697
5800,0.43392697
5801,0.43392697
5802,0.43392697
5803,0.43392697
5804,0.43392697
5805,0.43392697
5806,0.43392697
5807,0.43392697
5808,0.43392697
5809,0.43392697
5810,0.43392697
5811,0.43392697
5812,0.43392697
5813,0.43392697
5814,0.43392697
5815,0.43392697
5816,0.43392697
5817,0.43392697
5818,0.43392697
5819,0.43392697
5820,0.43392697
5821,0.43392697
5822,0.43392697
5823,0.43392697
5824,0.43392697
5825,0.43392697
5826,0.43392697
5827,0.43392697
5828,0.43392697
5829,0.43392697
5830,0.43392697
5831,0.43392697
5832,0.43392697
5833,0.43392697
5834,0.43392697
5835,0.43392697
5836,0.43392697
5837,0.43392697
5838,0.43392697
5839,0.43392697
5840,0.43392697
5841,0.43392697
5842,0.43392697
5843,0.43392697
5844,0.43392697
5845,0.43392697
5846,0.43392697
5847,0.43392697
5848,0.43392697
5849,0.43392697
5850,0.43392697
5851,0.43392697
5852,0.43392697
5853,0.43392697
5854,0.43392697
5855,0.43392697
5856,0.43392697
5857,0.43392697
5858,0.43392697
5859,0.43392697
5860,0.43392697
5861,0.43392697
5862,0.43392697
5863,0.43392697
5864,0.43392697
5865,0.43392697
5866,0.43392697
5867,0.43392697
5868,0.43392697
5869,0.43392697
5870,0.43392697
5871,0.43392697
5872,0.43392697
5873,0.43392697
5874,0.43392697
5875,0.43392697
5876,0.43392697
5877,0.43392697
5878,0.43392697
5879,0.43392697
5880,0.43392697
5881,0.43392697
5882,0.43392697
5883,0.43392697
5884,0.43392697
5885,0.43392697
5886,0.43392697
5887,0.43392697
5888,0.43392697
5889,0.43392697
5890,0.43392697
5891,0.43392697
5892,0.43392697
5893,0.43392697
5894,0.43392697
5895,0.43392697
5896,0.43392697
5897,0.43392697
5898,0.43392697
5899,0.43392697
5900,0.43392697
5901,0.43392697
5902,0.43392697
5903,0.43392697
5904,0.43392697
5905,0.43392697
5906,0.43392697
5907,0.43392697
5908,0.43392697
5909,0.43392697
5910,0.43392697
5911,0.43392697
5912,0.43392697
5913,0.43392697
5914,0.43392697
5915,0.43392697
5916,0.43392697
5917,0.43392697
5918,0.43392697
5919,0.43392697
5920,0.43392697
5921,0.43392697
5922,0.43392697
5923,0.43392697
5924,0.43392697
5925,0.43392697
5926,0.43392697
5927,0.43392697
5928,0.43392697
5929,0.43392697
5930,0.43392697
5931,0.43392697
5932,0.43392697
5933,0.43392697
5934,0.43392697
5935,0.43392697
5936,0.43392697
5937,0.43392697
5938,0.43392697
5939,0.43392697
5940,0.43392697
5941,0.43392697
5942,0.43392697
5943,0.43392697
5944,0.43392697
5945,0.43392697
5946,0.43392697
5947,0.43392697
5948,0.43392697
5949,0.43392697
5950,0.43392697
5951,0.43392697
5952,0.43392697
5953,0.43392697
5954,0.43392697
5955,0.43392697
5956,0.43392697
5957,0.43392697
5958,0.43392697
5959,0.43392697
5960,0.43392697
5961,0.43392697
5962,0.43392697
5963,0.43392697
5964,0.43392697
5965,0.43392697
5966,0.43392697
5967,0.43392697
5968,0.43392697
5969,0.43392697
5970,0.43392697
5971,0.43392697
5972,0.43392697
5973,0.43392697
5974,0.43392697
5975,0.43392697
5976,0.43392697
5977,0.43392697
5978,0.43392697
5979,0.43392697
5980,0.43392697
5981,0.43392697
5982,0.43392697
5983,0.43392697
5984,0.43392697
5985,0.43392697
5986,0.43392697
5987,0.43392697
5988,0.43392697
5989,0.43392697
5990,0.43392697
5991,0.43392697
5992,0.43392697
5993,0.43392697
5994,0.43392697
5995,0.43392697
5996,0.43392697
5997,0.43392697
5998,0.43392697
5999,0.43392697
6000,0.43392697
6001,0.43392697
6002,0.43392697
6003,0.43392697
6004,0.43392697
6005,0.43392697
6006,0.43392697
6007,0.43392697
6008,0.43392697
6009,0.43392697
6010,0.43392697
6011,0.43392697
6012,0.43392697
6013,0.43392697
6014,0.43392697
6015,0.43392697
6016,0.43392697
6017,0.43392697
6018,0.43392697
6019,0.43392697
6020,0.43392697
6021,0.43392697
6022,0.43392697
6023,0.43392697
6024,0.43392697
6025,0.43392697
6026,0.43392697
6027,0.43392697
6028,0.43392697
6029,0.43392697
6030,0.43392697
6031,0.43392697
6032,0.43392697
6033,0.43392697
6034,0.43392697
6035,0.43392697
6036,0.43392697
6037,0.43392697
6038,0.43392697
6039,0.43392697
6040,0.43392697
6041,0.43392697
6042,0.43392697
6043,0.43392697
6044,0.43392697
6045,0.43392697
6046,0.43392697
6047,0.43392697
6048,0.43392697
6049,0.43392697
6050,0.43392697
6051,0.43392697
6052,0.43392697
6053,0.43392697
6054,0.43392697
6055,0.43392697
6056,0.43392697
6057,0.43392697
6058,0.43392697
6059,0.43392697
6060,0.43392697
6061,0.43392697
6062,0.43392697
6063,0.43392697
6064,0.43392697
6065,0.43392697
6066,0.43392697
6067,0.43392697
6068,0.43392697
6069,0.43392697
6070,0.43392697
6071,0.43392697
6072,0.43392697
6073,0.43392697
6074,0.43392697
6075,0.43392697
6076,0.43392697
6077,0.43392697
6078,0.43392697
6079,0.43392697
6080,0.43392697
6081,0.43392697
6082,0.43392697
6083,0.43392697
6084,0.43392697
6085,0.43392697
6086,0.43392697
6087,0.43392697
6088,0.43392697
6089,0.43392697
6090,0.43392697
6091,0.43392697
6092,0.43392697
6093,0.43392697
6094,0.43392697
6095,0.43392697
6096,0.43392697
6097,0.43392697
6098,0.43392697
6099,0.43392697
6100,0.43392697
6101,0.43392697
6102,0.43392697
6103,0.43392697
6104,0.43392697
6105,0.43392697
6106,0.43392697
6107,0.43392697
6108,0.43392697
6109,0.43392697
6110,0.43392697
6111,0.43392697
6112,0.43392697
6113,0.43392697
6114,0.43392697
6115,0.43392697
6116,0.43392697
6117,0.43392697
6118,0.43392697
6119,0.43392697
6120,0.43392697
6121,0.43392697
6122,0.43392697
6123,0.43392697
6124,0.43392697
6125,0.43392697
6126,0.43392697
6127,0.43392697
6128,0.43392697
6129,0.43392697
6130,0.43392697
6131,0.43392697
6132,0.43392697
6133,0.43392697
6134,0.43392697
6135,0.43392697
6136,0.43392697
6137,0.43392697
6138,0.43392697
6139,0.43392697
6140,0.43392697
6141,0.43392697
6142,0.43392697
6143,0.43392697
6144,0.43392697
6145,0.43392697
6146,0.43392697
6147,0.43392697
6148,0.43392697
6149,0.43392697
6150,0.43392697
6151,0.43392697
6152,0.43392697
6153,0.43392697
6154,0.43392697
6155,0.43392697
6156,0.43392697
6157,0.43392697
6158,0.43392697
6159,0.43392697
6160,0.43392697
6161,0.43392697
6162,0.43392697
6163,0.43392697
6164,0.43392697
6165,0.43392697
6166,0.43392697
6167,0.43392697
6168,0.43392697
6169,0.43392697
6170,0.43392697
6171,0.43392697
6172,0.43392697
6173,0.43392697
6174,0.43392697
6175,0.43392697
6176,0.43392697
6177,0.43392697
6178,0.43392697
6179,0.43392697
6180,0.43392697
6181,0.43392697
6182,0.43392697
6183,0.43392697
6184,0.43392697
6185,0.43392697
6186,0.43392697
6187,0.43392697
6188,0.43392697
6189,0.43392697
6190,0.43392697
6191,0.43392697
6192,0.43392697
6193,0.43392697
6194,0.43392697
6195,0.43392697
6196,0.43392697
6197,0.43392697
6198,0.43392697
6199,0.43392697
6200,0.43392697
6201,0.43392697
6202,0.43392697
6203,0.43392697
6204,0.43392697
6205,0.43392697
6206,0.43392697
6207,0.43392697
6208,0.43392697
6209,0.43392697
6210,0.43392697
6211,0.43392697
6212,0.43392697
6213,0.43392697
6214,0.43392697
6215,0.43392697
6216,0.43392697
6217,0.43392697
6218,0.43392697
6219,0.43392697
6220,0.43392697
6221,0.43392697
6222,0.43392697
6223,0.43392697
6224,0.43392697
6225,0.43392697
6226,0.43392697
6227,0.43392697
6228,0.43392697
6229,0.43392697
6230,0.43392697
6231,0.43392697
6232,0.43392697
6233,0.43392697
6234,0.43392697
6235,0.43392697
6236,0.43392697
6237,0.43392697
6238,0.43392697
6239,0.43392697
6240,0.43392697
6241,0.43392697
6242,0.43392697
6243,0.43392697
6244,0.43392697
6245,0.43392697
6246,0.43392697
6247,0.43392697
6248,0.43392697
6249,0.43392697
6250,0.43392697
6251,0.43392697
6252,0.43392697
6253,0.43392697
6254,0.43392697
6255,0.43392697
6256,0.43392697
6257,0.43392697
6258,0.43392697
6259,0.43392697
6260,0.43392697
6261,0.43392697
6262,0.43392697
6263,0.43392697
6264,0.43392697
6265,0.43392697
6266,0.43392697
6267,0.43392697
6268,0.43392697
6269,0.43392697
6270,0.43392697
6271,0.43392697
6272,0.43392697
6273,0.43392697
6274,0.43392697
6275,0.43392697
6276,0.43392697
6277,0.43392697
6278,0.43392697
6279,0.43392697
6280,0.43392697
6281,0.43392697
6282,0.43392697
6283,0.43392697
6284,0.43392697
6285,0.43392697
6286,0.43392697
6287,0.43392697
6288,0.43392697
6289,0.43392697
6290,0.43392697
6291,0.43392697
6292,0.43392697
6293,0.43392697
6294,0.43392697
6295,0.43392697
6296,0.43392697
6297,0.43392697
6298,0.43392697
6299,0.43392697
6300,0.43392697
6301,0.43392697
6302,0.43392697
6303,0.43392697
6304,0.43392697
6305,0.43392697
6306,0.43392697
6307,0.43392697
6308,0.43392697
6309,0.43392697
6310,0.43392697
6311,0.43392697
6312,0.43392697
6313,0.43392697
6314,0.43392697
6315,0.43392697
6316,0.43392697
6317,0.43392697
6318,0.43392697
6319,0.43392697
6320,0.43392697
6321,0.43392697
6322,0.43392697
6323,0.43392697
6324,0.43392697
6325,0.43392697
6326,0.43392697
6327,0.43392697
6328,0.43392697
6329,0.43392697
6330,0.43392697
6331,0.43392697
6332,0.43392697
6333,0.43392697
6334,0.43392697
6335,0.43392697
6336,0.43392697
6337,0.43392697
6338,0.43392697
6339,0.43392697
6340,0.43392697
6341,0.43392697
6342,0.43392697
6343,0.43392697
6344,0.43392697
6345,0.43392697
6346,0.43392697
6347,0.43392697
6348,0.43392697
6349,0.43392697
6350,0.43392697
6351,0.43392697
6352,0.43392697
6353,0.43392697
6354,0.43392697
6355,0.43392697
6356,0.43392697
6357,0.43392697
6358,0.43392697
6359,0.43392697
6360,0.43392697
6361,0.43392697
6362,0.43392697
6363,0.43392697
6364,0.43392697
6365,0.43392697
6366,0.43392697
6367,0.43392697
6368,0.43392697
6369,0.43392697
6370,0.43392697
6371,0.43392697
6372,0.43392697
6373,0.43392697
6374,0.43392697
6375,0.43392697
6376,0.43392697
6377,0.43392697
6378,0.43392697
6379,0.43392697
6380,0.43392697
6381,0.43392697
6382,0.43392697
6383,0.43392697
6384,0.43392697
6385,0.43392697
6386,0.43392697
6387,0.43392697
6388,0.43392697
6389,0.43392697
6390,0.43392697
6391,0.43392697
6392,0.43392697
6393,0.43392697
6394,0.43392697
6395,0.43392697
6396,0.43392697
6397,0.43392697
6398,0.43392697
6399,0.43392697
6400,0.43392697
6401,0.43392697
6402,0.43392697
6403,0.43392697
6404,0.43392697
6405,0.43392697
6406,0.43392697
6407,0.43392697
6408,0.43392697
6409,0.43392697
6410,0.43392697
6411,0.43392697
6412,0.43392697
6413,0.43392697
6414,0.43392697
6415,0.43392697
6416,0.43392697
6417,0.43392697
6418,0.43392697
6419,0.43392697
6420,0.43392697
6421,0.43392697
6422,0.43392697
6423,0.43392697
6424,0.43392697
6425,0.43392697
6426,0.43392697
6427,0.43392697
6428,0.43392697
6429,0.43392697
6430,0.43392697
6431,0.43392697
6432,0.43392697
6433,0.43392697
6434,0.43392697
6435,0.43392697
6436,0.43392697
6437,0.43392697
6438,0.43392697
6439,0.43392697
6440,0.43392697
6441,0.43392697
6442,0.43392697
6443,0.43392697
6444,0.43392697
6445,0.43392697
6446,0.43392697
6447,0.43392697
6448,0.43392697
6449,0.43392697
6450,0.43392697
6451,0.43392697
6452,0.43392697
6453,0.43392697
6454,0.43392697
6455,0.43392697
6456,0.43392697
6457,0.43392697
6458,0.43392697
6459,0.43392697
6460,0.43392697
6461,0.43392697
6462,0.43392697
6463,0.43392697
6464,0.43392697
6465,0.43392697
6466,0.43392697
6467,0.43392697
6468,0.43392697
6469,0.43392697
6470,0.43392697
6471,0.43392697
6472,0.43392697
6473,0.43392697
6474,0.43392697
6475,0.43392697
6476,0.43392697
6477,0.43392697
6478,0.43392697
6479,0.43392697
6480,0.43392697
6481,0.43392697
6482,0.43392697
6483,0.43392697
6484,0.43392697
6485,0.43392697
6486,0.43392697
6487,0.43392697
6488,0.43392697
6489,0.43392697
6490,0.43392697
6491,0.43392697
6492,0.43392697
6493,0.43392697
6494,0.43392697
6495,0.43392697
6496,0.43392697
6497,0.43392697
6498,0.43392697
6499,0.43392697
6500,0.43392697
6501,0.43392697
6502,0.43392697
6503,0.43392697
6504,0.43392697
6505,0.43392697
6506,0.43392697
6507,0.43392697
6508,0.43392697
6509,0.43392697
6510,0.43392697
6511,0.43392697
6512,0.43392697
6513,0.43392697
6514,0.43392697
6515,0.43392697
6516,0.43392697
6517,0.43392697
6518,0.43392697
6519,0.43392697
6520,0.43392697
6521,0.43392697
6522,0.43392697
6523,0.43392697
6524,0.43392697
6525,0.43392697
6526,0.43392697
6527,0.43392697
6528,0.43392697
6529,0.43392697
6530,0.43392697
6531,0.43392697
6532,0.43392697
6533,0.43392697
6534,0.43392697
6535,0.43392697
6536,0.43392697
6537,0.43392697
6538,0.43392697
6539,0.43392697
6540,0.43392697
6541,0.43392697
6542,0.43392697
6543,0.43392697
6544,0.43392697
6545,0.43392697
6546,0.43392697
6547,0.43392697
6548,0.43392697
6549,0.43392697
6550,0.43392697
6551,0.43392697
6552,0.43392697
6553,0.43392697
6554,0.43392697
6555,0.43392697
6556,0.43392697
6557,0.43392697
6558,0.43392697
6559,0.43392697
6560,0.43392697
6561,0.43392697
6562,0.43392697
6563,0.43392697
6564,0.43392697
6565,0.43392697
6566,0.43392697
6567,0.43392697
6568,0.43392697
6569,0.43392697
6570,0.43392697
6571,0.43392697
6572,0.43392697
6573,0.43392697
6574,0.43392697
6575,0.43392697
6576,0.43392697
6577,0.43392697
6578,0.43392697
6579,0.43392697
6580,0.43392697
6581,0.43392697
6582,0.43392697
6583,0.43392697
6584,0.43392697
6585,0.43392697
6586,0.43392697
6587,0.43392697
6588,0.43392697
6589,0.43392697
6590,0.43392697
6591,0.43392697
6592,0.43392697
6593,0.43392697
6594,0.43392697
6595,0.43392697
6596,0.43392697
6597,0.43392697
6598,0.43392697
6599,0.43392697
6600,0.43392697
6601,0.43392697
6602,0.43392697
6603,0.43392697
6604,0.43392697
6605,0.43392697
6606,0.43392697
6607,0.43392697
6608,0.43392697
6609,0.43392697
6610,0.43392697
6611,0.43392697
6612,0.43392697
6613,0.43392697
6614,0.43392697
6615,0.43392697
6616,0.43392697
6617,0.43392697
6618,0.43392697
6619,0.43392697
6620,0.43392697
6621,0.43392697
6622,0.43392697
6623,0.43392697
6624,0.43392697
6625,0.43392697
6626,0.43392697
6627,0.43392697
6628,0.43392697
6629,0.43392697
6630,0.43392697
6631,0.43392697
6632,0.43392697
6633,0.43392697
6634,0.43392697
6635,0.43392697
6636,0.43392697
6637,0.43392697
6638,0.43392697
6639,0.43392697
6640,0.43392697
6641,0.43392697
6642,0.43392697
6643,0.43392697
6644,0.43392697
6645,0.43392697
6646,0.43392697
6647,0.43392697
6648,0.43392697
6649,0.43392697
6650,0.43392697
6651,0.43392697
6652,0.43392697
6653,0.43392697
6654,0.43392697
6655,0.43392697
6656,0.43392697
6657,0.43392697
6658,0.43392697
6659,0.43392697
6660,0.43392697
6661,0.43392697
6662,0.43392697
6663,0.43392697
6664,0.43392697
6665,0.43392697
6666,0.43392697
6667,0.43392697
6668,0.43392697
6669,0.43392697
6670,0.43392697
6671,0.43392697
6672,0.43392697
6673,0.43392697
6674,0.43392697
6675,0.43392697
6676,0.43392697
6677,0.43392697
6678,0.43392697
6679,0.43392697
6680,0.43392697
6681,0.43392697
6682,0.43392697
6683,0.43392697
6684,0.43392697
6685,0.43392697
6686,0.43392697
6687,0.43392697
6688,0.43392697
6689,0.43392697
6690,0.43392697
6691,0.43392697
6692,0.43392697
6693,0.43392697
6694,0.43392697
6695,0.43392697
6696,0.43392697
6697,0.43392697
6698,0.43392697
6699,0.43392697
6700,0.43392697
6701,0.43392697
6702,0.43392697
6703,0.43392697
6704,0.43392697
6705,0.43392697
6706,0.43392697
6707,0.43392697
6708,0.43392697
6709,0.43392697
6710,0.43392697
6711,0.43392697
6712,0.43392697
6713,0.43392697
6714,0.43392697
6715,0.43392697
6716,0.43392697
6717,0.43392697
6718,0.43392697
6719,0.43392697
6720,0.43392697
6721,0.43392697
6722,0.43392697
6723,0.43392697
6724,0.43392697
6725,0.43392697
6726,0.43392697
6727,0.43392697
6728,0.43392697
6729,0.43392697
6730,0.43392697
6731,0.43392697
6732,0.43392697
6733,0.43392697
6734,0.43392697
6735,0.43392697
6736,0.43392697
6737,0.43392697
6738,0.43392697
6739,0.43392697
6740,0.43392697
6741,0.43392697
6742,0.43392697
6743,0.43392697
6744,0.43392697
6745,0.43392697
6746,0.43392697
6747,0.43392697
6748,0.43392697
6749,0.43392697
6750,0.43392697
6751,0.43392697
6752,0.43392697
6753,0.43392697
6754,0.43392697
6755,0.43392697
6756,0.43392697
6757,0.43392697
6758,0.43392697
6759,0.43392697
6760,0.43392697
6761,0.43392697
6762,0.43392697
6763,0.43392697
6764,0.43392697
6765,0.43392697
6766,0.43392697
6767,0.43392697
6768,0.43392697
6769,0.43392697
6770,0.43392697
6771,0.43392697
6772,0.43392697
6773,0.43392697
6774,0.43392697
6775,0.43392697
6776,0.43392697
6777,0.43392697
6778,0.43392697
6779,0.43392697
6780,0.43392697
6781,0.43392697
6782,0.43392697
6783,0.43392697
6784,0.43392697
6785,0.43392697
6786,0.43392697
6787,0.43392697
6788,0.43392697
6789,0.43392697
6790,0.43392697
6791,0.43392697
6792,0.43392697
6793,0.43392697
6794,0.43392697
6795,0.43392697
6796,0.43392697
6797,0.43392697
6798,0.43392697
6799,0.43392697
6800,0.43392697
6801,0.43392697
6802,0.43392697
6803,0.43392697
6804,0.43392697
6805,0.43392697
6806,0.43392697
6807,0.43392697
6808,0.43392697
6809,0.43392697
6810,0.43392697
6811,0.43392697
6812,0.43392697
6813,0.43392697
6814,0.43392697
6815,0.43392697
6816,0.43392697
6817,0.43392697
6818,0.43392697
6819,0.43392697
6820,0.43392697
6821,0.43392697
6822,0.43392697
6823,0.43392697
6824,0.43392697
6825,0.43392697
6826,0.43392697
6827,0.43392697
6828,0.43392697
6829,0.43392697
6830,0.43392697
6831,0.43392697
6832,0.43392697
6833,0.43392697
6834,0.43392697
6835,0.43392697
6836,0.43392697
6837,0.43392697
6838,0.43392697
6839,0.43392697
6840,0.43392697
6841,0.43392697
6842,0.43392697
6843,0.43392697
6844,0.43392697
6845,0.43392697
6846,0.43392697
6847,0.43392697
6848,0.43392697
6849,0.43392697
6850,0.43392697
6851,0.43392697
6852,0.43392697
6853,0.43392697
6854,0.43392697
6855,0.43392697
6856,0.43392697
6857,0.43392697
6858,0.43392697
6859,0.43392697
6860,0.43392697
6861,0.43392697
6862,0.43392697
6863,0.43392697
6864,0.43392697
6865,0.43392697
6866,0.43392697
6867,0.43392697
6868,0.43392697
6869,0.43392697
6870,0.43392697
6871,0.43392697
6872,0.43392697
6873,0.43392697
6874,0.43392697
6875,0.43392697
6876,0.43392697
6877,0.43392697
6878,0.43392697
6879,0.43392697
6880,0.43392697
6881,0.43392697
6882,0.43392697
6883,0.43392697
6884,0.43392697
6885,0.43392697
6886,0.43392697
6887,0.43392697
6888,0.43392697
6889,0.43392697
6890,0.43392697
6891,0.43392697
6892,0.43392697
6893,0.43392697
6894,0.43392697
6895,0.43392697
6896,0.43392697
6897,0.43392697
6898,0.43392697
6899,0.43392697
6900,0.43392697
6901,0.43392697
6902,0.43392697
6903,0.43392697
6904,0.43392697
6905,0.43392697
6906,0.43392697
6907,0.43392697
6908,0.43392697
6909,0.43392697
6910,0.43392697
6911,0.43392697
6912,0.43392697
6913,0.43392697
6914,0.43392697
6915,0.43392697
6916,0.43392697
6917,0.43392697
6918,0.43392697
6919,0.43392697
6920,0.43392697
6921,0.43392697
6922,0.43392697
6923,0.43392697
6924,0.43392697
6925,0.43392697
6926,0.43392697
6927,0.43392697
6928,0.43392697
6929,0.43392697
6930,0.43392697
6931,0.43392697
6932,0.43392697
6933,0.43392697
6934,0.43392697
6935,0.43392697
6936,0.43392697
6937,0.43392697
6938,0.43392697
6939,0.43392697
6940,0.43392697
6941,0.43392697
6942,0.43392697
6943,0.43392697
6944,0.43392697
6945,0.43392697
6946,0.43392697
6947,0.43392697
6948,0.43392697
6949,0.43392697
6950,0.43392697
6951,0.43392697
6952,0.43392697
6953,0.43392697
6954,0.43392697
6955,0.43392697
6956,0.43392697
6957,0.43392697
6958,0.43392697
6959,0.43392697
6960,0.43392697
6961,0.43392697
6962,0.43392697
6963,0.43392697
6964,0.43392697
6965,0.43392697
6966,0.43392697
6967,0.43392697
6968,0.43392697
6969,0.43392697
6970,0.43392697
6971,0.43392697
6972,0.43392697
6973,0.43392697
6974,0.43392697
6975,0.43392697
6976,0.43392697
6977,0.43392697
6978,0.43392697
6979,0.43392697
6980,0.43392697
6981,0.43392697
6982,0.43392697
6983,0.43392697
6984,0.43392697
6985,0.43392697
6986,0.43392697
6987,0.43392697
6988,0.43392697
6989,0.43392697
6990,0.43392697
6991,0.43392697
6992,0.43392697
6993,0.43392697
6994,0.43392697
6995,0.43392697
6996,0.43392697
6997,0.43392697
6998,0.43392697
6999,0.43392697
7000,0.43392697
7001,0.43392697
7002,0.43392697
7003,0.43392697
7004,0.43392697
7005,0.43392697
7006,0.43392697
7007,0.43392697
7008,0.43392697
7009,0.43392697
7010,0.43392697
7011,0.43392697
7012,0.43392697
7013,0.43392697
7014,0.43392697
7015,0.43392697
7016,0.43392697
7017,0.43392697
7018,0.43392697
7019,0.43392697
7020,0.43392697
7021,0.43392697
7022,0.43392697
7023,0.43392697
7024,0.43392697
7025,0.43392697
7026,0.43392697
7027,0.43392697
7028,0.43392697
7029,0.43392697
7030,0.43392697
7031,0.43392697
7032,0.43392697
7033,0.43392697
7034,0.43392697
7035,0.43392697
7036,0.43392697
7037,0.43392697
7038,0.43392697
7039,0.43392697
7040,0.43392697
7041,0.43392697
7042,0.43392697
7043,0.43392697
7044,0.43392697
7045,0.43392697
7046,0.43392697
7047,0.43392697
7048,0.43392697
7049,0.43392697
7050,0.43392697
7051,0.43392697
7052,0.43392697
7053,0.43392697
7054,0.43392697
7055,0.43392697
7056,0.43392697
7057,0.43392697
7058,0.43392697
7059,0.43392697
7060,0.43392697
7061,0.43392697
7062,0.43392697
7063,0.43392697
7064,0.43392697
7065,0.43392697
7066,0.43392697
7067,0.43392697
7068,0.43392697
7069,0.43392697
7070,0.43392697
7071,0.43392697
7072,0.43392697
7073,0.43392697
7074,0.43392697
7075,0.43392697
7076,0.43392697
7077,0.43392697
7078,0.43392697
7079,0.43392697
7080,0.43392697
7081,0.43392697
7082,0.43392697
7083,0.43392697
7084,0.43392697
7085,0.43392697
7086,0.43392697
7087,0.43392697
7088,0.43392697
7089,0.43392697
7090,0.43392697
7091,0.43392697
7092,0.43392697
7093,0.43392697
7094,0.43392697
7095,0.43392697
7096,0.43392697
7097,0.43392697
7098,0.43392697
7099,0.43392697
7100,0.43392697
7101,0.43392697
7102,0.43392697
7103,0.43392697
7104,0.43392697
7105,0.43392697
7106,0.43392697
7107,0.43392697
7108,0.43392697
7109,0.43392697
7110,0.43392697
7111,0.43392697
7112,0.43392697
7113,0.43392697
7114,0.43392697
7115,0.43392697
7116,0.43392697
7117,0.43392697
7118,0.43392697
7119,0.43392697
7120,0.43392697
7121,0.43392697
7122,0.43392697
7123,0.43392697
7124,0.43392697
7125,0.43392697
7126,0.43392697
7127,0.43392697
7128,0.43392697
7129,0.43392697
7130,0.43392697
7131,0.43392697
7132,0.43392697
7133,0.43392697
7134,0.43392697
7135,0.43392697
7136,0.43392697
7137,0.43392697
7138,0.43392697
7139,0.43392697
7140,0.43392697
7141,0.43392697
7142,0.43392697
7143,0.43392697
7144,0.43392697
7145,0.43392697
7146,0.43392697
7147,0.43392697
7148,0.43392697
7149,0.43392697
7150,0.43392697
7151,0.43392697
7152,0.43392697
7153,0.43392697
7154,0.43392697
7155,0.43392697
7156,0.43392697
7157,0.43392697
7158,0.43392697
7159,0.43392697
7160,0.43392697
7161,0.43392697
7162,0.43392697
7163,0.43392697
7164,0.43392697
7165,0.43392697
7166,0.43392697
7167,0.43392697
7168,0.43392697
7169,0.43392697
7170,0.43392697
7171,0.43392697
7172,0.43392697
7173,0.43392697
7174,0.43392697
7175,0.43392697
7176,0.43392697
7177,0.43392697
7178,0.43392697
7179,0.43392697
7180,0.43392697
7181,0.43392697
7182,0.43392697
7183,0.43392697
7184,0.43392697
7185,0.43392697
7186,0.43392697
7187,0.43392697
7188,0.43392697
7189,0.43392697
7190,0.43392697
7191,0.43392697
7192,0.43392697
7193,0.43392697
7194,0.43392697
7195,0.43392697
7196,0.43392697
7197,0.43392697
7198,0.43392697
7199,0.43392697
7200,0.43392697
7201,0.43392697
7202,0.43392697
7203,0.43392697
7204,0.43392697
7205,0.43392697
7206,0.43392697
7207,0.43392697
7208,0.43392697
7209,0.43392697
7210,0.43392697
7211,0.43392697
7212,0.43392697
7213,0.43392697
7214,0.43392697
7215,0.43392697
7216,0.43392697
7217,0.43392697
7218,0.43392697
7219,0.43392697
7220,0.43392697
7221,0.43392697
7222,0.43392697
7223,0.43392697
7224,0.43392697
7225,0.43392697
7226,0.43392697
7227,0.43392697
7228,0.43392697
7229,0.43392697
7230,0.43392697
7231,0.43392697
7232,0.43392697
7233,0.43392697
7234,0.43392697
7235,0.43392697
7236,0.43392697
7237,0.43392697
7238,0.43392697
7239,0.43392697
7240,0.43392697
7241,0.43392697
7242,0.43392697
7243,0.43392697
7244,0.43392697
7245,0.43392697
7246,0.43392697
7247,0.43392697
7248,0.43392697
7249,0.43392697
7250,0.43392697
7251,0.43392697
7252,0.43392697
7253,0.43392697
7254,0.43392697
7255,0.43392697
7256,0.43392697
7257,0.43392697
7258,0.43392697
7259,0.43392697
7260,0.43392697
7261,0.43392697
7262,0.43392697
7263,0.43392697
7264,0.43392697
7265,0.43392697
7266,0.43392697
7267,0.43392697
7268,0.43392697
7269,0.43392697
7270,0.43392697
7271,0.43392697
7272,0.43392697
7273,0.43392697
7274,0.43392697
7275,0.43392697
7276,0.43392697
7277,0.43392697
7278,0.43392697
7279,0.43392697
7280,0.43392697
7281,0.43392697
7282,0.43392697
7283,0.43392697
7284,0.43392697
7285,0.43392697
7286,0.43392697
7287,0.43392697
7288,0.43392697
7289,0.43392697
7290,0.43392697
7291,0.43392697
7292,0.43392697
7293,0.43392697
7294,0.43392697
7295,0.43392697
7296,0.43392697
7297,0.43392697
7298,0.43392697
7299,0.43392697
7300,0.43392697
7301,0.43392697
7302,0.43392697
7303,0.43392697
7304,0.43392697
7305,0.43392697
7306,0.43392697
7307,0.43392697
7308,0.43392697
7309,0.43392697
7310,0.43392697
7311,0.43392697
7312,0.43392697
7313,0.43392697
7314,0.43392697
7315,0.43392697
7316,0.43392697
7317,0.43392697
7318,0.43392697
7319,0.43392697
7320,0.43392697
7321,0.43392697
7322,0.43392697
7323,0.43392697
7324,0.43392697
7325,0.43392697
7326,0.43392697
7327,0.43392697
7328,0.43392697
7329,0.43392697
7330,0.43392697
7331,0.43392697
7332,0.43392697
7333,0.43392697
7334,0.43392697
7335,0.43392697
7336,0.43392697
7337,0.43392697
7338,0.43392697
7339,0.43392697
7340,0.43392697
7341,0.43392697
7342,0.43392697
7343,0.43392697
7344,0.43392697
7345,0.43392697
7346,0.43392697
7347,0.43392697
7348,0.43392697
7349,0.43392697
7350,0.43392697
7351,0.43392697
7352,0.43392697
7353,0.43392697
7354,0.43392697
7355,0.43392697
7356,0.43392697
7357,0.43392697
7358,0.43392697
7359,0.43392697
7360,0.43392697
7361,0.43392697
7362,0.43392697
7363,0.43392697
7364,0.43392697
7365,0.43392697
7366,0.43392697
7367,0.43392697
7368,0.43392697
7369,0.43392697
7370,0.43392697
7371,0.43392697
7372,0.43392697
7373,0.43392697
7374,0.43392697
7375,0.43392697
7376,0.43392697
7377,0.43392697
7378,0.43392697
7379,0.43392697
7380,0.43392697
7381,0.43392697
7382,0.43392697
7383,0.43392697
7384,0.43392697
7385,0.43392697
7386,0.43392697
7387,0.43392697
7388,0.43392697
7389,0.43392697
7390,0.43392697
7391,0.43392697
7392,0.43392697
7393,0.43392697
7394,0.43392697
7395,0.43392697
7396,0.43392697
7397,0.43392697
7398,0.43392697
7399,0.43392697
7400,0.43392697
7401,0.43392697
7402,0.43392697
7403,0.43392697
7404,0.43392697
7405,0.43392697
7406,0.43392697
7407,0.43392697
7408,0.43392697
7409,0.43392697
7410,0.43392697
7411,0.43392697
7412,0.43392697
7413,0.43392697
7414,0.43392697
7415,0.43392697
7416,0.43392697
7417,0.43392697
7418,0.43392697
7419,0.43392697
7420,0.43392697
7421,0.43392697
7422,0.43392697
7423,0.43392697
7424,0.43392697
7425,0.43392697
7426,0.43392697
7427,0.43392697
7428,0.43392697
7429,0.43392697
7430,0.43392697
7431,0.43392697
7432,0.43392697
7433,0.43392697
7434,0.43392697
7435,0.43392697
7436,0.43392697
7437,0.43392697
7438,0.43392697
7439,0.43392697
7440,0.43392697
7441,0.43392697
7442,0.43392697
7443,0.43392697
7444,0.43392697
7445,0.43392697
7446,0.43392697
7447,0.43392697
7448,0.43392697
7449,0.43392697
7450,0.43392697
7451,0.43392697
7452,0.43392697
7453,0.43392697
7454,0.43392697
7455,0.43392697
7456,0.43392697
7457,0.43392697
7458,0.43392697
7459,0.43392697
7460,0.43392697
7461,0.43392697
7462,0.43392697
7463,0.43392697
7464,0.43392697
7465,0.43392697
7466,0.43392697
7467,0.43392697
7468,0.43392697
7469,0.43392697
7470,0.43392697
7471,0.43392697
7472,0.43392697
7473,0.43392697
7474,0.43392697
7475,0.43392697
7476,0.43392697
7477,0.43392697
7478,0.43392697
7479,0.43392697
7480,0.43392697
7481,0.43392697
7482,0.43392697
7483,0.43392697
7484,0.43392697
7485,0.43392697
7486,0.43392697
7487,0.43392697
7488,0.43392697
7489,0.43392697
7490,0.43392697
7491,0.43392697
7492,0.43392697
7493,0.43392697
7494,0.43392697
7495,0.43392697
7496,0.43392697
7497,0.43392697
7498,0.43392697
7499,0.43392697
7500,0.43392697
7501,0.43392697
7502,0.43392697
7503,0.43392697
7504,0.43392697
7505,0.43392697
7506,0.43392697
7507,0.43392697
7508,0.43392697
7509,0.43392697
7510,0.43392697
7511,0.43392697
7512,0.43392697
7513,0.43392697
7514,0.43392697
7515,0.43392697
7516,0.43392697
7517,0.43392697
7518,0.43392697
7519,0.43392697
7520,0.43392697
7521,0.43392697
7522,0.43392697
7523,0.43392697
7524,0.43392697
7525,0.43392697
7526,0.43392697
7527,0.43392697
7528,0.43392697
7529,0.43392697
7530,0.43392697
7531,0.43392697
7532,0.43392697
7533,0.43392697
7534,0.43392697
7535,0.43392697
7536,0.43392697
7537,0.43392697
7538,0.43392697
7539,0.43392697
7540,0.43392697
7541,0.43392697
7542,0.43392697
7543,0.43392697
7544,0.43392697
7545,0.43392697
7546,0.43392697
7547,0.43392697
7548,0.43392697
7549,0.43392697
7550,0.43392697
7551,0.43392697
7552,0.43392697
7553,0.43392697
7554,0.43392697
7555,0.43392697
7556,0.43392697
7557,0.43392697
7558,0.43392697
7559,0.43392697
7560,0.43392697
7561,0.43392697
7562,0.43392697
7563,0.43392697
7564,0.43392697
7565,0.43392697
7566,0.43392697
7567,0.43392697
7568,0.43392697
7569,0.43392697
7570,0.43392697
7571,0.43392697
7572,0.43392697
7573,0.43392697
7574,0.43392697
7575,0.43392697
7576,0.43392697
7577,0.43392697
7578,0.43392697
7579,0.43392697
7580,0.43392697
7581,0.43392697
7582,0.43392697
7583,0.43392697
7584,0.43392697
7585,0.43392697
7586,0.43392697
7587,0.43392697
7588,0.43392697
7589,0.43392697
7590,0.43392697
7591,0.43392697
7592,0.43392697
7593,0.43392697
7594,0.43392697
7595,0.43392697
7596,0.43392697
7597,0.43392697
7598,0.43392697
7599,0.43392697
7600,0.43392697
7601,0.43392697
7602,0.43392697
7603,0.43392697
7604,0.43392697
7605,0.43392697
7606,0.43392697
7607,0.43392697
7608,0.43392697
7609,0.43392697
7610,0.43392697
7611,0.43392697
7612,0.43392697
7613,0.43392697
7614,0.43392697
7615,0.43392697
7616,0.43392697
7617,0.43392697
7618,0.43392697
7619,0.43392697
7620,0.43392697
7621,0.43392697
7622,0.43392697
7623,0.43392697
7624,0.43392697
7625,0.43392697
7626,0.43392697
7627,0.43392697
7628,0.43392697
7629,0.43392697
7630,0.43392697
7631,0.43392697
7632,0.43392697
7633,0.43392697
7634,0.43392697
7635,0.43392697
7636,0.43392697
7637,0.43392697
7638,0.43392697
7639,0.43392697
7640,0.43392697
7641,0.43392697
7642,0.43392697
7643,0.43392697
7644,0.43392697
7645,0.43392697
7646,0.43392697
7647,0.43392697
7648,0.43392697
7649,0.43392697
7650,0.43392697
7651,0.43392697
7652,0.43392697
7653,0.43392697
7654,0.43392697
7655,0.43392697
7656,0.43392697
7657,0.43392697
7658,0.43392697
7659,0.43392697
7660,0.43392697
7661,0.43392697
7662,0.43392697
7663,0.43392697
7664,0.43392697
7665,0.43392697
7666,0.43392697
7667,0.43392697
7668,0.43392697
7669,0.43392697
7670,0.43392697
7671,0.43392697
7672,0.43392697
7673,0.43392697
7674,0.43392697
7675,0.43392697
7676,0.43392697
7677,0.43392697
7678,0.43392697
7679,0.43392697
7680,0.43392697
7681,0.43392697
7682,0.43392697
7683,0.43392697
7684,0.43392697
7685,0.43392697
7686,0.43392697
7687,0.43392697
7688,0.43392697
7689,0.43392697
7690,0.43392697
7691,0.43392697
7692,0.43392697
7693,0.43392697
7694,0.43392697
7695,0.43392697
7696,0.43392697
7697,0.43392697
7698,0.43392697
7699,0.43392697
7700,0.43392697
7701,0.43392697
7702,0.43392697
7703,0.43392697
7704,0.43392697
7705,0.43392697
7706,0.43392697
7707,0.43392697
7708,0.43392697
7709,0.43392697
7710,0.43392697
7711,0.43392697
7712,0.43392697
7713,0.43392697
7714,0.43392697
7715,0.43392697
7716,0.43392697
7717,0.43392697
7718,0.43392697
7719,0.43392697
7720,0.43392697
7721,0.43392697
7722,0.43392697
7723,0.43392697
7724,0.43392697
7725,0.43392697
7726,0.43392697
7727,0.43392697
7728,0.43392697
7729,0.43392697
7730,0.43392697
7731,0.43392697
7732,0.43392697
7733,0.43392697
7734,0.43392697
7735,0.43392697
7736,0.43392697
7737,0.43392697
7738,0.43392697
7739,0.43392697
7740,0.43392697
7741,0.43392697
7742,0.43392697
7743,0.43392697
7744,0.43392697
7745,0.43392697
7746,0.43392697
7747,0.43392697
7748,0.43392697
7749,0.43392697
7750,0.43392697
7751,0.43392697
7752,0.43392697
7753,0.43392697
7754,0.43392697
7755,0.43392697
7756,0.43392697
7757,0.43392697
7758,0.43392697
7759,0.43392697
7760,0.43392697
7761,0.43392697
7762,0.43392697
7763,0.43392697
7764,0.43392697
7765,0.43392697
7766,0.43392697
7767,0.43392697
7768,0.43392697
7769,0.43392697
7770,0.43392697
7771,0.43392697
7772,0.43392697
7773,0.43392697
7774,0.43392697
7775,0.43392697
7776,0.43392697
7777,0.43392697
7778,0.43392697
7779,0.43392697
7780,0.43392697
7781,0.43392697
7782,0.43392697
7783,0.43392697
7784,0.43392697
7785,0.43392697
7786,0.43392697
7787,0.43392697
7788,0.43392697
7789,0.43392697
7790,0.43392697
7791,0.43392697
7792,0.43392697
7793,0.43392697
7794,0.43392697
7795,0.43392697
7796,0.43392697
7797,0.43392697
7798,0.43392697
7799,0.43392697
7800,0.43392697
7801,0.43392697
7802,0.43392697
7803,0.43392697
7804,0.43392697
7805,0.43392697
7806,0.43392697
7807,0.43392697
7808,0.43392697
7809,0.43392697
7810,0.43392697
7811,0.43392697
7812,0.43392697
7813,0.43392697
7814,0.43392697
7815,0.43392697
7816,0.43392697
7817,0.43392697
7818,0.43392697
7819,0.43392697
7820,0.43392697
7821,0.43392697
7822,0.43392697
7823,0.43392697
7824,0.43392697
7825,0.43392697
7826,0.43392697
7827,0.43392697
7828,0.43392697
7829,0.43392697
7830,0.43392697
7831,0.43392697
7832,0.43392697
7833,0.43392697
7834,0.43392697
7835,0.43392697
7836,0.43392697
7837,0.43392697
7838,0.43392697
7839,0.43392697
7840,0.43392697
7841,0.43392697
7842,0.43392697
7843,0.43392697
7844,0.43392697
7845,0.43392697
7846,0.43392697
7847,0.43392697
7848,0.43392697
7849,0.43392697
7850,0.43392697
7851,0.43392697
7852,0.43392697
7853,0.43392697
7854,0.43392697
7855,0.43392697
7856,0.43392697
7857,0.43392697
7858,0.43392697
7859,0.43392697
7860,0.43392697
7861,0.43392697
7862,0.43392697
7863,0.43392697
7864,0.43392697
7865,0.43392697
7866,0.43392697
7867,0.43392697
7868,0.43392697
7869,0.43392697
7870,0.43392697
7871,0.43392697
7872,0.43392697
7873,0.43392697
7874,0.43392697
7875,0.43392697
7876,0.43392697
7877,0.43392697
7878,0.43392697
7879,0.43392697
7880,0.43392697
7881,0.43392697
7882,0.43392697
7883,0.43392697
7884,0.43392697
7885,0.43392697
7886,0.43392697
7887,0.43392697
7888,0.43392697
7889,0.43392697
7890,0.43392697
7891,0.43392697
7892,0.43392697
7893,0.43392697
7894,0.43392697
7895,0.43392697
7896,0.43392697
7897,0.43392697
7898,0.43392697
7899,0.43392697
7900,0.43392697
7901,0.43392697
7902,0.43392697
7903,0.43392697
7904,0.43392697
7905,0.43392697
7906,0.43392697
7907,0.43392697
7908,0.43392697
7909,0.43392697
7910,0.43392697
7911,0.43392697
7912,0.43392697
7913,0.43392697
7914,0.43392697
7915,0.43392697
7916,0.43392697
7917,0.43392697
7918,0.43392697
7919,0.43392697
7920,0.43392697
7921,0.43392697
7922,0.43392697
7923,0.43392697
7924,0.43392697
7925,0.43392697
7926,0.43392697
7927,0.43392697
7928,0.43392697
7929,0.43392697
7930,0.43392697
7931,0.43392697
7932,0.43392697
7933,0.43392697
7934,0.43392697
7935,0.43392697
7936,0.43392697
7937,0.43392697
7938,0.43392697
7939,0.43392697
7940,0.43392697
7941,0.43392697
7942,0.43392697
7943,0.43392697
7944,0.43392697
7945,0.43392697
7946,0.43392697
7947,0.43392697
7948,0.43392697
7949,0.43392697
7950,0.43392697
7951,0.43392697
7952,0.43392697
7953,0.43392697
7954,0.43392697
7955,0.43392697
7956,0.43392697
7957,0.43392697
7958,0.43392697
7959,0.43392697
7960,0.43392697
7961,0.43392697
7962,0.43392697
7963,0.43392697
7964,0.43392697
7965,0.43392697
7966,0.43392697
7967,0.43392697
7968,0.43392697
7969,0.43392697
7970,0.43392697
7971,0.43392697
7972,0.43392697
7973,0.43392697
7974,0.43392697
7975,0.43392697
7976,0.43392697
7977,0.43392697
7978,0.43392697
7979,0.43392697
7980,0.43392697
7981,0.43392697
7982,0.43392697
7983,0.43392697
7984,0.43392697
7985,0.43392697
7986,0.43392697
7987,0.43392697
7988,0.43392697
7989,0.43392697
7990,0.43392697
7991,0.43392697
7992,0.43392697
7993,0.43392697
7994,0.43392697
7995,0.43392697
7996,0.43392697
7997,0.43392697
7998,0.43392697
7999,0.43392697
8000,0.43392697
8001,0.43392697
8002,0.43392697
8003,0.43392697
8004,0.43392697
8005,0.43392697
8006,0.43392697
8007,0.43392697
8008,0.43392697
8009,0.43392697
8010,0.43392697
8011,0.43392697
8012,0.43392697
8013,0.43392697
8014,0.43392697
8015,0.43392697
8016,0.43392697
8017,0.43392697
8018,0.43392697
8019,0.43392697
8020,0.43392697
8021,0.43392697
8022,0.43392697
8023,0.43392697
8024,0.43392697
8025,0.43392697
8026,0.43392697
8027,0.43392697
8028,0.43392697
8029,0.43392697
8030,0.43392697
8031,0.43392697
8032,0.43392697
8033,0.43392697
8034,0.43392697
8035,0.43392697
8036,0.43392697
8037,0.43392697
8038,0.43392697
8039,0.43392697
8040,0.43392697
8041,0.43392697
8042,0.43392697
8043,0.43392697
8044,0.43392697
8045,0.43392697
8046,0.43392697
8047,0.43392697
8048,0.43392697
8049,0.43392697
8050,0.43392697
8051,0.43392697
8052,0.43392697
8053,0.43392697
8054,0.43392697
8055,0.43392697
8056,0.43392697
8057,0.43392697
8058,0.43392697
8059,0.43392697
8060,0.43392697
8061,0.43392697
8062,0.43392697
8063,0.43392697
8064,0.43392697
8065,0.43392697
8066,0.43392697
8067,0.43392697
8068,0.43392697
8069,0.43392697
8070,0.43392697
8071,0.43392697
8072,0.43392697
8073,0.43392697
8074,0.43392697
8075,0.43392697
8076,0.43392697
8077,0.43392697
8078,0.43392697
8079,0.43392697
8080,0.43392697
8081,0.43392697
8082,0.43392697
8083,0.43392697
8084,0.43392697
8085,0.43392697
8086,0.43392697
8087,0.43392697
8088,0.43392697
8089,0.43392697
8090,0.43392697
8091,0.43392697
8092,0.43392697
8093,0.43392697
8094,0.43392697
8095,0.43392697
8096,0.43392697
8097,0.43392697
8098,0.43392697
8099,0.43392697
8100,0.43392697
8101,0.43392697
8102,0.43392697
8103,0.43392697
8104,0.43392697
8105,0.43392697
8106,0.43392697
8107,0.43392697
8108,0.43392697
8109,0.43392697
8110,0.43392697
8111,0.43392697
8112,0.43392697
8113,0.43392697
8114,0.43392697
8115,0.43392697
8116,0.43392697
8117,0.43392697
8118,0.43392697
8119,0.43392697
8120,0.43392697
8121,0.43392697
8122,0.43392697
8123,0.43392697
8124,0.43392697
8125,0.43392697
8126,0.43392697
8127,0.43392697
8128,0.43392697
8129,0.43392697
8130,0.43392697
8131,0.43392697
8132,0.43392697
8133,0.43392697
8134,0.43392697
8135,0.43392697
8136,0.43392697
8137,0.43392697
8138,0.43392697
8139,0.43392697
8140,0.43392697
8141,0.43392697
8142,0.43392697
8143,0.43392697
8144,0.43392697
8145,0.43392697
8146,0.43392697
8147,0.43392697
8148,0.43392697
8149,0.43392697
8150,0.43392697
8151,0.43392697
8152,0.43392697
8153,0.43392697
8154,0.43392697
8155,0.43392697
8156,0.43392697
8157,0.43392697
8158,0.43392697
8159,0.43392697
8160,0.43392697
8161,0.43392697
8162,0.43392697
8163,0.43392697
8164,0.43392697
8165,0.43392697
8166,0.43392697
8167,0.43392697
8168,0.43392697
8169,0.43392697
8170,0.43392697
8171,0.43392697
8172,0.43392697
8173,0.43392697
8174,0.43392697
8175,0.43392697
8176,0.43392697
8177,0.43392697
8178,0.43392697
8179,0.43392697
8180,0.43392697
8181,0.43392697
8182,0.43392697
8183,0.43392697
8184,0.43392697
8185,0.43392697
8186,0.43392697
8187,0.43392697
8188,0.43392697
8189,0.43392697
8190,0.43392697
8191,0.43392697
8192,0.43392697
8193,0.43392697
8194,0.43392697
8195,0.43392697
8196,0.43392697
8197,0.43392697
8198,0.43392697
8199,0.43392697
8200,0.43392697
8201,0.43392697
8202,0.43392697
8203,0.43392697
8204,0.43392697
8205,0.43392697
8206,0.43392697
8207,0.43392697
8208,0.43392697
8209,0.43392697
8210,0.43392697
8211,0.43392697
8212,0.43392697
8213,0.43392697
8214,0.43392697
8215,0.43392697
8216,0.43392697
8217,0.43392697
8218,0.43392697
8219,0.43392697
8220,0.43392697
8221,0.43392697
8222,0.43392697
8223,0.43392697
8224,0.43392697
8225,0.43392697
8226,0.43392697
8227,0.43392697
8228,0.43392697
8229,0.43392697
8230,0.43392697
8231,0.43392697
8232,0.43392697
8233,0.43392697
8234,0.43392697
8235,0.43392697
8236,0.43392697
8237,0.43392697
8238,0.43392697
8239,0.43392697
8240,0.43392697
8241,0.43392697
8242,0.43392697
8243,0.43392697
8244,0.43392697
8245,0.43392697
8246,0.43392697
8247,0.43392697
8248,0.43392697
8249,0.43392697
8250,0.43392697
8251,0.43392697
8252,0.43392697
8253,0.43392697
8254,0.43392697
8255,0.43392697
8256,0.43392697
8257,0.43392697
8258,0.43392697
8259,0.43392697
8260,0.43392697
8261,0.43392697
8262,0.43392697
8263,0.43392697
8264,0.43392697
8265,0.43392697
8266,0.43392697
8267,0.43392697
8268,0.43392697
8269,0.43392697
8270,0.43392697
8271,0.43392697
8272,0.43392697
8273,0.43392697
8274,0.43392697
8275,0.43392697
8276,0.43392697
8277,0.43392697
8278,0.43392697
8279,0.43392697
8280,0.43392697
8281,0.43392697
8282,0.43392697
8283,0.43392697
8284,0.43392697
8285,0.43392697
8286,0.43392697
8287,0.43392697
8288,0.43392697
8289,0.43392697
8290,0.43392697
8291,0.43392697
8292,0.43392697
8293,0.43392697
8294,0.43392697
8295,0.43392697
8296,0.43392697
8297,0.43392697
8298,0.43392697
8299,0.43392697
8300,0.43392697
8301,0.43392697
8302,0.43392697
8303,0.43392697
8304,0.43392697
8305,0.43392697
8306,0.43392697
8307,0.43392697
8308,0.43392697
8309,0.43392697
8310,0.43392697
8311,0.43392697
8312,0.43392697
8313,0.43392697
8314,0.43392697
8315,0.43392697
8316,0.43392697
8317,0.43392697
8318,0.43392697
8319,0.43392697
8320,0.43392697
8321,0.43392697
8322,0.43392697
8323,0.43392697
8324,0.43392697
8325,0.43392697
8326,0.43392697
8327,0.43392697
8328,0.43392697
8329,0.43392697
8330,0.43392697
8331,0.43392697
8332,0.43392697
8333,0.43392697
8334,0.43392697
8335,0.43392697
8336,0.43392697
8337,0.43392697
8338,0.43392697
8339,0.43392697
8340,0.43392697
8341,0.43392697
8342,0.43392697
8343,0.43392697
8344,0.43392697
8345,0.43392697
8346,0.43392697
8347,0.43392697
8348,0.43392697
8349,0.43392697
8350,0.43392697
8351,0.43392697
8352,0.43392697
8353,0.43392697
8354,0.43392697
8355,0.43392697
8356,0.43392697
8357,0.43392697
8358,0.43392697
8359,0.43392697
8360,0.43392697
8361,0.43392697
8362,0.43392697
8363,0.43392697
8364,0.43392697
8365,0.43392697
8366,0.43392697
8367,0.43392697
8368,0.43392697
8369,0.43392697
8370,0.43392697
8371,0.43392697
8372,0.43392697
8373,0.43392697
8374,0.43392697
8375,0.43392697
8376,0.43392697
8377,0.43392697
8378,0.43392697
8379,0.43392697
8380,0.43392697
8381,0.43392697
8382,0.43392697
8383,0.43392697
8384,0.43392697
8385,0.43392697
8386,0.43392697
8387,0.43392697
8388,0.43392697
8389,0.43392697
8390,0.43392697
8391,0.43392697
8392,0.43392697
8393,0.43392697
8394,0.43392697
8395,0.43392697
8396,0.43392697
8397,0.43392697
8398,0.43392697
8399,0.43392697
8400,0.43392697
8401,0.43392697
8402,0.43392697
8403,0.43392697
8404,0.43392697
8405,0.43392697
8406,0.43392697
8407,0.43392697
8408,0.43392697
8409,0.43392697
8410,0.43392697
8411,0.43392697
8412,0.43392697
8413,0.43392697
8414,0.43392697
8415,0.43392697
8416,0.43392697
8417,0.43392697
8418,0.43392697
8419,0.43392697
8420,0.43392697
8421,0.43392697
8422,0.43392697
8423,0.43392697
8424,0.43392697
8425,0.43392697
8426,0.43392697
8427,0.43392697
8428,0.43392697
8429,0.43392697
8430,0.43392697
8431,0.43392697
8432,0.43392697
8433,0.43392697
8434,0.43392697
8435,0.43392697
8436,0.43392697
8437,0.43392697
8438,0.43392697
8439,0.43392697
8440,0.43392697
8441,0.43392697
8442,0.43392697
8443,0.43392697
8444,0.43392697
8445,0.43392697
8446,0.43392697
8447,0.43392697
8448,0.43392697
8449,0.43392697
8450,0.43392697
8451,0.43392697
8452,0.43392697
8453,0.43392697
8454,0.43392697
8455,0.43392697
8456,0.43392697
8457,0.43392697
8458,0.43392697
8459,0.43392697
8460,0.43392697
8461,0.43392697
8462,0.43392697
8463,0.43392697
8464,0.43392697
8465,0.43392697
8466,0.43392697
8467,0.43392697
8468,0.43392697
8469,0.43392697
8470,0.43392697
8471,0.43392697
8472,0.43392697
8473,0.43392697
8474,0.43392697
8475,0.43392697
8476,0.43392697
8477,0.43392697
8478,0.43392697
8479,0.43392697
8480,0.43392697
8481,0.43392697
8482,0.43392697
8483,0.43392697
8484,0.43392697
8485,0.43392697
8486,0.43392697
8487,0.43392697
8488,0.43392697
8489,0.43392697
8490,0.43392697
8491,0.43392697
8492,0.43392697
8493,0.43392697
8494,0.43392697
8495,0.43392697
8496,0.43392697
8497,0.43392697
8498,0.43392697
8499,0.43392697
8500,0.43392697
8501,0.43392697
8502,0.43392697
8503,0.43392697
8504,0.43392697
8505,0.43392697
8506,0.43392697
8507,0.43392697
8508,0.43392697
8509,0.43392697
8510,0.43392697
8511,0.43392697
8512,0.43392697
8513,0.43392697
8514,0.43392697
8515,0.43392697
8516,0.43392697
8517,0.43392697
8518,0.43392697
8519,0.43392697
8520,0.43392697
8521,0.43392697
8522,0.43392697
8523,0.43392697
8524,0.43392697
8525,0.43392697
8526,0.43392697
8527,0.43392697
8528,0.43392697
8529,0.43392697
8530,0.43392697
8531,0.43392697
8532,0.43392697
8533,0.43392697
8534,0.43392697
8535,0.43392697
8536,0.43392697
8537,0.43392697
8538,0.43392697
8539,0.43392697
8540,0.43392697
8541,0.43392697
8542,0.43392697
8543,0.43392697
8544,0.43392697
8545,0.43392697
8546,0.43392697
8547,0.43392697
8548,0.43392697
8549,0.43392697
8550,0.43392697
8551,0.43392697
8552,0.43392697
8553,0.43392697
8554,0.43392697
8555,0.43392697
8556,0.43392697
8557,0.43392697
8558,0.43392697
8559,0.43392697
8560,0.43392697
8561,0.43392697
8562,0.43392697
8563,0.43392697
8564,0.43392697
8565,0.43392697
8566,0.43392697
8567,0.43392697
8568,0.43392697
8569,0.43392697
8570,0.43392697
8571,0.43392697
8572,0.43392697
8573,0.43392697
8574,0.43392697
8575,0.43392697
8576,0.43392697
8577,0.43392697
8578,0.43392697
8579,0.43392697
8580,0.43392697
8581,0.43392697
8582,0.43392697
8583,0.43392697
8584,0.43392697
8585,0.43392697
8586,0.43392697
8587,0.43392697
8588,0.43392697
8589,0.43392697
8590,0.43392697
8591,0.43392697
8592,0.43392697
8593,0.43392697
8594,0.43392697
8595,0.43392697
8596,0.43392697
8597,0.43392697
8598,0.43392697
8599,0.43392697
8600,0.43392697
8601,0.43392697
8602,0.43392697
8603,0.43392697
8604,0.43392697
8605,0.43392697
8606,0.43392697
8607,0.43392697
8608,0.43392697
8609,0.43392697
8610,0.43392697
8611,0.43392697
8612,0.43392697
8613,0.43392697
8614,0.43392697
8615,0.43392697
8616,0.43392697
8617,0.43392697
8618,0.43392697
8619,0.43392697
8620,0.43392697
8621,0.43392697
8622,0.43392697
8623,0.43392697
8624,0.43392697
8625,0.43392697
8626,0.43392697
8627,0.43392697
8628,0.43392697
8629,0.43392697
8630,0.43392697
8631,0.43392697
8632,0.43392697
8633,0.43392697
8634,0.43392697
8635,0.43392697
8636,0.43392697
8637,0.43392697
8638,0.43392697
8639,0.43392697
8640,0.43392697
8641,0.43392697
8642,0.43392697
8643,0.43392697
8644,0.43392697
8645,0.43392697
8646,0.43392697
8647,0.43392697
8648,0.43392697
8649,0.43392697
8650,0.43392697
8651,0.43392697
8652,0.43392697
8653,0.43392697
8654,0.43392697
8655,0.43392697
8656,0.43392697
8657,0.43392697
8658,0.43392697
8659,0.43392697
8660,0.43392697
8661,0.43392697
8662,0.43392697
8663,0.43392697
8664,0.43392697
8665,0.43392697
8666,0.43392697
8667,0.43392697
8668,0.43392697
8669,0.43392697
8670,0.43392697
8671,0.43392697
8672,0.43392697
8673,0.43392697
8674,0.43392697
8675,0.43392697
8676,0.43392697
8677,0.43392697
8678,0.43392697
8679,0.43392697
8680,0.43392697
8681,0.43392697
8682,0.43392697
8683,0.43392697
8684,0.43392697
8685,0.43392697
8686,0.43392697
8687,0.43392697
8688,0.43392697
8689,0.43392697
8690,0.43392697
8691,0.43392697
8692,0.43392697
8693,0.43392697
8694,0.43392697
8695,0.43392697
8696,0.43392697
8697,0.43392697
8698,0.43392697
8699,0.43392697
8700,0.43392697
8701,0.43392697
8702,0.43392697
8703,0.43392697
8704,0.43392697
8705,0.43392697
8706,0.43392697
8707,0.43392697
8708,0.43392697
8709,0.43392697
8710,0.43392697
8711,0.43392697
8712,0.43392697
8713,0.43392697
8714,0.43392697
8715,0.43392697
8716,0.43392697
8717,0.43392697
8718,0.43392697
8719,0.43392697
8720,0.43392697
8721,0.43392697
8722,0.43392697
8723,0.43392697
8724,0.43392697
8725,0.43392697
8726,0.43392697
8727,0.43392697
8728,0.43392697
8729,0.43392697
8730,0.43392697
8731,0.43392697
8732,0.43392697
8733,0.43392697
8734,0.43392697
8735,0.43392697
8736,0.43392697
8737,0.43392697
8738,0.43392697
8739,0.43392697
8740,0.43392697
8741,0.43392697
8742,0.43392697
8743,0.43392697
8744,0.43392697
8745,0.43392697
8746,0.43392697
8747,0.43392697
8748,0.43392697
8749,0.43392697
8750,0.43392697
8751,0.43392697
8752,0.43392697
8753,0.43392697
8754,0.43392697
8755,0.43392697
8756,0.43392697
8757,0.43392697
8758,0.43392697
8759,0.43392697
8760,0.43392697
8761,0.43392697
8762,0.43392697
8763,0.43392697
8764,0.43392697
8765,0.43392697
8766,0.43392697
8767,0.43392697
8768,0.43392697
8769,0.43392697
8770,0.43392697
8771,0.43392697
8772,0.43392697
8773,0.43392697
8774,0.43392697
8775,0.43392697
8776,0.43392697
8777,0.43392697
8778,0.43392697
8779,0.43392697
8780,0.43392697
8781,0.43392697
8782,0.43392697
8783,0.43392697
8784,0.43392697
8785,0.43392697
8786,0.43392697
8787,0.43392697
8788,0.43392697
8789,0.43392697
8790,0.43392697
8791,0.43392697
8792,0.43392697
8793,0.43392697
8794,0.43392697
8795,0.43392697
8796,0.43392697
8797,0.43392697
8798,0.43392697
8799,0.43392697
8800,0.43392697
8801,0.43392697
8802,0.43392697
8803,0.43392697
8804,0.43392697
8805,0.43392697
8806,0.43392697
8807,0.43392697
8808,0.43392697
8809,0.43392697
8810,0.43392697
8811,0.43392697
8812,0.43392697
8813,0.43392697
8814,0.43392697
8815,0.43392697
8816,0.43392697
8817,0.43392697
8818,0.43392697
8819,0.43392697
8820,0.43392697
8821,0.43392697
8822,0.43392697
8823,0.43392697
8824,0.43392697
8825,0.43392697
8826,0.43392697
8827,0.43392697
8828,0.43392697
8829,0.43392697
8830,0.43392697
8831,0.43392697
8832,0.43392697
8833,0.43392697
8834,0.43392697
8835,0.43392697
8836,0.43392697
8837,0.43392697
8838,0.43392697
8839,0.43392697
8840,0.43392697
8841,0.43392697
8842,0.43392697
8843,0.43392697
8844,0.43392697
8845,0.43392697
8846,0.43392697
8847,0.43392697
8848,0.43392697
8849,0.43392697
8850,0.43392697
8851,0.43392697
8852,0.43392697
8853,0.43392697
8854,0.43392697
8855,0.43392697
8856,0.43392697
8857,0.43392697
8858,0.43392697
8859,0.43392697
8860,0.43392697
8861,0.43392697
8862,0.43392697
8863,0.43392697
8864,0.43392697
8865,0.43392697
8866,0.43392697
8867,0.43392697
8868,0.43392697
8869,0.43392697
8870,0.43392697
8871,0.43392697
8872,0.43392697
8873,0.43392697
8874,0.43392697
8875,0.43392697
8876,0.43392697
8877,0.43392697
8878,0.43392697
8879,0.43392697
8880,0.43392697
8881,0.43392697
8882,0.43392697
8883,0.43392697
8884,0.43392697
8885,0.43392697
8886,0.43392697
8887,0.43392697
8888,0.43392697
8889,0.43392697
8890,0.43392697
8891,0.43392697
8892,0.43392697
8893,0.43392697
8894,0.43392697
8895,0.43392697
8896,0.43392697
8897,0.43392697
8898,0.43392697
8899,0.43392697
8900,0.43392697
8901,0.43392697
8902,0.43392697
8903,0.43392697
8904,0.43392697
8905,0.43392697
8906,0.43392697
8907,0.43392697
8908,0.43392697
8909,0.43392697
8910,0.43392697
8911,0.43392697
8912,0.43392697
8913,0.43392697
8914,0.43392697
8915,0.43392697
8916,0.43392697
8917,0.43392697
8918,0.43392697
8919,0.43392697
8920,0.43392697
8921,0.43392697
8922,0.43392697
8923,0.43392697
8924,0.43392697
8925,0.43392697
8926,0.43392697
8927,0.43392697
8928,0.43392697
8929,0.43392697
8930,0.43392697
8931,0.43392697
8932,0.43392697
8933,0.43392697
8934,0.43392697
8935,0.43392697
8936,0.43392697
8937,0.43392697
8938,0.43392697
8939,0.43392697
8940,0.43392697
8941,0.43392697
8942,0.43392697
8943,0.43392697
8944,0.43392697
8945,0.43392697
8946,0.43392697
8947,0.43392697
8948,0.43392697
8949,0.43392697
8950,0.43392697
8951,0.43392697
8952,0.43392697
8953,0.43392697
8954,0.43392697
8955,0.43392697
8956,0.43392697
8957,0.43392697
8958,0.43392697
8959,0.43392697
8960,0.43392697
8961,0.43392697
8962,0.43392697
8963,0.43392697
8964,0.43392697
8965,0.43392697
8966,0.43392697
8967,0.43392697
8968,0.43392697
8969,0.43392697
8970,0.43392697
8971,0.43392697
8972,0.43392697
8973,0.43392697
8974,0.43392697
8975,0.43392697
8976,0.43392697
8977,0.43392697
8978,0.43392697
8979,0.43392697
8980,0.43392697
8981,0.43392697
8982,0.43392697
8983,0.43392697
8984,0.43392697
8985,0.43392697
8986,0.43392697
8987,0.43392697
8988,0.43392697
8989,0.43392697
8990,0.43392697
8991,0.43392697
8992,0.43392697
8993,0.43392697
8994,0.43392697
8995,0.43392697
8996,0.43392697
8997,0.43392697
8998,0.43392697
8999,0.43392697
9000,0.43392697
9001,0.43392697
9002,0.43392697
9003,0.43392697
9004,0.43392697
9005,0.43392697
9006,0.43392697
9007,0.43392697
9008,0.43392697
9009,0.43392697
9010,0.43392697
9011,0.43392697
9012,0.43392697
9013,0.43392697
9014,0.43392697
9015,0.43392697
9016,0.43392697
9017,0.43392697
9018,0.43392697
9019,0.43392697
9020,0.43392697
9021,0.43392697
9022,0.43392697
9023,0.43392697
9024,0.43392697
9025,0.43392697
9026,0.43392697
9027,0.43392697
9028,0.43392697
9029,0.43392697
9030,0.43392697
9031,0.43392697
9032,0.43392697
9033,0.43392697
9034,0.43392697
9035,0.43392697
9036,0.43392697
9037,0.43392697
9038,0.43392697
9039,0.43392697
9040,0.43392697
9041,0.43392697
9042,0.43392697
9043,0.43392697
9044,0.43392697
9045,0.43392697
9046,0.43392697
9047,0.43392697
9048,0.43392697
9049,0.43392697
9050,0.43392697
9051,0.43392697
9052,0.43392697
9053,0.43392697
9054,0.43392697
9055,0.43392697
9056,0.43392697
9057,0.43392697
9058,0.43392697
9059,0.43392697
9060,0.43392697
9061,0.43392697
9062,0.43392697
9063,0.43392697
9064,0.43392697
9065,0.43392697
9066,0.43392697
9067,0.43392697
9068,0.43392697
9069,0.43392697
9070,0.43392697
9071,0.43392697
9072,0.43392697
9073,0.43392697
9074,0.43392697
9075,0.43392697
9076,0.43392697
9077,0.43392697
9078,0.43392697
9079,0.43392697
9080,0.43392697
9081,0.43392697
9082,0.43392697
9083,0.43392697
9084,0.43392697
9085,0.43392697
9086,0.43392697
9087,0.43392697
9088,0.43392697
9089,0.43392697
9090,0.43392697
9091,0.43392697
9092,0.43392697
9093,0.43392697
9094,0.43392697
9095,0.43392697
9096,0.43392697
9097,0.43392697
9098,0.43392697
9099,0.43392697
9100,0.43392697
9101,0.43392697
9102,0.43392697
9103,0.43392697
9104,0.43392697
9105,0.43392697
9106,0.43392697
9107,0.43392697
9108,0.43392697
9109,0.43392697
9110,0.43392697
9111,0.43392697
9112,0.43392697
9113,0.43392697
9114,0.43392697
9115,0.43392697
9116,0.43392697
9117,0.43392697
9118,0.43392697
9119,0.43392697
9120,0.43392697
9121,0.43392697
9122,0.43392697
9123,0.43392697
9124,0.43392697
9125,0.43392697
9126,0.43392697
9127,0.43392697
9128,0.43392697
9129,0.43392697
9130,0.43392697
9131,0.43392697
9132,0.43392697
9133,0.43392697
9134,0.43392697
9135,0.43392697
9136,0.43392697
9137,0.43392697
9138,0.43392697
9139,0.43392697
9140,0.43392697
9141,0.43392697
9142,0.43392697
9143,0.43392697
9144,0.43392697
9145,0.43392697
9146,0.43392697
9147,0.43392697
9148,0.43392697
9149,0.43392697
9150,0.43392697
9151,0.43392697
9152,0.43392697
9153,0.43392697
9154,0.43392697
9155,0.43392697
9156,0.43392697
9157,0.43392697
9158,0.43392697
9159,0.43392697
9160,0.43392697
9161,0.43392697
9162,0.43392697
9163,0.43392697
9164,0.43392697
9165,0.43392697
9166,0.43392697
9167,0.43392697
9168,0.43392697
9169,0.43392697
9170,0.43392697
9171,0.43392697
9172,0.43392697
9173,0.43392697
9174,0.43392697
9175,0.43392697
9176,0.43392697
9177,0.43392697
9178,0.43392697
9179,0.43392697
9180,0.43392697
9181,0.43392697
9182,0.43392697
9183,0.43392697
9184,0.43392697
9185,0.43392697
9186,0.43392697
9187,0.43392697
9188,0.43392697
9189,0.43392697
9190,0.43392697
9191,0.43392697
9192,0.43392697
9193,0.43392697
9194,0.43392697
9195,0.43392697
9196,0.43392697
9197,0.43392697
9198,0.43392697
9199,0.43392697
9200,0.43392697
9201,0.43392697
9202,0.43392697
9203,0.43392697
9204,0.43392697
9205,0.43392697
9206,0.43392697
9207,0.43392697
9208,0.43392697
9209,0.43392697
9210,0.43392697
9211,0.43392697
9212,0.43392697
9213,0.43392697
9214,0.43392697
9215,0.43392697
9216,0.43392697
9217,0.43392697
9218,0.43392697
9219,0.43392697
9220,0.43392697
9221,0.43392697
9222,0.43392697
9223,0.43392697
9224,0.43392697
9225,0.43392697
9226,0.43392697
9227,0.43392697
9228,0.43392697
9229,0.43392697
9230,0.43392697
9231,0.43392697
9232,0.43392697
9233,0.43392697
9234,0.43392697
9235,0.43392697
9236,0.43392697
9237,0.43392697
9238,0.43392697
9239,0.43392697
9240,0.43392697
9241,0.43392697
9242,0.43392697
9243,0.43392697
9244,0.43392697
9245,0.43392697
9246,0.43392697
9247,0.43392697
9248,0.43392697
9249,0.43392697
9250,0.43392697
9251,0.43392697
9252,0.43392697
9253,0.43392697
9254,0.43392697
9255,0.43392697
9256,0.43392697
9257,0.43392697
9258,0.43392697
9259,0.43392697
9260,0.43392697
9261,0.43392697
9262,0.43392697
9263,0.43392697
9264,0.43392697
9265,0.43392697
9266,0.43392697
9267,0.43392697
9268,0.43392697
9269,0.43392697
9270,0.43392697
9271,0.43392697
9272,0.43392697
9273,0.43392697
9274,0.43392697
9275,0.43392697
9276,0.43392697
9277,0.43392697
9278,0.43392697
9279,0.43392697
9280,0.43392697
9281,0.43392697
9282,0.43392697
9283,0.43392697
9284,0.43392697
9285,0.43392697
9286,0.43392697
9287,0.43392697
9288,0.43392697
9289,0.43392697
9290,0.43392697
9291,0.43392697
9292,0.43392697
9293,0.43392697
9294,0.43392697
9295,0.43392697
9296,0.43392697
9297,0.43392697
9298,0.43392697
9299,0.43392697
9300,0.43392697
9301,0.43392697
9302,0.43392697
9303,0.43392697
9304,0.43392697
9305,0.43392697
9306,0.43392697
9307,0.43392697
9308,0.43392697
9309,0.43392697
9310,0.43392697
9311,0.43392697
9312,0.43392697
9313,0.43392697
9314,0.43392697
9315,0.43392697
9316,0.43392697
9317,0.43392697
9318,0.43392697
9319,0.43392697
9320,0.43392697
9321,0.43392697
9322,0.43392697
9323,0.43392697
9324,0.43392697
9325,0.43392697
9326,0.43392697
9327,0.43392697
9328,0.43392697
9329,0.43392697
9330,0.43392697
9331,0.43392697
9332,0.43392697
9333,0.43392697
9334,0.43392697
9335,0.43392697
9336,0.43392697
9337,0.43392697
9338,0.43392697
9339,0.43392697
9340,0.43392697
9341,0.43392697
9342,0.43392697
9343,0.43392697
9344,0.43392697
9345,0.43392697
9346,0.43392697
9347,0.43392697
9348,0.43392697
9349,0.43392697
9350,0.43392697
9351,0.43392697
9352,0.43392697
9353,0.43392697
9354,0.43392697
9355,0.43392697
9356,0.43392697
9357,0.43392697
9358,0.43392697
9359,0.43392697
9360,0.43392697
9361,0.43392697
9362,0.43392697
9363,0.43392697
9364,0.43392697
9365,0.43392697
9366,0.43392697
9367,0.43392697
9368,0.43392697
9369,0.43392697
9370,0.43392697
9371,0.43392697
9372,0.43392697
9373,0.43392697
9374,0.43392697
9375,0.43392697
9376,0.43392697
9377,0.43392697
9378,0.43392697
9379,0.43392697
9380,0.43392697
9381,0.43392697
9382,0.43392697
9383,0.43392697
9384,0.43392697
9385,0.43392697
9386,0.43392697
9387,0.43392697
9388,0.43392697
9389,0.43392697
9390,0.43392697
9391,0.43392697
9392,0.43392697
9393,0.43392697
9394,0.43392697
9395,0.43392697
9396,0.43392697
9397,0.43392697
9398,0.43392697
9399,0.43392697
9400,0.43392697
9401,0.43392697
9402,0.43392697
9403,0.43392697
9404,0.43392697
9405,0.43392697
9406,0.43392697
9407,0.43392697
9408,0.43392697
9409,0.43392697
9410,0.43392697
9411,0.43392697
9412,0.43392697
9413,0.43392697
9414,0.43392697
9415,0.43392697
9416,0.43392697
9417,0.43392697
9418,0.43392697
9419,0.43392697
9420,0.43392697
9421,0.43392697
9422,0.43392697
9423,0.43392697
9424,0.43392697
9425,0.43392697
9426,0.43392697
9427,0.43392697
9428,0.43392697
9429,0.43392697
9430,0.43392697
9431,0.43392697
9432,0.43392697
9433,0.43392697
9434,0.43392697
9435,0.43392697
9436,0.43392697
9437,0.43392697
9438,0.43392697
9439,0.43392697
9440,0.43392697
9441,0.43392697
9442,0.43392697
9443,0.43392697
9444,0.43392697
9445,0.43392697
9446,0.43392697
9447,0.43392697
9448,0.43392697
9449,0.43392697
9450,0.43392697
9451,0.43392697
9452,0.43392697
9453,0.43392697
9454,0.43392697
9455,0.43392697
9456,0.43392697
9457,0.43392697
9458,0.43392697
9459,0.43392697
9460,0.43392697
9461,0.43392697
9462,0.43392697
9463,0.43392697
9464,0.43392697
9465,0.43392697
9466,0.43392697
9467,0.43392697
9468,0.43392697
9469,0.43392697
9470,0.43392697
9471,0.43392697
9472,0.43392697
9473,0.43392697
9474,0.43392697
9475,0.43392697
9476,0.43392697
9477,0.43392697
9478,0.43392697
9479,0.43392697
9480,0.43392697
9481,0.43392697
9482,0.43392697
9483,0.43392697
9484,0.43392697
9485,0.43392697
9486,0.43392697
9487,0.43392697
9488,0.43392697
9489,0.43392697
9490,0.43392697
9491,0.43392697
9492,0.43392697
9493,0.43392697
9494,0.43392697
9495,0.43392697
9496,0.43392697
9497,0.43392697
9498,0.43392697
9499,0.43392697
9500,0.43392697
9501,0.43392697
9502,0.43392697
9503,0.43392697
9504,0.43392697
9505,0.43392697
9506,0.43392697
9507,0.43392697
9508,0.43392697
9509,0.43392697
9510,0.43392697
9511,0.43392697
9512,0.43392697
9513,0.43392697
9514,0.43392697
9515,0.43392697
9516,0.43392697
9517,0.43392697
9518,0.43392697
9519,0.43392697
9520,0.43392697
9521,0.43392697
9522,0.43392697
9523,0.43392697
9524,0.43392697
9525,0.43392697
9526,0.43392697
9527,0.43392697
9528,0.43392697
9529,0.43392697
9530,0.43392697
9531,0.43392697
9532,0.43392697
9533,0.43392697
9534,0.43392697
9535,0.43392697
9536,0.43392697
9537,0.43392697
9538,0.43392697
9539,0.43392697
9540,0.43392697
9541,0.43392697
9542,0.43392697
9543,0.43392697
9544,0.43392697
9545,0.43392697
9546,0.43392697
9547,0.43392697
9548,0.43392697
9549,0.43392697
9550,0.43392697
9551,0.43392697
9552,0.43392697
9553,0.43392697
9554,0.43392697
9555,0.43392697
9556,0.43392697
9557,0.43392697
9558,0.43392697
9559,0.43392697
9560,0.43392697
9561,0.43392697
9562,0.43392697
9563,0.43392697
9564,0.43392697
9565,0.43392697
9566,0.43392697
9567,0.43392697
9568,0.43392697
9569,0.43392697
9570,0.43392697
9571,0.43392697
9572,0.43392697
9573,0.43392697
9574,0.43392697
9575,0.43392697
9576,0.43392697
9577,0.43392697
9578,0.43392697
9579,0.43392697
9580,0.43392697
9581,0.43392697
9582,0.43392697
9583,0.43392697
9584,0.43392697
9585,0.43392697
9586,0.43392697
9587,0.43392697
9588,0.43392697
9589,0.43392697
9590,0.43392697
9591,0.43392697
9592,0.43392697
9593,0.43392697
9594,0.43392697
9595,0.43392697
9596,0.43392697
9597,0.43392697
9598,0.43392697
9599,0.43392697
9600,0.43392697
9601,0.43392697
9602,0.43392697
9603,0.43392697
9604,0.43392697
9605,0.43392697
9606,0.43392697
9607,0.43392697
9608,0.43392697
9609,0.43392697
9610,0.43392697
9611,0.43392697
9612,0.43392697
9613,0.43392697
9614,0.43392697
9615,0.43392697
9616,0.43392697
9617,0.43392697
9618,0.43392697
9619,0.43392697
9620,0.43392697
9621,0.43392697
9622,0.43392697
9623,0.43392697
9624,0.43392697
9625,0.43392697
9626,0.43392697
9627,0.43392697
9628,0.43392697
9629,0.43392697
9630,0.43392697
9631,0.43392697
9632,0.43392697
9633,0.43392697
9634,0.43392697
9635,0.43392697
9636,0.43392697
9637,0.43392697
9638,0.43392697
9639,0.43392697
9640,0.43392697
9641,0.43392697
9642,0.43392697
9643,0.43392697
9644,0.43392697
9645,0.43392697
9646,0.43392697
9647,0.43392697
9648,0.43392697
9649,0.43392697
9650,0.43392697
9651,0.43392697
9652,0.43392697
9653,0.43392697
9654,0.43392697
9655,0.43392697
9656,0.43392697
9657,0.43392697
9658,0.43392697
9659,0.43392697
9660,0.43392697
9661,0.43392697
9662,0.43392697
9663,0.43392697
9664,0.43392697
9665,0.43392697
9666,0.43392697
9667,0.43392697
9668,0.43392697
9669,0.43392697
9670,0.43392697
9671,0.43392697
9672,0.43392697
9673,0.43392697
9674,0.43392697
9675,0.43392697
9676,0.43392697
9677,0.43392697
9678,0.43392697
9679,0.43392697
9680,0.43392697
9681,0.43392697
9682,0.43392697
9683,0.43392697
9684,0.43392697
9685,0.43392697
9686,0.43392697
9687,0.43392697
9688,0.43392697
9689,0.43392697
9690,0.43392697
9691,0.43392697
9692,0.43392697
9693,0.43392697
9694,0.43392697
9695,0.43392697
9696,0.43392697
9697,0.43392697
9698,0.43392697
9699,0.43392697
9700,0.43392697
9701,0.43392697
9702,0.43392697
9703,0.43392697
9704,0.43392697
9705,0.43392697
9706,0.43392697
9707,0.43392697
9708,0.43392697
9709,0.43392697
9710,0.43392697
9711,0.43392697
9712,0.43392697
9713,0.43392697
9714,0.43392697
9715,0.43392697
9716,0.43392697
9717,0.43392697
9718,0.43392697
9719,0.43392697
9720,0.43392697
9721,0.43392697
9722,0.43392697
9723,0.43392697
9724,0.43392697
9725,0.43392697
9726,0.43392697
9727,0.43392697
9728,0.43392697
9729,0.43392697
9730,0.43392697
9731,0.43392697
9732,0.43392697
9733,0.43392697
9734,0.43392697
9735,0.43392697
9736,0.43392697
9737,0.43392697
9738,0.43392697
9739,0.43392697
9740,0.43392697
9741,0.43392697
9742,0.43392697
9743,0.43392697
9744,0.43392697
9745,0.43392697
9746,0.43392697
9747,0.43392697
9748,0.43392697
9749,0.43392697
9750,0.43392697
9751,0.43392697
9752,0.43392697
9753,0.43392697
9754,0.43392697
9755,0.43392697
9756,0.43392697
9757,0.43392697
9758,0.43392697
9759,0.43392697
9760,0.43392697
9761,0.43392697
9762,0.43392697
9763,0.43392697
9764,0.43392697
9765,0.43392697
9766,0.43392697
9767,0.43392697
9768,0.43392697
9769,0.43392697
9770,0.43392697
9771,0.43392697
9772,0.43392697
9773,0.43392697
9774,0.43392697
9775,0.43392697
9776,0.43392697
9777,0.43392697
9778,0.43392697
9779,0.43392697
9780,0.43392697
9781,0.43392697
9782,0.43392697
9783,0.43392697
9784,0.43392697
9785,0.43392697
9786,0.43392697
9787,0.43392697
9788,0.43392697
9789,0.43392697
9790,0.43392697
9791,0.43392697
9792,0.43392697
9793,0.43392697
9794,0.43392697
9795,0.43392697
9796,0.43392697
9797,0.43392697
9798,0.43392697
9799,0.43392697
9800,0.43392697
9801,0.43392697
9802,0.43392697
9803,0.43392697
9804,0.43392697
9805,0.43392697
9806,0.43392697
9807,0.43392697
9808,0.43392697
9809,0.43392697
9810,0.43392697
9811,0.43392697
9812,0.43392697
9813,0.43392697
9814,0.43392697
9815,0.43392697
9816,0.43392697
9817,0.43392697
9818,0.43392697
9819,0.43392697
9820,0.43392697
9821,0.43392697
9822,0.43392697
9823,0.43392697
9824,0.43392697
9825,0.43392697
9826,0.43392697
9827,0.43392697
9828,0.43392697
9829,0.43392697
9830,0.43392697
9831,0.43392697
9832,0.43392697
9833,0.43392697
9834,0.43392697
9835,0.43392697
9836,0.43392697
9837,0.43392697
9838,0.43392697
9839,0.43392697
9840,0.43392697
9841,0.43392697
9842,0.43392697
9843,0.43392697
9844,0.43392697
9845,0.43392697
9846,0.43392697
9847,0.43392697
9848,0.43392697
9849,0.43392697
9850,0.43392697
9851,0.43392697
9852,0.43392697
9853,0.43392697
9854,0.43392697
9855,0.43392697
9856,0.43392697
9857,0.43392697
9858,0.43392697
9859,0.43392697
9860,0.43392697
9861,0.43392697
9862,0.43392697
9863,0.43392697
9864,0.43392697
9865,0.43392697
9866,0.43392697
9867,0.43392697
9868,0.43392697
9869,0.43392697
9870,0.43392697
9871,0.43392697
9872,0.43392697
9873,0.43392697
9874,0.43392697
9875,0.43392697
9876,0.43392697
9877,0.43392697
9878,0.43392697
9879,0.43392697
9880,0.43392697
9881,0.43392697
9882,0.43392697
9883,0.43392697
9884,0.43392697
9885,0.43392697
9886,0.43392697
9887,0.43392697
9888,0.43392697
9889,0.43392697
9890,0.43392697
9891,0.43392697
9892,0.43392697
9893,0.43392697
9894,0.43392697
9895,0.43392697
9896,0.43392697
9897,0.43392697
9898,0.43392697
9899,0.43392697
9900,0.43392697
9901,0.43392697
9902,0.43392697
9903,0.43392697
9904,0.43392697
9905,0.43392697
9906,0.43392697
9907,0.43392697
9908,0.43392697
9909,0.43392697
9910,0.43392697
9911,0.43392697
9912,0.43392697
9913,0.43392697
9914,0.43392697
9915,0.43392697
9916,0.43392697
9917,0.43392697
9918,0.43392697
9919,0.43392697
9920,0.43392697
9921,0.43392697
9922,0.43392697
9923,0.43392697
9924,0.43392697
9925,0.43392697
9926,0.43392697
9927,0.43392697
9928,0.43392697
9929,0.43392697
9930,0.43392697
9931,0.43392697
9932,0.43392697
9933,0.43392697
9934,0.43392697
9935,0.43392697
9936,0.43392697
9937,0.43392697
9938,0.43392697
9939,0.43392697
9940,0.43392697
9941,0.43392697
9942,0.43392697
9943,0.43392697
9944,0.43392697
9945,0.43392697
9946,0.43392697
9947,0.43392697
9948,0.43392697
9949,0.43392697
9950,0.43392697
9951,0.43392697
9952,0.43392697
9953,0.43392697
9954,0.43392697
9955,0.43392697
9956,0.43392697
9957,0.43392697
9958,0.43392697
9959,0.43392697
9960,0.43392697
9961,0.43392697
9962,0.43392697
9963,0.43392697
9964,0.43392697
9965,0.43392697
9966,0.43392697
9967,0.43392697
9968,0.43392697
9969,0.43392697
9970,0.43392697
9971,0.43392697
9972,0.43392697
9973,0.43392697
9974,0.43392697
9975,0.43392697
9976,0.43392697
9977,0.43392697
9978,0.43392697
9979,0.43392697
9980,0.43392697
9981,0.43392697
9982,0.43392697
9983,0.43392697
9984,0.43392697
9985,0.43392697
9986,0.43392697
9987,0.43392697
9988,0.43392697
9989,0.43392697
9990,0.43392697
9991,0.43392697
9992,0.43392697
9993,0.43392697
9994,0.43392697
9995,0.43392697
9996,0.43392697
9997,0.43392697
9998,0.43392697
9999,0.43392697
10000,0.43392697
10001,0.43392697
10002,0.43392697
10003,0.43392697
10004,0.43392697
10005,0.43392697
10006,0.43392697
10007,0.43392697
10008,0.43392697
10009,0.43392697
10010,0.43392697
10011,0.43392697
10012,0.43392697
10013,0.43392697
10014,0.43392697
10015,0.43392697
10016,0.43392697
10017,0.43392697
10018,0.43392697
10019,0.43392697
10020,0.43392697
10021,0.43392697
10022,0.43392697
10023,0.43392697
10024,0.43392697
10025,0.43392697
10026,0.43392697
10027,0.43392697
10028,0.43392697
10029,0.43392697
10030,0.43392697
10031,0.43392697
10032,0.43392697
10033,0.43392697
10034,0.43392697
10035,0.43392697
10036,0.43392697
10037,0.43392697
10038,0.43392697
10039,0.43392697
10040,0.43392697
10041,0.43392697
10042,0.43392697
10043,0.43392697
10044,0.43392697
10045,0.43392697
10046,0.43392697
10047,0.43392697
10048,0.43392697
10049,0.43392697
10050,0.43392697
10051,0.43392697
10052,0.43392697
10053,0.43392697
10054,0.43392697
10055,0.43392697
10056,0.43392697
10057,0.43392697
10058,0.43392697
10059,0.43392697
10060,0.43392697
10061,0.43392697
10062,0.43392697
10063,0.43392697
10064,0.43392697
10065,0.43392697
10066,0.43392697
10067,0.43392697
10068,0.43392697
10069,0.43392697
10070,0.43392697
10071,0.43392697
10072,0.43392697
10073,0.43392697
10074,0.43392697
10075,0.43392697
10076,0.43392697
10077,0.43392697
10078,0.43392697
10079,0.43392697
10080,0.43392697
10081,0.43392697
10082,0.43392697
10083,0.43392697
10084,0.43392697
10085,0.43392697
10086,0.43392697
10087,0.43392697
10088,0.43392697
10089,0.43392697
10090,0.43392697
10091,0.43392697
10092,0.43392697
10093,0.43392697
10094,0.43392697
10095,0.43392697
10096,0.43392697
10097,0.43392697
10098,0.43392697
10099,0.43392697
10100,0.43392697
10101,0.43392697
10102,0.43392697
10103,0.43392697
10104,0.43392697
10105,0.43392697
10106,0.43392697
10107,0.43392697
10108,0.43392697
10109,0.43392697
10110,0.43392697
10111,0.43392697
10112,0.43392697
10113,0.43392697
10114,0.43392697
10115,0.43392697
10116,0.43392697
10117,0.43392697
10118,0.43392697
10119,0.43392697
10120,0.43392697
10121,0.43392697
10122,0.43392697
10123,0.43392697
10124,0.43392697
10125,0.43392697
10126,0.43392697
10127,0.43392697
10128,0.43392697
10129,0.43392697
10130,0.43392697
10131,0.43392697
10132,0.43392697
10133,0.43392697
10134,0.43392697
10135,0.43392697
10136,0.43392697
10137,0.43392697
10138,0.43392697
10139,0.43392697
10140,0.43392697
10141,0.43392697
10142,0.43392697
10143,0.43392697
10144,0.43392697
10145,0.43392697
10146,0.43392697
10147,0.43392697
10148,0.43392697
10149,0.43392697
10150,0.43392697
10151,0.43392697
10152,0.43392697
10153,0.43392697
10154,0.43392697
10155,0.43392697
10156,0.43392697
10157,0.43392697
10158,0.43392697
10159,0.43392697
10160,0.43392697
10161,0.43392697
10162,0.43392697
10163,0.43392697
10164,0.43392697
10165,0.43392697
10166,0.43392697
10167,0.43392697
10168,0.43392697
10169,0.43392697
10170,0.43392697
10171,0.43392697
10172,0.43392697
10173,0.43392697
10174,0.43392697
10175,0.43392697
10176,0.43392697
10177,0.43392697
10178,0.43392697
10179,0.43392697
10180,0.43392697
10181,0.43392697
10182,0.43392697
10183,0.43392697
10184,0.43392697
10185,0.43392697
10186,0.43392697
10187,0.43392697
10188,0.43392697
10189,0.43392697
10190,0.43392697
10191,0.43392697
10192,0.43392697
10193,0.43392697
10194,0.43392697
10195,0.43392697
10196,0.43392697
10197,0.43392697
10198,0.43392697
10199,0.43392697
10200,0.43392697
10201,0.43392697
10202,0.43392697
10203,0.43392697
10204,0.43392697
10205,0.43392697
10206,0.43392697
10207,0.43392697
10208,0.43392697
10209,0.43392697
10210,0.43392697
10211,0.43392697
10212,0.43392697
10213,0.43392697
10214,0.43392697
10215,0.43392697
10216,0.43392697
10217,0.43392697
10218,0.43392697
10219,0.43392697
10220,0.43392697
10221,0.43392697
10222,0.43392697
10223,0.43392697
10224,0.43392697
10225,0.43392697
10226,0.43392697
10227,0.43392697
10228,0.43392697
10229,0.43392697
10230,0.43392697
10231,0.43392697
10232,0.43392697
10233,0.43392697
10234,0.43392697
10235,0.43392697
10236,0.43392697
10237,0.43392697
10238,0.43392697
10239,0.43392697
10240,0.43392697
10241,0.43392697
10242,0.43392697
10243,0.43392697
10244,0.43392697
10245,0.43392697
10246,0.43392697
10247,0.43392697
10248,0.43392697
10249,0.43392697
10250,0.43392697
10251,0.43392697
10252,0.43392697
10253,0.43392697
10254,0.43392697
10255,0.43392697
10256,0.43392697
10257,0.43392697
10258,0.43392697
10259,0.43392697
10260,0.43392697
10261,0.43392697
10262,0.43392697
10263,0.43392697
10264,0.43392697
10265,0.43392697
10266,0.43392697
10267,0.43392697
10268,0.43392697
10269,0.43392697
10270,0.43392697
10271,0.43392697
10272,0.43392697
10273,0.43392697
10274,0.43392697
10275,0.43392697
10276,0.43392697
10277,0.43392697
10278,0.43392697
10279,0.43392697
10280,0.43392697
10281,0.43392697
10282,0.43392697
10283,0.43392697
10284,0.43392697
10285,0.43392697
10286,0.43392697
10287,0.43392697
10288,0.43392697
10289,0.43392697
10290,0.43392697
10291,0.43392697
10292,0.43392697
10293,0.43392697
10294,0.43392697
10295,0.43392697
10296,0.43392697
10297,0.43392697
10298,0.43392697
10299,0.43392697
10300,0.43392697
10301,0.43392697
10302,0.43392697
10303,0.43392697
10304,0.43392697
10305,0.43392697
10306,0.43392697
10307,0.43392697
10308,0.43392697
10309,0.43392697
10310,0.43392697
10311,0.43392697
10312,0.43392697
10313,0.43392697
10314,0.43392697
10315,0.43392697
10316,0.43392697
10317,0.43392697
10318,0.43392697
10319,0.43392697
10320,0.43392697
10321,0.43392697
10322,0.43392697
10323,0.43392697
10324,0.43392697
10325,0.43392697
10326,0.43392697
10327,0.43392697
10328,0.43392697
10329,0.43392697
10330,0.43392697
10331,0.43392697
10332,0.43392697
10333,0.43392697
10334,0.43392697
10335,0.43392697
10336,0.43392697
10337,0.43392697
10338,0.43392697
10339,0.43392697
10340,0.43392697
10341,0.43392697
10342,0.43392697
10343,0.43392697
10344,0.43392697
10345,0.43392697
10346,0.43392697
10347,0.43392697
10348,0.43392697
10349,0.43392697
10350,0.43392697
10351,0.43392697
10352,0.43392697
10353,0.43392697
10354,0.43392697
10355,0.43392697
10356,0.43392697
10357,0.43392697
10358,0.43392697
10359,0.43392697
10360,0.43392697
10361,0.43392697
10362,0.43392697
10363,0.43392697
10364,0.43392697
10365,0.43392697
10366,0.43392697
10367,0.43392697
10368,0.43392697
10369,0.43392697
10370,0.43392697
10371,0.43392697
10372,0.43392697
10373,0.43392697
10374,0.43392697
10375,0.43392697
10376,0.43392697
10377,0.43392697
10378,0.43392697
10379,0.43392697
10380,0.43392697
10381,0.43392697
10382,0.43392697
10383,0.43392697
10384,0.43392697
10385,0.43392697
10386,0.43392697
10387,0.43392697
10388,0.43392697
10389,0.43392697
10390,0.43392697
10391,0.43392697
10392,0.43392697
10393,0.43392697
10394,0.43392697
10395,0.43392697
10396,0.43392697
10397,0.43392697
10398,0.43392697
10399,0.43392697
10400,0.43392697
10401,0.43392697
10402,0.43392697
10403,0.43392697
10404,0.43392697
10405,0.43392697
10406,0.43392697
10407,0.43392697
10408,0.43392697
10409,0.43392697
10410,0.43392697
10411,0.43392697
10412,0.43392697
10413,0.43392697
10414,0.43392697
10415,0.43392697
10416,0.43392697
10417,0.43392697
10418,0.43392697
10419,0.43392697
10420,0.43392697
10421,0.43392697
10422,0.43392697
10423,0.43392697
10424,0.43392697
10425,0.43392697
10426,0.43392697
10427,0.43392697
10428,0.43392697
10429,0.43392697
10430,0.43392697
10431,0.43392697
10432,0.43392697
10433,0.43392697
10434,0.43392697
10435,0.43392697
10436,0.43392697
10437,0.43392697
10438,0.43392697
10439,0.43392697
10440,0.43392697
10441,0.43392697
10442,0.43392697
10443,0.43392697
10444,0.43392697
10445,0.43392697
10446,0.43392697
10447,0.43392697
10448,0.43392697
10449,0.43392697
10450,0.43392697
10451,0.43392697
10452,0.43392697
10453,0.43392697
10454,0.43392697
10455,0.43392697
10456,0.43392697
10457,0.43392697
10458,0.43392697
10459,0.43392697
10460,0.43392697
10461,0.43392697
10462,0.43392697
10463,0.43392697
10464,0.43392697
10465,0.43392697
10466,0.43392697
10467,0.43392697
10468,0.43392697
10469,0.43392697
10470,0.43392697
10471,0.43392697
10472,0.43392697
10473,0.43392697
10474,0.43392697
10475,0.43392697
10476,0.43392697
10477,0.43392697
10478,0.43392697
10479,0.43392697
10480,0.43392697
10481,0.43392697
10482,0.43392697
10483,0.43392697
10484,0.43392697
10485,0.43392697
10486,0.43392697
10487,0.43392697
10488,0.43392697
10489,0.43392697
10490,0.43392697
10491,0.43392697
10492,0.43392697
10493,0.43392697
10494,0.43392697
10495,0.43392697
10496,0.43392697
10497,0.43392697
10498,0.43392697
10499,0.43392697
10500,0.43392697
10501,0.43392697
10502,0.43392697
10503,0.43392697
10504,0.43392697
10505,0.43392697
10506,0.43392697
10507,0.43392697
10508,0.43392697
10509,0.43392697
10510,0.43392697
10511,0.43392697
10512,0.43392697
10513,0.43392697
10514,0.43392697
10515,0.43392697
10516,0.43392697
10517,0.43392697
10518,0.43392697
10519,0.43392697
10520,0.43392697
10521,0.43392697
10522,0.43392697
10523,0.43392697
10524,0.43392697
10525,0.43392697
10526,0.43392697
10527,0.43392697
10528,0.43392697
10529,0.43392697
10530,0.43392697
10531,0.43392697
10532,0.43392697
10533,0.43392697
10534,0.43392697
10535,0.43392697
10536,0.43392697
10537,0.43392697
10538,0.43392697
10539,0.43392697
10540,0.43392697
10541,0.43392697
10542,0.43392697
10543,0.43392697
10544,0.43392697
10545,0.43392697
10546,0.43392697
10547,0.43392697
10548,0.43392697
10549,0.43392697
10550,0.43392697
10551,0.43392697
10552,0.43392697
10553,0.43392697
10554,0.43392697
10555,0.43392697
10556,0.43392697
10557,0.43392697
10558,0.43392697
10559,0.43392697
10560,0.43392697
10561,0.43392697
10562,0.43392697
10563,0.43392697
10564,0.43392697
10565,0.43392697
10566,0.43392697
10567,0.43392697
10568,0.43392697
10569,0.43392697
10570,0.43392697
10571,0.43392697
10572,0.43392697
10573,0.43392697
10574,0.43392697
10575,0.43392697
10576,0.43392697
10577,0.43392697
10578,0.43392697
10579,0.43392697
10580,0.43392697
10581,0.43392697
10582,0.43392697
10583,0.43392697
10584,0.43392697
10585,0.43392697
10586,0.43392697
10587,0.43392697
10588,0.43392697
10589,0.43392697
10590,0.43392697
10591,0.43392697
10592,0.43392697
10593,0.43392697
10594,0.43392697
10595,0.43392697
10596,0.43392697
10597,0.43392697
10598,0.43392697
10599,0.43392697
10600,0.43392697
10601,0.43392697
10602,0.43392697
10603,0.43392697
10604,0.43392697
10605,0.43392697
10606,0.43392697
10607,0.43392697
10608,0.43392697
10609,0.43392697
10610,0.43392697
10611,0.43392697
10612,0.43392697
10613,0.43392697
10614,0.43392697
10615,0.43392697
10616,0.43392697
10617,0.43392697
10618,0.43392697
10619,0.43392697
10620,0.43392697
10621,0.43392697
10622,0.43392697
10623,0.43392697
10624,0.43392697
10625,0.43392697
10626,0.43392697
10627,0.43392697
10628,0.43392697
10629,0.43392697
10630,0.43392697
10631,0.43392697
10632,0.43392697
10633,0.43392697
10634,0.43392697
10635,0.43392697
10636,0.43392697
10637,0.43392697
10638,0.43392697
10639,0.43392697
10640,0.43392697
10641,0.43392697
10642,0.43392697
10643,0.43392697
10644,0.43392697
10645,0.43392697
10646,0.43392697
10647,0.43392697
10648,0.43392697
10649,0.43392697
10650,0.43392697
10651,0.43392697
10652,0.43392697
10653,0.43392697
10654,0.43392697
10655,0.43392697
10656,0.43392697
10657,0.43392697
10658,0.43392697
10659,0.43392697
10660,0.43392697
10661,0.43392697
10662,0.43392697
10663,0.43392697
10664,0.43392697
10665,0.43392697
10666,0.43392697
10667,0.43392697
10668,0.43392697
10669,0.43392697
10670,0.43392697
10671,0.43392697
10672,0.43392697
10673,0.43392697
10674,0.43392697
10675,0.43392697
10676,0.43392697
10677,0.43392697
10678,0.43392697
10679,0.43392697
10680,0.43392697
10681,0.43392697
10682,0.43392697
10683,0.43392697
10684,0.43392697
10685,0.43392697
10686,0.43392697
10687,0.43392697
10688,0.43392697
10689,0.43392697
10690,0.43392697
10691,0.43392697
10692,0.43392697
10693,0.43392697
10694,0.43392697
10695,0.43392697
10696,0.43392697
10697,0.43392697
10698,0.43392697
10699,0.43392697
10700,0.43392697
10701,0.43392697
10702,0.43392697
10703,0.43392697
10704,0.43392697
10705,0.43392697
10706,0.43392697
10707,0.43392697
10708,0.43392697
10709,0.43392697
10710,0.43392697
10711,0.43392697
10712,0.43392697
10713,0.43392697
10714,0.43392697
10715,0.43392697
10716,0.43392697
10717,0.43392697
10718,0.43392697
10719,0.43392697
10720,0.43392697
10721,0.43392697
10722,0.43392697
10723,0.43392697
10724,0.43392697
10725,0.43392697
10726,0.43392697
10727,0.43392697
10728,0.43392697
10729,0.43392697
10730,0.43392697
10731,0.43392697
10732,0.43392697
10733,0.43392697
10734,0.43392697
10735,0.43392697
10736,0.43392697
10737,0.43392697
10738,0.43392697
10739,0.43392697
10740,0.43392697
10741,0.43392697
10742,0.43392697
10743,0.43392697
10744,0.43392697
10745,0.43392697
10746,0.43392697
10747,0.43392697
10748,0.43392697
10749,0.43392697
10750,0.43392697
10751,0.43392697
10752,0.43392697
10753,0.43392697
10754,0.43392697
10755,0.43392697
10756,0.43392697
10757,0.43392697
10758,0.43392697
10759,0.43392697
10760,0.43392697
10761,0.43392697
10762,0.43392697
10763,0.43392697
10764,0.43392697
10765,0.43392697
10766,0.43392697
10767,0.43392697
10768,0.43392697
10769,0.43392697
10770,0.43392697
10771,0.43392697
10772,0.43392697
10773,0.43392697
10774,0.43392697
10775,0.43392697
10776,0.43392697
10777,0.43392697
10778,0.43392697
10779,0.43392697
10780,0.43392697
10781,0.43392697
10782,0.43392697
10783,0.43392697
10784,0.43392697
10785,0.43392697
10786,0.43392697
10787,0.43392697
10788,0.43392697
10789,0.43392697
10790,0.43392697
10791,0.43392697
10792,0.43392697
10793,0.43392697
10794,0.43392697
10795,0.43392697
10796,0.43392697
10797,0.43392697
10798,0.43392697
10799,0.43392697
10800,0.43392697
10801,0.43392697
10802,0.43392697
10803,0.43392697
10804,0.43392697
10805,0.43392697
10806,0.43392697
10807,0.43392697
10808,0.43392697
10809,0.43392697
10810,0.43392697
10811,0.43392697
10812,0.43392697
10813,0.43392697
10814,0.43392697
10815,0.43392697
10816,0.43392697
10817,0.43392697
10818,0.43392697
10819,0.43392697
10820,0.43392697
10821,0.43392697
10822,0.43392697
10823,0.43392697
10824,0.43392697
10825,0.43392697
10826,0.43392697
10827,0.43392697
10828,0.43392697
10829,0.43392697
10830,0.43392697
10831,0.43392697
10832,0.43392697
10833,0.43392697
10834,0.43392697
10835,0.43392697
10836,0.43392697
10837,0.43392697
10838,0.43392697
10839,0.43392697
10840,0.43392697
10841,0.43392697
10842,0.43392697
10843,0.43392697
10844,0.43392697
10845,0.43392697
10846,0.43392697
10847,0.43392697
10848,0.43392697
10849,0.43392697
10850,0.43392697
10851,0.43392697
10852,0.43392697
10853,0.43392697
10854,0.43392697
10855,0.43392697
10856,0.43392697
10857,0.43392697
10858,0.43392697
10859,0.43392697
10860,0.43392697
10861,0.43392697
10862,0.43392697
10863,0.43392697
10864,0.43392697
10865,0.43392697
10866,0.43392697
10867,0.43392697
10868,0.43392697
10869,0.43392697
10870,0.43392697
10871,0.43392697
10872,0.43392697
10873,0.43392697
10874,0.43392697
10875,0.43392697
10876,0.43392697
10877,0.43392697
10878,0.43392697
10879,0.43392697
10880,0.43392697
10881,0.43392697
10882,0.43392697
10883,0.43392697
10884,0.43392697
10885,0.43392697
10886,0.43392697
10887,0.43392697
10888,0.43392697
10889,0.43392697
10890,0.43392697
10891,0.43392697
10892,0.43392697
10893,0.43392697
10894,0.43392697
10895,0.43392697
10896,0.43392697
10897,0.43392697
10898,0.43392697
10899,0.43392697
10900,0.43392697
10901,0.43392697
10902,0.43392697
10903,0.43392697
10904,0.43392697
10905,0.43392697
10906,0.43392697
10907,0.43392697
10908,0.43392697
10909,0.43392697
10910,0.43392697
10911,0.43392697
10912,0.43392697
10913,0.43392697
10914,0.43392697
10915,0.43392697
10916,0.43392697
10917,0.43392697
10918,0.43392697
10919,0.43392697
10920,0.43392697
10921,0.43392697
10922,0.43392697
10923,0.43392697
10924,0.43392697
10925,0.43392697
10926,0.43392697
10927,0.43392697
10928,0.43392697
10929,0.43392697
10930,0.43392697
10931,0.43392697
10932,0.43392697
10933,0.43392697
10934,0.43392697
10935,0.43392697
10936,0.43392697
10937,0.43392697
10938,0.43392697
10939,0.43392697
10940,0.43392697
10941,0.43392697
10942,0.43392697
10943,0.43392697
10944,0.43392697
10945,0.43392697
10946,0.43392697
10947,0.43392697
10948,0.43392697
10949,0.43392697
10950,0.43392697
10951,0.43392697
10952,0.43392697
10953,0.43392697
10954,0.43392697
10955,0.43392697
10956,0.43392697
10957,0.43392697
10958,0.43392697
10959,0.43392697
10960,0.43392697
10961,0.43392697
10962,0.43392697
10963,0.43392697
10964,0.43392697
10965,0.43392697
10966,0.43392697
10967,0.43392697
10968,0.43392697
10969,0.43392697
10970,0.43392697
10971,0.43392697
10972,0.43392697
10973,0.43392697
10974,0.43392697
10975,0.43392697
10976,0.43392697
10977,0.43392697
10978,0.43392697
10979,0.43392697
10980,0.43392697
10981,0.43392697
10982,0.43392697
10983,0.43392697
10984,0.43392697
10985,0.43392697
10986,0.43392697
10987,0.43392697
10988,0.43392697
10989,0.43392697
10990,0.43392697
10991,0.43392697
10992,0.43392697
10993,0.43392697
10994,0.43392697
10995,0.43392697
10996,0.43392697
10997,0.43392697
10998,0.43392697
10999,0.43392697
11000,0.43392697
11001,0.43392697
11002,0.43392697
11003,0.43392697
11004,0.43392697
11005,0.43392697
11006,0.43392697
11007,0.43392697
11008,0.43392697
11009,0.43392697
11010,0.43392697
11011,0.43392697
11012,0.43392697
11013,0.43392697
11014,0.43392697
11015,0.43392697
11016,0.43392697
11017,0.43392697
11018,0.43392697
11019,0.43392697
11020,0.43392697
11021,0.43392697
11022,0.43392697
11023,0.43392697
11024,0.43392697
11025,0.43392697
11026,0.43392697
11027,0.43392697
11028,0.43392697
11029,0.43392697
11030,0.43392697
11031,0.43392697
11032,0.43392697
11033,0.43392697
11034,0.43392697
11035,0.43392697
11036,0.43392697
11037,0.43392697
11038,0.43392697
11039,0.43392697
11040,0.43392697
11041,0.43392697
11042,0.43392697
11043,0.43392697
11044,0.43392697
11045,0.43392697
11046,0.43392697
11047,0.43392697
11048,0.43392697
11049,0.43392697
11050,0.43392697
11051,0.43392697
11052,0.43392697
11053,0.43392697
11054,0.43392697
11055,0.43392697
11056,0.43392697
11057,0.43392697
11058,0.43392697
11059,0.43392697
11060,0.43392697
11061,0.43392697
11062,0.43392697
11063,0.43392697
11064,0.43392697
11065,0.43392697
11066,0.43392697
11067,0.43392697
11068,0.43392697
11069,0.43392697
11070,0.43392697
11071,0.43392697
11072,0.43392697
11073,0.43392697
11074,0.43392697
11075,0.43392697
11076,0.43392697
11077,0.43392697
11078,0.43392697
11079,0.43392697
11080,0.43392697
11081,0.43392697
11082,0.43392697
11083,0.43392697
11084,0.43392697
11085,0.43392697
11086,0.43392697
11087,0.43392697
11088,0.43392697
11089,0.43392697
11090,0.43392697
11091,0.43392697
11092,0.43392697
11093,0.43392697
11094,0.43392697
11095,0.43392697
11096,0.43392697
11097,0.43392697
11098,0.43392697
11099,0.43392697
11100,0.43392697
11101,0.43392697
11102,0.43392697
11103,0.43392697
11104,0.43392697
11105,0.43392697
11106,0.43392697
11107,0.43392697
11108,0.43392697
11109,0.43392697
11110,0.43392697
11111,0.43392697
11112,0.43392697
11113,0.43392697
11114,0.43392697
11115,0.43392697
11116,0.43392697
11117,0.43392697
11118,0.43392697
11119,0.43392697
11120,0.43392697
11121,0.43392697
11122,0.43392697
11123,0.43392697
11124,0.43392697
11125,0.43392697
11126,0.43392697
11127,0.43392697
11128,0.43392697
11129,0.43392697
11130,0.43392697
11131,0.43392697
11132,0.43392697
11133,0.43392697
11134,0.43392697
11135,0.43392697
11136,0.43392697
11137,0.43392697
11138,0.43392697
11139,0.43392697
11140,0.43392697
11141,0.43392697
11142,0.43392697
11143,0.43392697
11144,0.43392697
11145,0.43392697
11146,0.43392697
11147,0.43392697
11148,0.43392697
11149,0.43392697
11150,0.43392697
11151,0.43392697
11152,0.43392697
11153,0.43392697
11154,0.43392697
11155,0.43392697
11156,0.43392697
11157,0.43392697
11158,0.43392697
11159,0.43392697
11160,0.43392697
11161,0.43392697
11162,0.43392697
11163,0.43392697
11164,0.43392697
11165,0.43392697
11166,0.43392697
11167,0.43392697
11168,0.43392697
11169,0.43392697
11170,0.43392697
11171,0.43392697
11172,0.43392697
11173,0.43392697
11174,0.43392697
11175,0.43392697
11176,0.43392697
11177,0.43392697
11178,0.43392697
11179,0.43392697
11180,0.43392697
11181,0.43392697
11182,0.43392697
11183,0.43392697
11184,0.43392697
11185,0.43392697
11186,0.43392697
11187,0.43392697
11188,0.43392697
11189,0.43392697
11190,0.43392697
11191,0.43392697
11192,0.43392697
11193,0.43392697
11194,0.43392697
11195,0.43392697
11196,0.43392697
11197,0.43392697
11198,0.43392697
11199,0.43392697
11200,0.43392697
11201,0.43392697
11202,0.43392697
11203,0.43392697
11204,0.43392697
11205,0.43392697
11206,0.43392697
11207,0.43392697
11208,0.43392697
11209,0.43392697
11210,0.43392697
11211,0.43392697
11212,0.43392697
11213,0.43392697
11214,0.43392697
11215,0.43392697
11216,0.43392697
11217,0.43392697
11218,0.43392697
11219,0.43392697
11220,0.43392697
11221,0.43392697
11222,0.43392697
11223,0.43392697
11224,0.43392697
11225,0.43392697
11226,0.43392697
11227,0.43392697
11228,0.43392697
11229,0.43392697
11230,0.43392697
11231,0.43392697
11232,0.43392697
11233,0.43392697
11234,0.43392697
11235,0.43392697
11236,0.43392697
11237,0.43392697
11238,0.43392697
11239,0.43392697
11240,0.43392697
11241,0.43392697
11242,0.43392697
11243,0.43392697
11244,0.43392697
11245,0.43392697
11246,0.43392697
11247,0.43392697
11248,0.43392697
11249,0.43392697
11250,0.43392697
11251,0.43392697
11252,0.43392697
11253,0.43392697
11254,0.43392697
11255,0.43392697
11256,0.43392697
11257,0.43392697
11258,0.43392697
11259,0.43392697
11260,0.43392697
11261,0.43392697
11262,0.43392697
11263,0.43392697
11264,0.43392697
11265,0.43392697
11266,0.43392697
11267,0.43392697
11268,0.43392697
11269,0.43392697
11270,0.43392697
11271,0.43392697
11272,0.43392697
11273,0.43392697
11274,0.43392697
11275,0.43392697
11276,0.43392697
11277,0.43392697
11278,0.43392697
11279,0.43392697
11280,0.43392697
11281,0.43392697
11282,0.43392697
11283,0.43392697
11284,0.43392697
11285,0.43392697
11286,0.43392697
11287,0.43392697
11288,0.43392697
11289,0.43392697
11290,0.43392697
11291,0.43392697
11292,0.43392697
11293,0.43392697
11294,0.43392697
11295,0.43392697
11296,0.43392697
11297,0.43392697
11298,0.43392697
11299,0.43392697
11300,0.43392697
11301,0.43392697
11302,0.43392697
11303,0.43392697
11304,0.43392697
11305,0.43392697
11306,0.43392697
11307,0.43392697
11308,0.43392697
11309,0.43392697
11310,0.43392697
11311,0.43392697
11312,0.43392697
11313,0.43392697
11314,0.43392697
11315,0.43392697
11316,0.43392697
11317,0.43392697
11318,0.43392697
11319,0.43392697
11320,0.43392697
11321,0.43392697
11322,0.43392697
11323,0.43392697
11324,0.43392697
11325,0.43392697
11326,0.43392697
11327,0.43392697
11328,0.43392697
11329,0.43392697
11330,0.43392697
11331,0.43392697
11332,0.43392697
11333,0.43392697
11334,0.43392697
11335,0.43392697
11336,0.43392697
11337,0.43392697
11338,0.43392697
11339,0.43392697
11340,0.43392697
11341,0.43392697
11342,0.43392697
11343,0.43392697
11344,0.43392697
11345,0.43392697
11346,0.43392697
11347,0.43392697
11348,0.43392697
11349,0.43392697
11350,0.43392697
11351,0.43392697
11352,0.43392697
11353,0.43392697
11354,0.43392697
11355,0.43392697
11356,0.43392697
11357,0.43392697
11358,0.43392697
11359,0.43392697
11360,0.43392697
11361,0.43392697
11362,0.43392697
11363,0.43392697
11364,0.43392697
11365,0.43392697
11366,0.43392697
11367,0.43392697
11368,0.43392697
11369,0.43392697
11370,0.43392697
11371,0.43392697
11372,0.43392697
11373,0.43392697
11374,0.43392697
11375,0.43392697
11376,0.43392697
11377,0.43392697
11378,0.43392697
11379,0.43392697
11380,0.43392697
11381,0.43392697
11382,0.43392697
11383,0.43392697
11384,0.43392697
11385,0.43392697
11386,0.43392697
11387,0.43392697
11388,0.43392697
11389,0.43392697
11390,0.43392697
11391,0.43392697
11392,0.43392697
11393,0.43392697
11394,0.43392697
11395,0.43392697
11396,0.43392697
11397,0.43392697
11398,0.43392697
11399,0.43392697
11400,0.43392697
11401,0.43392697
11402,0.43392697
11403,0.43392697
11404,0.43392697
11405,0.43392697
11406,0.43392697
11407,0.43392697
11408,0.43392697
11409,0.43392697
11410,0.43392697
11411,0.43392697
11412,0.43392697
11413,0.43392697
11414,0.43392697
11415,0.43392697
11416,0.43392697
11417,0.43392697
11418,0.43392697
11419,0.43392697
11420,0.43392697
11421,0.43392697
11422,0.43392697
11423,0.43392697
11424,0.43392697
11425,0.43392697
11426,0.43392697
11427,0.43392697
11428,0.43392697
11429,0.43392697
11430,0.43392697
11431,0.43392697
11432,0.43392697
11433,0.43392697
11434,0.43392697
11435,0.43392697
11436,0.43392697
11437,0.43392697
11438,0.43392697
11439,0.43392697
11440,0.43392697
11441,0.43392697
11442,0.43392697
11443,0.43392697
11444,0.43392697
11445,0.43392697
11446,0.43392697
11447,0.43392697
11448,0.43392697
11449,0.43392697
11450,0.43392697
11451,0.43392697
11452,0.43392697
11453,0.43392697
11454,0.43392697
11455,0.43392697
11456,0.43392697
11457,0.43392697
11458,0.43392697
11459,0.43392697
11460,0.43392697
11461,0.43392697
11462,0.43392697
11463,0.43392697
11464,0.43392697
11465,0.43392697
11466,0.43392697
11467,0.43392697
11468,0.43392697
11469,0.43392697
11470,0.43392697
11471,0.43392697
11472,0.43392697
11473,0.43392697
11474,0.43392697
11475,0.43392697
11476,0.43392697
11477,0.43392697
11478,0.43392697
11479,0.43392697
11480,0.43392697
11481,0.43392697
11482,0.43392697
11483,0.43392697
11484,0.43392697
11485,0.43392697
11486,0.43392697
11487,0.43392697
11488,0.43392697
11489,0.43392697
11490,0.43392697
11491,0.43392697
11492,0.43392697
11493,0.43392697
11494,0.43392697
11495,0.43392697
11496,0.43392697
11497,0.43392697
11498,0.43392697
11499,0.43392697
11500,0.43392697
11501,0.43392697
11502,0.43392697
11503,0.43392697
11504,0.43392697
11505,0.43392697
11506,0.43392697
11507,0.43392697
11508,0.43392697
11509,0.43392697
11510,0.43392697
11511,0.43392697
11512,0.43392697
11513,0.43392697
11514,0.43392697
11515,0.43392697
11516,0.43392697
11517,0.43392697
11518,0.43392697
11519,0.43392697
11520,0.43392697
11521,0.43392697
11522,0.43392697
11523,0.43392697
11524,0.43392697
11525,0.43392697
11526,0.43392697
11527,0.43392697
11528,0.43392697
11529,0.43392697
11530,0.43392697
11531,0.43392697
11532,0.43392697
11533,0.43392697
11534,0.43392697
11535,0.43392697
11536,0.43392697
11537,0.43392697
11538,0.43392697
11539,0.43392697
11540,0.43392697
11541,0.43392697
11542,0.43392697
11543,0.43392697
11544,0.43392697
11545,0.43392697
11546,0.43392697
11547,0.43392697
11548,0.43392697
11549,0.43392697
11550,0.43392697
11551,0.43392697
11552,0.43392697
11553,0.43392697
11554,0.43392697
11555,0.43392697
11556,0.43392697
11557,0.43392697
11558,0.43392697
11559,0.43392697
11560,0.43392697
11561,0.43392697
11562,0.43392697
11563,0.43392697
11564,0.43392697
11565,0.43392697
11566,0.43392697
11567,0.43392697
11568,0.43392697
11569,0.43392697
11570,0.43392697
11571,0.43392697
11572,0.43392697
11573,0.43392697
11574,0.43392697
11575,0.43392697
11576,0.43392697
11577,0.43392697
11578,0.43392697
11579,0.43392697
11580,0.43392697
11581,0.43392697
11582,0.43392697
11583,0.43392697
11584,0.43392697
11585,0.43392697
11586,0.43392697
11587,0.43392697
11588,0.43392697
11589,0.43392697
11590,0.43392697
11591,0.43392697
11592,0.43392697
11593,0.43392697
11594,0.43392697
11595,0.43392697
11596,0.43392697
11597,0.43392697
11598,0.43392697
11599,0.43392697
11600,0.43392697
11601,0.43392697
11602,0.43392697
11603,0.43392697
11604,0.43392697
11605,0.43392697
11606,0.43392697
11607,0.43392697
11608,0.43392697
11609,0.43392697
11610,0.43392697
11611,0.43392697
11612,0.43392697
11613,0.43392697
11614,0.43392697
11615,0.43392697
11616,0.43392697
11617,0.43392697
11618,0.43392697
11619,0.43392697
11620,0.43392697
11621,0.43392697
11622,0.43392697
11623,0.43392697
11624,0.43392697
11625,0.43392697
11626,0.43392697
11627,0.43392697
11628,0.43392697
11629,0.43392697
11630,0.43392697
11631,0.43392697
11632,0.43392697
11633,0.43392697
11634,0.43392697
11635,0.43392697
11636,0.43392697
11637,0.43392697
11638,0.43392697
11639,0.43392697
11640,0.43392697
11641,0.43392697
11642,0.43392697
11643,0.43392697
11644,0.43392697
11645,0.43392697
11646,0.43392697
11647,0.43392697
11648,0.43392697
11649,0.43392697
11650,0.43392697
11651,0.43392697
11652,0.43392697
11653,0.43392697
11654,0.43392697
11655,0.43392697
11656,0.43392697
11657,0.43392697
11658,0.43392697
11659,0.43392697
11660,0.43392697
11661,0.43392697
11662,0.43392697
11663,0.43392697
11664,0.43392697
11665,0.43392697
11666,0.43392697
11667,0.43392697
11668,0.43392697
11669,0.43392697
11670,0.43392697
11671,0.43392697
11672,0.43392697
11673,0.43392697
11674,0.43392697
11675,0.43392697
11676,0.43392697
11677,0.43392697
11678,0.43392697
11679,0.43392697
11680,0.43392697
11681,0.43392697
11682,0.43392697
11683,0.43392697
11684,0.43392697
11685,0.43392697
11686,0.43392697
11687,0.43392697
11688,0.43392697
11689,0.43392697
11690,0.43392697
11691,0.43392697
11692,0.43392697
11693,0.43392697
11694,0.43392697
11695,0.43392697
11696,0.43392697
11697,0.43392697
11698,0.43392697
11699,0.43392697
11700,0.43392697
11701,0.43392697
11702,0.43392697
11703,0.43392697
11704,0.43392697
11705,0.43392697
11706,0.43392697
11707,0.43392697
11708,0.43392697
11709,0.43392697
11710,0.43392697
11711,0.43392697
11712,0.43392697
11713,0.43392697
11714,0.43392697
11715,0.43392697
11716,0.43392697
11717,0.43392697
11718,0.43392697
11719,0.43392697
11720,0.43392697
11721,0.43392697
11722,0.43392697
11723,0.43392697
11724,0.43392697
11725,0.43392697
11726,0.43392697
11727,0.43392697
11728,0.43392697
11729,0.43392697
11730,0.43392697
11731,0.43392697
11732,0.43392697
11733,0.43392697
11734,0.43392697
11735,0.43392697
11736,0.43392697
11737,0.43392697
11738,0.43392697
11739,0.43392697
11740,0.43392697
11741,0.43392697
11742,0.43392697
11743,0.43392697
11744,0.43392697
11745,0.43392697
11746,0.43392697
11747,0.43392697
11748,0.43392697
11749,0.43392697
11750,0.43392697
11751,0.43392697
11752,0.43392697
11753,0.43392697
11754,0.43392697
11755,0.43392697
11756,0.43392697
11757,0.43392697
11758,0.43392697
11759,0.43392697
11760,0.43392697
11761,0.43392697
11762,0.43392697
11763,0.43392697
11764,0.43392697
11765,0.43392697
11766,0.43392697
11767,0.43392697
11768,0.43392697
11769,0.43392697
11770,0.43392697
11771,0.43392697
11772,0.43392697
11773,0.43392697
11774,0.43392697
11775,0.43392697
11776,0.43392697
11777,0.43392697
11778,0.43392697
11779,0.43392697
11780,0.43392697
11781,0.43392697
11782,0.43392697
11783,0.43392697
11784,0.43392697
11785,0.43392697
11786,0.43392697
11787,0.43392697
11788,0.43392697
11789,0.43392697
11790,0.43392697
11791,0.43392697
11792,0.43392697
11793,0.43392697
11794,0.43392697
11795,0.43392697
11796,0.43392697
11797,0.43392697
11798,0.43392697
11799,0.43392697
11800,0.43392697
11801,0.43392697
11802,0.43392697
11803,0.43392697
11804,0.43392697
11805,0.43392697
11806,0.43392697
11807,0.43392697
11808,0.43392697
11809,0.43392697
11810,0.43392697
11811,0.43392697
11812,0.43392697
11813,0.43392697
11814,0.43392697
11815,0.43392697
11816,0.43392697
11817,0.43392697
11818,0.43392697
11819,0.43392697
11820,0.43392697
11821,0.43392697
11822,0.43392697
11823,0.43392697
11824,0.43392697
11825,0.43392697
11826,0.43392697
11827,0.43392697
11828,0.43392697
11829,0.43392697
11830,0.43392697
11831,0.43392697
11832,0.43392697
11833,0.43392697
11834,0.43392697
11835,0.43392697
11836,0.43392697
11837,0.43392697
11838,0.43392697
11839,0.43392697
11840,0.43392697
11841,0.43392697
11842,0.43392697
11843,0.43392697
11844,0.43392697
11845,0.43392697
11846,0.43392697
11847,0.43392697
11848,0.43392697
11849,0.43392697
11850,0.43392697
11851,0.43392697
11852,0.43392697
11853,0.43392697
11854,0.43392697
11855,0.43392697
11856,0.43392697
11857,0.43392697
11858,0.43392697
11859,0.43392697
11860,0.43392697
11861,0.43392697
11862,0.43392697
11863,0.43392697
11864,0.43392697
11865,0.43392697
11866,0.43392697
11867,0.43392697
11868,0.43392697
11869,0.43392697
11870,0.43392697
11871,0.43392697
11872,0.43392697
11873,0.43392697
11874,0.43392697
11875,0.43392697
11876,0.43392697
11877,0.43392697
11878,0.43392697
11879,0.43392697
11880,0.43392697
11881,0.43392697
11882,0.43392697
11883,0.43392697
11884,0.43392697
11885,0.43392697
11886,0.43392697
11887,0.43392697
11888,0.43392697
11889,0.43392697
11890,0.43392697
11891,0.43392697
11892,0.43392697
11893,0.43392697
11894,0.43392697
11895,0.43392697
11896,0.43392697
11897,0.43392697
11898,0.43392697
11899,0.43392697
11900,0.43392697
11901,0.43392697
11902,0.43392697
11903,0.43392697
11904,0.43392697
11905,0.43392697
11906,0.43392697
11907,0.43392697
11908,0.43392697
11909,0.43392697
11910,0.43392697
11911,0.43392697
11912,0.43392697
11913,0.43392697
11914,0.43392697
11915,0.43392697
11916,0.43392697
11917,0.43392697
11918,0.43392697
11919,0.43392697
11920,0.43392697
11921,0.43392697
11922,0.43392697
11923,0.43392697
11924,0.43392697
11925,0.43392697
11926,0.43392697
11927,0.43392697
11928,0.43392697
11929,0.43392697
11930,0.43392697
11931,0.43392697
11932,0.43392697
11933,0.43392697
11934,0.43392697
11935,0.43392697
11936,0.43392697
11937,0.43392697
11938,0.43392697
11939,0.43392697
11940,0.43392697
11941,0.43392697
11942,0.43392697
11943,0.43392697
11944,0.43392697
11945,0.43392697
11946,0.43392697
11947,0.43392697
11948,0.43392697
11949,0.43392697
11950,0.43392697
11951,0.43392697
11952,0.43392697
11953,0.43392697
11954,0.43392697
11955,0.43392697
11956,0.43392697
11957,0.43392697
11958,0.43392697
11959,0.43392697
11960,0.43392697
11961,0.43392697
11962,0.43392697
11963,0.43392697
11964,0.43392697
11965,0.43392697
11966,0.43392697
11967,0.43392697
11968,0.43392697
11969,0.43392697
11970,0.43392697
11971,0.43392697
11972,0.43392697
11973,0.43392697
11974,0.43392697
11975,0.43392697
11976,0.43392697
11977,0.43392697
11978,0.43392697
11979,0.43392697
11980,0.43392697
11981,0.43392697
11982,0.43392697
11983,0.43392697
11984,0.43392697
11985,0.43392697
11986,0.43392697
11987,0.43392697
11988,0.43392697
11989,0.43392697
11990,0.43392697
11991,0.43392697
11992,0.43392697
11993,0.43392697
11994,0.43392697
11995,0.43392697
11996,0.43392697
11997,0.43392697
11998,0.43392697
11999,0.43392697
12000,0.43392697
12001,0.43392697
12002,0.43392697
12003,0.43392697
12004,0.43392697
12005,0.43392697
12006,0.43392697
12007,0.43392697
12008,0.43392697
12009,0.43392697
12010,0.43392697
12011,0.43392697
12012,0.43392697
12013,0.43392697
12014,0.43392697
12015,0.43392697
12016,0.43392697
12017,0.43392697
12018,0.43392697
12019,0.43392697
12020,0.43392697
12021,0.43392697
12022,0.43392697
12023,0.43392697
12024,0.43392697
12025,0.43392697
12026,0.43392697
12027,0.43392697
12028,0.43392697
12029,0.43392697
12030,0.43392697
12031,0.43392697
12032,0.43392697
12033,0.43392697
12034,0.43392697
12035,0.43392697
12036,0.43392697
12037,0.43392697
12038,0.43392697
12039,0.43392697
12040,0.43392697
12041,0.43392697
12042,0.43392697
12043,0.43392697
12044,0.43392697
12045,0.43392697
12046,0.43392697
12047,0.43392697
12048,0.43392697
12049,0.43392697
12050,0.43392697
12051,0.43392697
12052,0.43392697
12053,0.43392697
12054,0.43392697
12055,0.43392697
12056,0.43392697
12057,0.43392697
12058,0.43392697
12059,0.43392697
12060,0.43392697
12061,0.43392697
12062,0.43392697
12063,0.43392697
12064,0.43392697
12065,0.43392697
12066,0.43392697
12067,0.43392697
12068,0.43392697
12069,0.43392697
12070,0.43392697
12071,0.43392697
12072,0.43392697
12073,0.43392697
12074,0.43392697
12075,0.43392697
12076,0.43392697
12077,0.43392697
12078,0.43392697
12079,0.43392697
12080,0.43392697
12081,0.43392697
12082,0.43392697
12083,0.43392697
12084,0.43392697
12085,0.43392697
12086,0.43392697
12087,0.43392697
12088,0.43392697
12089,0.43392697
12090,0.43392697
12091,0.43392697
12092,0.43392697
12093,0.43392697
12094,0.43392697
12095,0.43392697
12096,0.43392697
12097,0.43392697
12098,0.43392697
12099,0.43392697
12100,0.43392697
12101,0.43392697
12102,0.43392697
12103,0.43392697
12104,0.43392697
12105,0.43392697
12106,0.43392697
12107,0.43392697
12108,0.43392697
12109,0.43392697
12110,0.43392697
12111,0.43392697
12112,0.43392697
12113,0.43392697
12114,0.43392697
12115,0.43392697
12116,0.43392697
12117,0.43392697
12118,0.43392697
12119,0.43392697
12120,0.43392697
12121,0.43392697
12122,0.43392697
12123,0.43392697
12124,0.43392697
12125,0.43392697
12126,0.43392697
12127,0.43392697
12128,0.43392697
12129,0.43392697
12130,0.43392697
12131,0.43392697
12132,0.43392697
12133,0.43392697
12134,0.43392697
12135,0.43392697
12136,0.43392697
12137,0.43392697
12138,0.43392697
12139,0.43392697
12140,0.43392697
12141,0.43392697
12142,0.43392697
12143,0.43392697
12144,0.43392697
12145,0.43392697
12146,0.43392697
12147,0.43392697
12148,0.43392697
12149,0.43392697
12150,0.43392697
12151,0.43392697
12152,0.43392697
12153,0.43392697
12154,0.43392697
12155,0.43392697
12156,0.43392697
12157,0.43392697
12158,0.43392697
12159,0.43392697
12160,0.43392697
12161,0.43392697
12162,0.43392697
12163,0.43392697
12164,0.43392697
12165,0.43392697
12166,0.43392697
12167,0.43392697
12168,0.43392697
12169,0.43392697
12170,0.43392697
12171,0.43392697
12172,0.43392697
12173,0.43392697
12174,0.43392697
12175,0.43392697
12176,0.43392697
12177,0.43392697
12178,0.43392697
12179,0.43392697
12180,0.43392697
12181,0.43392697
12182,0.43392697
12183,0.43392697
12184,0.43392697
12185,0.43392697
12186,0.43392697
12187,0.43392697
12188,0.43392697
12189,0.43392697
12190,0.43392697
12191,0.43392697
12192,0.43392697
12193,0.43392697
12194,0.43392697
12195,0.43392697
12196,0.43392697
12197,0.43392697
12198,0.43392697
12199,0.43392697
12200,0.43392697
12201,0.43392697
12202,0.43392697
12203,0.43392697
12204,0.43392697
12205,0.43392697
12206,0.43392697
12207,0.43392697
12208,0.43392697
12209,0.43392697
12210,0.43392697
12211,0.43392697
12212,0.43392697
12213,0.43392697
12214,0.43392697
12215,0.43392697
12216,0.43392697
12217,0.43392697
12218,0.43392697
12219,0.43392697
12220,0.43392697
12221,0.43392697
12222,0.43392697
12223,0.43392697
12224,0.43392697
12225,0.43392697
12226,0.43392697
12227,0.43392697
12228,0.43392697
12229,0.43392697
12230,0.43392697
12231,0.43392697
12232,0.43392697
12233,0.43392697
12234,0.43392697
12235,0.43392697
12236,0.43392697
12237,0.43392697
12238,0.43392697
12239,0.43392697
12240,0.43392697
12241,0.43392697
12242,0.43392697
12243,0.43392697
12244,0.43392697
12245,0.43392697
12246,0.43392697
12247,0.43392697
12248,0.43392697
12249,0.43392697
12250,0.43392697
12251,0.43392697
12252,0.43392697
12253,0.43392697
12254,0.43392697
12255,0.43392697
12256,0.43392697
12257,0.43392697
12258,0.43392697
12259,0.43392697
12260,0.43392697
12261,0.43392697
12262,0.43392697
12263,0.43392697
12264,0.43392697
12265,0.43392697
12266,0.43392697
12267,0.43392697
12268,0.43392697
12269,0.43392697
12270,0.43392697
12271,0.43392697
12272,0.43392697
12273,0.43392697
12274,0.43392697
12275,0.43392697
12276,0.43392697
12277,0.43392697
12278,0.43392697
12279,0.43392697
12280,0.43392697
12281,0.43392697
12282,0.43392697
12283,0.43392697
12284,0.43392697
12285,0.43392697
12286,0.43392697
12287,0.43392697
12288,0.43392697
12289,0.43392697
12290,0.43392697
12291,0.43392697
12292,0.43392697
12293,0.43392697
12294,0.43392697
12295,0.43392697
12296,0.43392697
12297,0.43392697
12298,0.43392697
12299,0.43392697
12300,0.43392697
12301,0.43392697
12302,0.43392697
12303,0.43392697
12304,0.43392697
12305,0.43392697
12306,0.43392697
12307,0.43392697
12308,0.43392697
12309,0.43392697
12310,0.43392697
12311,0.43392697
12312,0.43392697
12313,0.43392697
12314,0.43392697
12315,0.43392697
12316,0.43392697
12317,0.43392697
12318,0.43392697
12319,0.43392697
12320,0.43392697
12321,0.43392697
12322,0.43392697
12323,0.43392697
12324,0.43392697
12325,0.43392697
12326,0.43392697
12327,0.43392697
12328,0.43392697
12329,0.43392697
12330,0.43392697
12331,0.43392697
12332,0.43392697
12333,0.43392697
12334,0.43392697
12335,0.43392697
12336,0.43392697
12337,0.43392697
12338,0.43392697
12339,0.43392697
12340,0.43392697
12341,0.43392697
12342,0.43392697
12343,0.43392697
12344,0.43392697
12345,0.43392697
12346,0.43392697
12347,0.43392697
12348,0.43392697
12349,0.43392697
12350,0.43392697
12351,0.43392697
12352,0.43392697
12353,0.43392697
12354,0.43392697
12355,0.43392697
12356,0.43392697
12357,0.43392697
12358,0.43392697
12359,0.43392697
12360,0.43392697
12361,0.43392697
12362,0.43392697
12363,0.43392697
12364,0.43392697
12365,0.43392697
12366,0.43392697
12367,0.43392697
12368,0.43392697
12369,0.43392697
12370,0.43392697
12371,0.43392697
12372,0.43392697
12373,0.43392697
12374,0.43392697
12375,0.43392697
12376,0.43392697
12377,0.43392697
12378,0.43392697
12379,0.43392697
12380,0.43392697
12381,0.43392697
12382,0.43392697
12383,0.43392697
12384,0.43392697
12385,0.43392697
12386,0.43392697
12387,0.43392697
12388,0.43392697
12389,0.43392697
12390,0.43392697
12391,0.43392697
12392,0.43392697
12393,0.43392697
12394,0.43392697
12395,0.43392697
12396,0.43392697
12397,0.43392697
12398,0.43392697
12399,0.43392697
12400,0.43392697
12401,0.43392697
12402,0.43392697
12403,0.43392697
12404,0.43392697
12405,0.43392697
12406,0.43392697
12407,0.43392697
12408,0.43392697
12409,0.43392697
12410,0.43392697
12411,0.43392697
12412,0.43392697
12413,0.43392697
12414,0.43392697
12415,0.43392697
12416,0.43392697
12417,0.43392697
12418,0.43392697
12419,0.43392697
12420,0.43392697
12421,0.43392697
12422,0.43392697
12423,0.43392697
12424,0.43392697
12425,0.43392697
12426,0.43392697
12427,0.43392697
12428,0.43392697
12429,0.43392697
12430,0.43392697
12431,0.43392697
12432,0.43392697
12433,0.43392697
12434,0.43392697
12435,0.43392697
12436,0.43392697
12437,0.43392697
12438,0.43392697
12439,0.43392697
12440,0.43392697
12441,0.43392697
12442,0.43392697
12443,0.43392697
12444,0.43392697
12445,0.43392697
12446,0.43392697
12447,0.43392697
12448,0.43392697
12449,0.43392697
12450,0.43392697
12451,0.43392697
12452,0.43392697
12453,0.43392697
12454,0.43392697
12455,0.43392697
12456,0.43392697
12457,0.43392697
12458,0.43392697
12459,0.43392697
12460,0.43392697
12461,0.43392697
12462,0.43392697
12463,0.43392697
12464,0.43392697
12465,0.43392697
12466,0.43392697
12467,0.43392697
12468,0.43392697
12469,0.43392697
12470,0.43392697
12471,0.43392697
12472,0.43392697
12473,0.43392697
12474,0.43392697
12475,0.43392697
12476,0.43392697
12477,0.43392697
12478,0.43392697
12479,0.43392697
12480,0.43392697
12481,0.43392697
12482,0.43392697
12483,0.43392697
12484,0.43392697
12485,0.43392697
12486,0.43392697
12487,0.43392697
12488,0.43392697
12489,0.43392697
12490,0.43392697
12491,0.43392697
12492,0.43392697
12493,0.43392697
12494,0.43392697
12495,0.43392697
12496,0.43392697
12497,0.43392697
12498,0.43392697
12499,0.43392697
12500,0.43392697
12501,0.43392697
12502,0.43392697
12503,0.43392697
12504,0.43392697
12505,0.43392697
12506,0.43392697
12507,0.43392697
12508,0.43392697
12509,0.43392697
12510,0.43392697
12511,0.43392697
12512,0.43392697
12513,0.43392697
12514,0.43392697
12515,0.43392697
12516,0.43392697
12517,0.43392697
12518,0.43392697
12519,0.43392697
12520,0.43392697
12521,0.43392697
12522,0.43392697
12523,0.43392697
12524,0.43392697
12525,0.43392697
12526,0.43392697
12527,0.43392697
12528,0.43392697
12529,0.43392697
12530,0.43392697
12531,0.43392697
12532,0.43392697
12533,0.43392697
12534,0.43392697
12535,0.43392697
12536,0.43392697
12537,0.43392697
12538,0.43392697
12539,0.43392697
12540,0.43392697
12541,0.43392697
12542,0.43392697
12543,0.43392697
12544,0.43392697
12545,0.43392697
12546,0.43392697
12547,0.43392697
12548,0.43392697
12549,0.43392697
12550,0.43392697
12551,0.43392697
12552,0.43392697
12553,0.43392697
12554,0.43392697
12555,0.43392697
12556,0.43392697
12557,0.43392697
12558,0.43392697
12559,0.43392697
12560,0.43392697
12561,0.43392697
12562,0.43392697
12563,0.43392697
12564,0.43392697
12565,0.43392697
12566,0.43392697
12567,0.43392697
12568,0.43392697
12569,0.43392697
12570,0.43392697
12571,0.43392697
12572,0.43392697
12573,0.43392697
12574,0.43392697
12575,0.43392697
12576,0.43392697
12577,0.43392697
12578,0.43392697
12579,0.43392697
12580,0.43392697
12581,0.43392697
12582,0.43392697
12583,0.43392697
12584,0.43392697
12585,0.43392697
12586,0.43392697
12587,0.43392697
12588,0.43392697
12589,0.43392697
12590,0.43392697
12591,0.43392697
12592,0.43392697
12593,0.43392697
12594,0.43392697
12595,0.43392697
12596,0.43392697
12597,0.43392697
12598,0.43392697
12599,0.43392697
12600,0.43392697
12601,0.43392697
12602,0.43392697
12603,0.43392697
12604,0.43392697
12605,0.43392697
12606,0.43392697
12607,0.43392697
12608,0.43392697
12609,0.43392697
12610,0.43392697
12611,0.43392697
12612,0.43392697
12613,0.43392697
12614,0.43392697
12615,0.43392697
12616,0.43392697
12617,0.43392697
12618,0.43392697
12619,0.43392697
12620,0.43392697
12621,0.43392697
12622,0.43392697
12623,0.43392697
12624,0.43392697
12625,0.43392697
12626,0.43392697
12627,0.43392697
12628,0.43392697
12629,0.43392697
12630,0.43392697
12631,0.43392697
12632,0.43392697
12633,0.43392697
12634,0.43392697
12635,0.43392697
12636,0.43392697
12637,0.43392697
12638,0.43392697
12639,0.43392697
12640,0.43392697
12641,0.43392697
12642,0.43392697
12643,0.43392697
12644,0.43392697
12645,0.43392697
12646,0.43392697
12647,0.43392697
12648,0.43392697
12649,0.43392697
12650,0.43392697
12651,0.43392697
12652,0.43392697
12653,0.43392697
12654,0.43392697
12655,0.43392697
12656,0.43392697
12657,0.43392697
12658,0.43392697
12659,0.43392697
12660,0.43392697
12661,0.43392697
12662,0.43392697
12663,0.43392697
12664,0.43392697
12665,0.43392697
12666,0.43392697
12667,0.43392697
12668,0.43392697
12669,0.43392697
12670,0.43392697
12671,0.43392697
12672,0.43392697
12673,0.43392697
12674,0.43392697
12675,0.43392697
12676,0.43392697
12677,0.43392697
12678,0.43392697
12679,0.43392697
12680,0.43392697
12681,0.43392697
12682,0.43392697
12683,0.43392697
12684,0.43392697
12685,0.43392697
12686,0.43392697
12687,0.43392697
12688,0.43392697
12689,0.43392697
12690,0.43392697
12691,0.43392697
12692,0.43392697
12693,0.43392697
12694,0.43392697
12695,0.43392697
12696,0.43392697
12697,0.43392697
12698,0.43392697
12699,0.43392697
12700,0.43392697
12701,0.43392697
12702,0.43392697
12703,0.43392697
12704,0.43392697
12705,0.43392697
12706,0.43392697
12707,0.43392697
12708,0.43392697
12709,0.43392697
12710,0.43392697
12711,0.43392697
12712,0.43392697
12713,0.43392697
12714,0.43392697
12715,0.43392697
12716,0.43392697
12717,0.43392697
12718,0.43392697
12719,0.43392697
12720,0.43392697
12721,0.43392697
12722,0.43392697
12723,0.43392697
12724,0.43392697
12725,0.43392697
12726,0.43392697
12727,0.43392697
12728,0.43392697
12729,0.43392697
12730,0.43392697
12731,0.43392697
12732,0.43392697
12733,0.43392697
12734,0.43392697
12735,0.43392697
12736,0.43392697
12737,0.43392697
12738,0.43392697
12739,0.43392697
12740,0.43392697
12741,0.43392697
12742,0.43392697
12743,0.43392697
12744,0.43392697
12745,0.43392697
12746,0.43392697
12747,0.43392697
12748,0.43392697
12749,0.43392697
12750,0.43392697
12751,0.43392697
12752,0.43392697
12753,0.43392697
12754,0.43392697
12755,0.43392697
12756,0.43392697
12757,0.43392697
12758,0.43392697
12759,0.43392697
12760,0.43392697
12761,0.43392697
12762,0.43392697
12763,0.43392697
12764,0.43392697
12765,0.43392697
12766,0.43392697
12767,0.43392697
12768,0.43392697
12769,0.43392697
12770,0.43392697
12771,0.43392697
12772,0.43392697
12773,0.43392697
12774,0.43392697
12775,0.43392697
12776,0.43392697
12777,0.43392697
12778,0.43392697
12779,0.43392697
12780,0.43392697
12781,0.43392697
12782,0.43392697
12783,0.43392697
12784,0.43392697
12785,0.43392697
12786,0.43392697
12787,0.43392697
12788,0.43392697
12789,0.43392697
12790,0.43392697
12791,0.43392697
12792,0.43392697
12793,0.43392697
12794,0.43392697
12795,0.43392697
12796,0.43392697
12797,0.43392697
12798,0.43392697
12799,0.43392697
12800,0.43392697
12801,0.43392697
12802,0.43392697
12803,0.43392697
12804,0.43392697
12805,0.43392697
12806,0.43392697
12807,0.43392697
12808,0.43392697
12809,0.43392697
12810,0.43392697
12811,0.43392697
12812,0.43392697
12813,0.43392697
12814,0.43392697
12815,0.43392697
12816,0.43392697
12817,0.43392697
12818,0.43392697
12819,0.43392697
12820,0.43392697
12821,0.43392697
12822,0.43392697
12823,0.43392697
12824,0.43392697
12825,0.43392697
12826,0.43392697
12827,0.43392697
12828,0.43392697
12829,0.43392697
12830,0.43392697
12831,0.43392697
12832,0.43392697
12833,0.43392697
12834,0.43392697
12835,0.43392697
12836,0.43392697
12837,0.43392697
12838,0.43392697
12839,0.43392697
12840,0.43392697
12841,0.43392697
12842,0.43392697
12843,0.43392697
12844,0.43392697
12845,0.43392697
12846,0.43392697
12847,0.43392697
12848,0.43392697
12849,0.43392697
12850,0.43392697
12851,0.43392697
12852,0.43392697
12853,0.43392697
12854,0.43392697
12855,0.43392697
12856,0.43392697
12857,0.43392697
12858,0.43392697
12859,0.43392697
12860,0.43392697
12861,0.43392697
12862,0.43392697
12863,0.43392697
12864,0.43392697
12865,0.43392697
12866,0.43392697
12867,0.43392697
12868,0.43392697
12869,0.43392697
12870,0.43392697
12871,0.43392697
12872,0.43392697
12873,0.43392697
12874,0.43392697
12875,0.43392697
12876,0.43392697
12877,0.43392697
12878,0.43392697
12879,0.43392697
12880,0.43392697
12881,0.43392697
12882,0.43392697
12883,0.43392697
12884,0.43392697
12885,0.43392697
12886,0.43392697
12887,0.43392697
12888,0.43392697
12889,0.43392697
12890,0.43392697
12891,0.43392697
12892,0.43392697
12893,0.43392697
12894,0.43392697
12895,0.43392697
12896,0.43392697
12897,0.43392697
12898,0.43392697
12899,0.43392697
12900,0.43392697
12901,0.43392697
12902,0.43392697
12903,0.43392697
12904,0.43392697
12905,0.43392697
12906,0.43392697
12907,0.43392697
12908,0.43392697
12909,0.43392697
12910,0.43392697
12911,0.43392697
12912,0.43392697
12913,0.43392697
12914,0.43392697
12915,0.43392697
12916,0.43392697
12917,0.43392697
12918,0.43392697
12919,0.43392697
12920,0.43392697
12921,0.43392697
12922,0.43392697
12923,0.43392697
12924,0.43392697
12925,0.43392697
12926,0.43392697
12927,0.43392697
12928,0.43392697
12929,0.43392697
12930,0.43392697
12931,0.43392697
12932,0.43392697
12933,0.43392697
12934,0.43392697
12935,0.43392697
12936,0.43392697
12937,0.43392697
12938,0.43392697
12939,0.43392697
12940,0.43392697
12941,0.43392697
12942,0.43392697
12943,0.43392697
12944,0.43392697
12945,0.43392697
12946,0.43392697
12947,0.43392697
12948,0.43392697
12949,0.43392697
12950,0.43392697
12951,0.43392697
12952,0.43392697
12953,0.43392697
12954,0.43392697
12955,0.43392697
12956,0.43392697
12957,0.43392697
12958,0.43392697
12959,0.43392697
12960,0.43392697
12961,0.43392697
12962,0.43392697
12963,0.43392697
12964,0.43392697
12965,0.43392697
12966,0.43392697
12967,0.43392697
12968,0.43392697
12969,0.43392697
12970,0.43392697
12971,0.43392697
12972,0.43392697
12973,0.43392697
12974,0.43392697
12975,0.43392697
12976,0.43392697
12977,0.43392697
12978,0.43392697
12979,0.43392697
12980,0.43392697
12981,0.43392697
12982,0.43392697
12983,0.43392697
12984,0.43392697
12985,0.43392697
12986,0.43392697
12987,0.43392697
12988,0.43392697
12989,0.43392697
12990,0.43392697
12991,0.43392697
12992,0.43392697
12993,0.43392697
12994,0.43392697
12995,0.43392697
12996,0.43392697
12997,0.43392697
12998,0.43392697
12999,0.43392697
13000,0.43392697
13001,0.43392697
13002,0.43392697
13003,0.43392697
13004,0.43392697
13005,0.43392697
13006,0.43392697
13007,0.43392697
13008,0.43392697
13009,0.43392697
13010,0.43392697
13011,0.43392697
13012,0.43392697
13013,0.43392697
13014,0.43392697
13015,0.43392697
13016,0.43392697
13017,0.43392697
13018,0.43392697
13019,0.43392697
13020,0.43392697
13021,0.43392697
13022,0.43392697
13023,0.43392697
13024,0.43392697
13025,0.43392697
13026,0.43392697
13027,0.43392697
13028,0.43392697
13029,0.43392697
13030,0.43392697
13031,0.43392697
13032,0.43392697
13033,0.43392697
13034,0.43392697
13035,0.43392697
13036,0.43392697
13037,0.43392697
13038,0.43392697
13039,0.43392697
13040,0.43392697
13041,0.43392697
13042,0.43392697
13043,0.43392697
13044,0.43392697
13045,0.43392697
13046,0.43392697
13047,0.43392697
13048,0.43392697
13049,0.43392697
13050,0.43392697
13051,0.43392697
13052,0.43392697
13053,0.43392697
13054,0.43392697
13055,0.43392697
13056,0.43392697
13057,0.43392697
13058,0.43392697
13059,0.43392697
13060,0.43392697
13061,0.43392697
13062,0.43392697
13063,0.43392697
13064,0.43392697
13065,0.43392697
13066,0.43392697
13067,0.43392697
13068,0.43392697
13069,0.43392697
13070,0.43392697
13071,0.43392697
13072,0.43392697
13073,0.43392697
13074,0.43392697
13075,0.43392697
13076,0.43392697
13077,0.43392697
13078,0.43392697
13079,0.43392697
13080,0.43392697
13081,0.43392697
13082,0.43392697
13083,0.43392697
13084,0.43392697
13085,0.43392697
13086,0.43392697
13087,0.43392697
13088,0.43392697
13089,0.43392697
13090,0.43392697
13091,0.43392697
13092,0.43392697
13093,0.43392697
13094,0.43392697
13095,0.43392697
13096,0.43392697
13097,0.43392697
13098,0.43392697
13099,0.43392697
13100,0.43392697
13101,0.43392697
13102,0.43392697
13103,0.43392697
13104,0.43392697
13105,0.43392697
13106,0.43392697
13107,0.43392697
13108,0.43392697
13109,0.43392697
13110,0.43392697
13111,0.43392697
13112,0.43392697
13113,0.43392697
13114,0.43392697
13115,0.43392697
13116,0.43392697
13117,0.43392697
13118,0.43392697
13119,0.43392697
13120,0.43392697
13121,0.43392697
13122,0.43392697
13123,0.43392697
13124,0.43392697
13125,0.43392697
13126,0.43392697
13127,0.43392697
13128,0.43392697
13129,0.43392697
13130,0.43392697
13131,0.43392697
13132,0.43392697
13133,0.43392697
13134,0.43392697
13135,0.43392697
13136,0.43392697
13137,0.43392697
13138,0.43392697
13139,0.43392697
13140,0.43392697
13141,0.43392697
13142,0.43392697
13143,0.43392697
13144,0.43392697
13145,0.43392697
13146,0.43392697
13147,0.43392697
13148,0.43392697
13149,0.43392697
13150,0.43392697
13151,0.43392697
13152,0.43392697
13153,0.43392697
13154,0.43392697
13155,0.43392697
13156,0.43392697
13157,0.43392697
13158,0.43392697
13159,0.43392697
13160,0.43392697
13161,0.43392697
13162,0.43392697
13163,0.43392697
13164,0.43392697
13165,0.43392697
13166,0.43392697
13167,0.43392697
13168,0.43392697
13169,0.43392697
13170,0.43392697
13171,0.43392697
13172,0.43392697
13173,0.43392697
13174,0.43392697
13175,0.43392697
13176,0.43392697
13177,0.43392697
13178,0.43392697
13179,0.43392697
13180,0.43392697
13181,0.43392697
13182,0.43392697
13183,0.43392697
13184,0.43392697
13185,0.43392697
13186,0.43392697
13187,0.43392697
13188,0.43392697
13189,0.43392697
13190,0.43392697
13191,0.43392697
13192,0.43392697
13193,0.43392697
13194,0.43392697
13195,0.43392697
13196,0.43392697
13197,0.43392697
13198,0.43392697
13199,0.43392697
13200,0.43392697
13201,0.43392697
13202,0.43392697
13203,0.43392697
13204,0.43392697
13205,0.43392697
13206,0.43392697
13207,0.43392697
13208,0.43392697
13209,0.43392697
13210,0.43392697
13211,0.43392697
13212,0.43392697
13213,0.43392697
13214,0.43392697
13215,0.43392697
13216,0.43392697
13217,0.43392697
13218,0.43392697
13219,0.43392697
13220,0.43392697
13221,0.43392697
13222,0.43392697
13223,0.43392697
13224,0.43392697
13225,0.43392697
13226,0.43392697
13227,0.43392697
13228,0.43392697
13229,0.43392697
13230,0.43392697
13231,0.43392697
13232,0.43392697
13233,0.43392697
13234,0.43392697
13235,0.43392697
13236,0.43392697
13237,0.43392697
13238,0.43392697
13239,0.43392697
13240,0.43392697
13241,0.43392697
13242,0.43392697
13243,0.43392697
13244,0.43392697
13245,0.43392697
13246,0.43392697
13247,0.43392697
13248,0.43392697
13249,0.43392697
13250,0.43392697
13251,0.43392697
13252,0.43392697
13253,0.43392697
13254,0.43392697
13255,0.43392697
13256,0.43392697
13257,0.43392697
13258,0.43392697
13259,0.43392697
13260,0.43392697
13261,0.43392697
13262,0.43392697
13263,0.43392697
13264,0.43392697
13265,0.43392697
13266,0.43392697
13267,0.43392697
13268,0.43392697
13269,0.43392697
13270,0.43392697
13271,0.43392697
13272,0.43392697
13273,0.43392697
13274,0.43392697
13275,0.43392697
13276,0.43392697
13277,0.43392697
13278,0.43392697
13279,0.43392697
13280,0.43392697
13281,0.43392697
13282,0.43392697
13283,0.43392697
13284,0.43392697
13285,0.43392697
13286,0.43392697
13287,0.43392697
13288,0.43392697
13289,0.43392697
13290,0.43392697
13291,0.43392697
13292,0.43392697
13293,0.43392697
13294,0.43392697
13295,0.43392697
13296,0.43392697
13297,0.43392697
13298,0.43392697
13299,0.43392697
13300,0.43392697
13301,0.43392697
13302,0.43392697
13303,0.43392697
13304,0.43392697
13305,0.43392697
13306,0.43392697
13307,0.43392697
13308,0.43392697
13309,0.43392697
13310,0.43392697
13311,0.43392697
13312,0.43392697
13313,0.43392697
13314,0.43392697
13315,0.43392697
13316,0.43392697
13317,0.43392697
13318,0.43392697
13319,0.43392697
13320,0.43392697
13321,0.43392697
13322,0.43392697
13323,0.43392697
13324,0.43392697
13325,0.43392697
13326,0.43392697
13327,0.43392697
13328,0.43392697
13329,0.43392697
13330,0.43392697
13331,0.43392697
13332,0.43392697
13333,0.43392697
13334,0.43392697
13335,0.43392697
13336,0.43392697
13337,0.43392697
13338,0.43392697
13339,0.43392697
13340,0.43392697
13341,0.43392697
13342,0.43392697
13343,0.43392697
13344,0.43392697
13345,0.43392697
13346,0.43392697
13347,0.43392697
13348,0.43392697
13349,0.43392697
13350,0.43392697
13351,0.43392697
13352,0.43392697
13353,0.43392697
13354,0.43392697
13355,0.43392697
13356,0.43392697
13357,0.43392697
13358,0.43392697
13359,0.43392697
13360,0.43392697
13361,0.43392697
13362,0.43392697
13363,0.43392697
13364,0.43392697
13365,0.43392697
13366,0.43392697
13367,0.43392697
13368,0.43392697
13369,0.43392697
13370,0.43392697
13371,0.43392697
13372,0.43392697
13373,0.43392697
13374,0.43392697
13375,0.43392697
13376,0.43392697
13377,0.43392697
13378,0.43392697
13379,0.43392697
13380,0.43392697
13381,0.43392697
13382,0.43392697
13383,0.43392697
13384,0.43392697
13385,0.43392697
13386,0.43392697
13387,0.43392697
13388,0.43392697
13389,0.43392697
13390,0.43392697
13391,0.43392697
13392,0.43392697
13393,0.43392697
13394,0.43392697
13395,0.43392697
13396,0.43392697
13397,0.43392697
13398,0.43392697
13399,0.43392697
13400,0.43392697
13401,0.43392697
13402,0.43392697
13403,0.43392697
13404,0.43392697
13405,0.43392697
13406,0.43392697
13407,0.43392697
13408,0.43392697
13409,0.43392697
13410,0.43392697
13411,0.43392697
13412,0.43392697
13413,0.43392697
13414,0.43392697
13415,0.43392697
13416,0.43392697
13417,0.43392697
13418,0.43392697
13419,0.43392697
13420,0.43392697
13421,0.43392697
13422,0.43392697
13423,0.43392697
13424,0.43392697
13425,0.43392697
13426,0.43392697
13427,0.43392697
13428,0.43392697
13429,0.43392697
13430,0.43392697
13431,0.43392697
13432,0.43392697
13433,0.43392697
13434,0.43392697
13435,0.43392697
13436,0.43392697
13437,0.43392697
13438,0.43392697
13439,0.43392697
13440,0.43392697
13441,0.43392697
13442,0.43392697
13443,0.43392697
13444,0.43392697
13445,0.43392697
13446,0.43392697
13447,0.43392697
13448,0.43392697
13449,0.43392697
13450,0.43392697
13451,0.43392697
13452,0.43392697
13453,0.43392697
13454,0.43392697
13455,0.43392697
13456,0.43392697
13457,0.43392697
13458,0.43392697
13459,0.43392697
13460,0.43392697
13461,0.43392697
13462,0.43392697
13463,0.43392697
13464,0.43392697
13465,0.43392697
13466,0.43392697
13467,0.43392697
13468,0.43392697
13469,0.43392697
13470,0.43392697
13471,0.43392697
13472,0.43392697
13473,0.43392697
13474,0.43392697
13475,0.43392697
13476,0.43392697
13477,0.43392697
13478,0.43392697
13479,0.43392697
13480,0.43392697
13481,0.43392697
13482,0.43392697
13483,0.43392697
13484,0.43392697
13485,0.43392697
13486,0.43392697
13487,0.43392697
13488,0.43392697
13489,0.43392697
13490,0.43392697
13491,0.43392697
13492,0.43392697
13493,0.43392697
13494,0.43392697
13495,0.43392697
13496,0.43392697
13497,0.43392697
13498,0.43392697
13499,0.43392697
13500,0.43392697
13501,0.43392697
13502,0.43392697
13503,0.43392697
13504,0.43392697
13505,0.43392697
13506,0.43392697
13507,0.43392697
13508,0.43392697
13509,0.43392697
13510,0.43392697
13511,0.43392697
13512,0.43392697
13513,0.43392697
13514,0.43392697
13515,0.43392697
13516,0.43392697
13517,0.43392697
13518,0.43392697
13519,0.43392697
13520,0.43392697
13521,0.43392697
13522,0.43392697
13523,0.43392697
13524,0.43392697
13525,0.43392697
13526,0.43392697
13527,0.43392697
13528,0.43392697
13529,0.43392697
13530,0.43392697
13531,0.43392697
13532,0.43392697
13533,0.43392697
13534,0.43392697
13535,0.43392697
13536,0.43392697
13537,0.43392697
13538,0.43392697
13539,0.43392697
13540,0.43392697
13541,0.43392697
13542,0.43392697
13543,0.43392697
13544,0.43392697
13545,0.43392697
13546,0.43392697
13547,0.43392697
13548,0.43392697
13549,0.43392697
13550,0.43392697
13551,0.43392697
13552,0.43392697
13553,0.43392697
13554,0.43392697
13555,0.43392697
13556,0.43392697
13557,0.43392697
13558,0.43392697
13559,0.43392697
13560,0.43392697
13561,0.43392697
13562,0.43392697
13563,0.43392697
13564,0.43392697
13565,0.43392697
13566,0.43392697
13567,0.43392697
13568,0.43392697
13569,0.43392697
13570,0.43392697
13571,0.43392697
13572,0.43392697
13573,0.43392697
13574,0.43392697
13575,0.43392697
13576,0.43392697
13577,0.43392697
13578,0.43392697
13579,0.43392697
13580,0.43392697
13581,0.43392697
13582,0.43392697
13583,0.43392697
13584,0.43392697
13585,0.43392697
13586,0.43392697
13587,0.43392697
13588,0.43392697
13589,0.43392697
13590,0.43392697
13591,0.43392697
13592,0.43392697
13593,0.43392697
13594,0.43392697
13595,0.43392697
13596,0.43392697
13597,0.43392697
13598,0.43392697
13599,0.43392697
13600,0.43392697
13601,0.43392697
13602,0.43392697
13603,0.43392697
13604,0.43392697
13605,0.43392697
13606,0.43392697
13607,0.43392697
13608,0.43392697
13609,0.43392697
13610,0.43392697
13611,0.43392697
13612,0.43392697
13613,0.43392697
13614,0.43392697
13615,0.43392697
13616,0.43392697
13617,0.43392697
13618,0.43392697
13619,0.43392697
13620,0.43392697
13621,0.43392697
13622,0.43392697
13623,0.43392697
13624,0.43392697
13625,0.43392697
13626,0.43392697
13627,0.43392697
13628,0.43392697
13629,0.43392697
13630,0.43392697
13631,0.43392697
13632,0.43392697
13633,0.43392697
13634,0.43392697
13635,0.43392697
13636,0.43392697
13637,0.43392697
13638,0.43392697
13639,0.43392697
13640,0.43392697
13641,0.43392697
13642,0.43392697
13643,0.43392697
13644,0.43392697
13645,0.43392697
13646,0.43392697
13647,0.43392697
13648,0.43392697
13649,0.43392697
13650,0.43392697
13651,0.43392697
13652,0.43392697
13653,0.43392697
13654,0.43392697
13655,0.43392697
13656,0.43392697
13657,0.43392697
13658,0.43392697
13659,0.43392697
13660,0.43392697
13661,0.43392697
13662,0.43392697
13663,0.43392697
13664,0.43392697
13665,0.43392697
13666,0.43392697
13667,0.43392697
13668,0.43392697
13669,0.43392697
13670,0.43392697
13671,0.43392697
13672,0.43392697
13673,0.43392697
13674,0.43392697
13675,0.43392697
13676,0.43392697
13677,0.43392697
13678,0.43392697
13679,0.43392697
13680,0.43392697
13681,0.43392697
13682,0.43392697
13683,0.43392697
13684,0.43392697
13685,0.43392697
13686,0.43392697
13687,0.43392697
13688,0.43392697
13689,0.43392697
13690,0.43392697
13691,0.43392697
13692,0.43392697
13693,0.43392697
13694,0.43392697
13695,0.43392697
13696,0.43392697
13697,0.43392697
13698,0.43392697
13699,0.43392697
13700,0.43392697
13701,0.43392697
13702,0.43392697
13703,0.43392697
13704,0.43392697
13705,0.43392697
13706,0.43392697
13707,0.43392697
13708,0.43392697
13709,0.43392697
13710,0.43392697
13711,0.43392697
13712,0.43392697
13713,0.43392697
13714,0.43392697
13715,0.43392697
13716,0.43392697
13717,0.43392697
13718,0.43392697
13719,0.43392697
13720,0.43392697
13721,0.43392697
13722,0.43392697
13723,0.43392697
13724,0.43392697
13725,0.43392697
13726,0.43392697
13727,0.43392697
13728,0.43392697
13729,0.43392697
13730,0.43392697
13731,0.43392697
13732,0.43392697
13733,0.43392697
13734,0.43392697
13735,0.43392697
13736,0.43392697
13737,0.43392697
13738,0.43392697
13739,0.43392697
13740,0.43392697
13741,0.43392697
13742,0.43392697
13743,0.43392697
13744,0.43392697
13745,0.43392697
13746,0.43392697
13747,0.43392697
13748,0.43392697
13749,0.43392697
13750,0.43392697
13751,0.43392697
13752,0.43392697
13753,0.43392697
13754,0.43392697
13755,0.43392697
13756,0.43392697
13757,0.43392697
13758,0.43392697
13759,0.43392697
13760,0.43392697
13761,0.43392697
13762,0.43392697
13763,0.43392697
13764,0.43392697
13765,0.43392697
13766,0.43392697
13767,0.43392697
13768,0.43392697
13769,0.43392697
13770,0.43392697
13771,0.43392697
13772,0.43392697
13773,0.43392697
13774,0.43392697
13775,0.43392697
13776,0.43392697
13777,0.43392697
13778,0.43392697
13779,0.43392697
13780,0.43392697
13781,0.43392697
13782,0.43392697
13783,0.43392697
13784,0.43392697
13785,0.43392697
13786,0.43392697
13787,0.43392697
13788,0.43392697
13789,0.43392697
13790,0.43392697
13791,0.43392697
13792,0.43392697
13793,0.43392697
13794,0.43392697
13795,0.43392697
13796,0.43392697
13797,0.43392697
13798,0.43392697
13799,0.43392697
13800,0.43392697
13801,0.43392697
13802,0.43392697
13803,0.43392697
13804,0.43392697
13805,0.43392697
13806,0.43392697
13807,0.43392697
13808,0.43392697
13809,0.43392697
13810,0.43392697
13811,0.43392697
13812,0.43392697
13813,0.43392697
13814,0.43392697
13815,0.43392697
13816,0.43392697
13817,0.43392697
13818,0.43392697
13819,0.43392697
13820,0.43392697
13821,0.43392697
13822,0.43392697
13823,0.43392697
13824,0.43392697
13825,0.43392697
13826,0.43392697
13827,0.43392697
13828,0.43392697
13829,0.43392697
13830,0.43392697
13831,0.43392697
13832,0.43392697
13833,0.43392697
13834,0.43392697
13835,0.43392697
13836,0.43392697
13837,0.43392697
13838,0.43392697
13839,0.43392697
13840,0.43392697
13841,0.43392697
13842,0.43392697
13843,0.43392697
13844,0.43392697
13845,0.43392697
13846,0.43392697
13847,0.43392697
13848,0.43392697
13849,0.43392697
13850,0.43392697
13851,0.43392697
13852,0.43392697
13853,0.43392697
13854,0.43392697
13855,0.43392697
13856,0.43392697
13857,0.43392697
13858,0.43392697
13859,0.43392697
13860,0.43392697
13861,0.43392697
13862,0.43392697
13863,0.43392697
13864,0.43392697
13865,0.43392697
13866,0.43392697
13867,0.43392697
13868,0.43392697
13869,0.43392697
13870,0.43392697
13871,0.43392697
13872,0.43392697
13873,0.43392697
13874,0.43392697
13875,0.43392697
13876,0.43392697
13877,0.43392697
13878,0.43392697
13879,0.43392697
13880,0.43392697
13881,0.43392697
13882,0.43392697
13883,0.43392697
13884,0.43392697
13885,0.43392697
13886,0.43392697
13887,0.43392697
13888,0.43392697
13889,0.43392697
13890,0.43392697
13891,0.43392697
13892,0.43392697
13893,0.43392697
13894,0.43392697
13895,0.43392697
13896,0.43392697
13897,0.43392697
13898,0.43392697
13899,0.43392697
13900,0.43392697
13901,0.43392697
13902,0.43392697
13903,0.43392697
13904,0.43392697
13905,0.43392697
13906,0.43392697
13907,0.43392697
13908,0.43392697
13909,0.43392697
13910,0.43392697
13911,0.43392697
13912,0.43392697
13913,0.43392697
13914,0.43392697
13915,0.43392697
13916,0.43392697
13917,0.43392697
13918,0.43392697
13919,0.43392697
13920,0.43392697
13921,0.43392697
13922,0.43392697
13923,0.43392697
13924,0.43392697
13925,0.43392697
13926,0.43392697
13927,0.43392697
13928,0.43392697
13929,0.43392697
13930,0.43392697
13931,0.43392697
13932,0.43392697
13933,0.43392697
13934,0.43392697
13935,0.43392697
13936,0.43392697
13937,0.43392697
13938,0.43392697
13939,0.43392697
13940,0.43392697
13941,0.43392697
13942,0.43392697
13943,0.43392697
13944,0.43392697
13945,0.43392697
13946,0.43392697
13947,0.43392697
13948,0.43392697
13949,0.43392697
13950,0.43392697
13951,0.43392697
13952,0.43392697
13953,0.43392697
13954,0.43392697
13955,0.43392697
13956,0.43392697
13957,0.43392697
13958,0.43392697
13959,0.43392697
13960,0.43392697
13961,0.43392697
13962,0.43392697
13963,0.43392697
13964,0.43392697
13965,0.43392697
13966,0.43392697
13967,0.43392697
13968,0.43392697
13969,0.43392697
13970,0.43392697
13971,0.43392697
13972,0.43392697
13973,0.43392697
13974,0.43392697
13975,0.43392697
13976,0.43392697
13977,0.43392697
13978,0.43392697
13979,0.43392697
13980,0.43392697
13981,0.43392697
13982,0.43392697
13983,0.43392697
13984,0.43392697
13985,0.43392697
13986,0.43392697
13987,0.43392697
13988,0.43392697
13989,0.43392697
13990,0.43392697
13991,0.43392697
13992,0.43392697
13993,0.43392697
13994,0.43392697
13995,0.43392697
13996,0.43392697
13997,0.43392697
13998,0.43392697
13999,0.43392697
14000,0.43392697
14001,0.43392697
14002,0.43392697
14003,0.43392697
14004,0.43392697
14005,0.43392697
14006,0.43392697
14007,0.43392697
14008,0.43392697
14009,0.43392697
14010,0.43392697
14011,0.43392697
14012,0.43392697
14013,0.43392697
14014,0.43392697
14015,0.43392697
14016,0.43392697
14017,0.43392697
14018,0.43392697
14019,0.43392697
14020,0.43392697
14021,0.43392697
14022,0.43392697
14023,0.43392697
14024,0.43392697
14025,0.43392697
14026,0.43392697
14027,0.43392697
14028,0.43392697
14029,0.43392697
14030,0.43392697
14031,0.43392697
14032,0.43392697
14033,0.43392697
14034,0.43392697
14035,0.43392697
14036,0.43392697
14037,0.43392697
14038,0.43392697
14039,0.43392697
14040,0.43392697
14041,0.43392697
14042,0.43392697
14043,0.43392697
14044,0.43392697
14045,0.43392697
14046,0.43392697
14047,0.43392697
14048,0.43392697
14049,0.43392697
14050,0.43392697
14051,0.43392697
14052,0.43392697
14053,0.43392697
14054,0.43392697
14055,0.43392697
14056,0.43392697
14057,0.43392697
14058,0.43392697
14059,0.43392697
14060,0.43392697
14061,0.43392697
14062,0.43392697
14063,0.43392697
14064,0.43392697
14065,0.43392697
14066,0.43392697
14067,0.43392697
14068,0.43392697
14069,0.43392697
14070,0.43392697
14071,0.43392697
14072,0.43392697
14073,0.43392697
14074,0.43392697
14075,0.43392697
14076,0.43392697
14077,0.43392697
14078,0.43392697
14079,0.43392697
14080,0.43392697
14081,0.43392697
14082,0.43392697
14083,0.43392697
14084,0.43392697
14085,0.43392697
14086,0.43392697
14087,0.43392697
14088,0.43392697
14089,0.43392697
14090,0.43392697
14091,0.43392697
14092,0.43392697
14093,0.43392697
14094,0.43392697
14095,0.43392697
14096,0.43392697
14097,0.43392697
14098,0.43392697
14099,0.43392697
14100,0.43392697
14101,0.43392697
14102,0.43392697
14103,0.43392697
14104,0.43392697
14105,0.43392697
14106,0.43392697
14107,0.43392697
14108,0.43392697
14109,0.43392697
14110,0.43392697
14111,0.43392697
14112,0.43392697
14113,0.43392697
14114,0.43392697
14115,0.43392697
14116,0.43392697
14117,0.43392697
14118,0.43392697
14119,0.43392697
14120,0.43392697
14121,0.43392697
14122,0.43392697
14123,0.43392697
14124,0.43392697
14125,0.43392697
14126,0.43392697
14127,0.43392697
14128,0.43392697
14129,0.43392697
14130,0.43392697
14131,0.43392697
14132,0.43392697
14133,0.43392697
14134,0.43392697
14135,0.43392697
14136,0.43392697
14137,0.43392697
14138,0.43392697
14139,0.43392697
14140,0.43392697
14141,0.43392697
14142,0.43392697
14143,0.43392697
14144,0.43392697
14145,0.43392697
14146,0.43392697
14147,0.43392697
14148,0.43392697
14149,0.43392697
14150,0.43392697
14151,0.43392697
14152,0.43392697
14153,0.43392697
14154,0.43392697
14155,0.43392697
14156,0.43392697
14157,0.43392697
14158,0.43392697
14159,0.43392697
14160,0.43392697
14161,0.43392697
14162,0.43392697
14163,0.43392697
14164,0.43392697
14165,0.43392697
14166,0.43392697
14167,0.43392697
14168,0.43392697
14169,0.43392697
14170,0.43392697
14171,0.43392697
14172,0.43392697
14173,0.43392697
14174,0.43392697
14175,0.43392697
14176,0.43392697
14177,0.43392697
14178,0.43392697
14179,0.43392697
14180,0.43392697
14181,0.43392697
14182,0.43392697
14183,0.43392697
14184,0.43392697
14185,0.43392697
14186,0.43392697
14187,0.43392697
14188,0.43392697
14189,0.43392697
14190,0.43392697
14191,0.43392697
14192,0.43392697
14193,0.43392697
14194,0.43392697
14195,0.43392697
14196,0.43392697
14197,0.43392697
14198,0.43392697
14199,0.43392697
14200,0.43392697
14201,0.43392697
14202,0.43392697
14203,0.43392697
14204,0.43392697
14205,0.43392697
14206,0.43392697
14207,0.43392697
14208,0.43392697
14209,0.43392697
14210,0.43392697
14211,0.43392697
14212,0.43392697
14213,0.43392697
14214,0.43392697
14215,0.43392697
14216,0.43392697
14217,0.43392697
14218,0.43392697
14219,0.43392697
14220,0.43392697
14221,0.43392697
14222,0.43392697
14223,0.43392697
14224,0.43392697
14225,0.43392697
14226,0.43392697
14227,0.43392697
14228,0.43392697
14229,0.43392697
14230,0.43392697
14231,0.43392697
14232,0.43392697
14233,0.43392697
14234,0.43392697
14235,0.43392697
14236,0.43392697
14237,0.43392697
14238,0.43392697
14239,0.43392697
14240,0.43392697
14241,0.43392697
14242,0.43392697
14243,0.43392697
14244,0.43392697
14245,0.43392697
14246,0.43392697
14247,0.43392697
14248,0.43392697
14249,0.43392697
14250,0.43392697
14251,0.43392697
14252,0.43392697
14253,0.43392697
14254,0.43392697
14255,0.43392697
14256,0.43392697
14257,0.43392697
14258,0.43392697
14259,0.43392697
14260,0.43392697
14261,0.43392697
14262,0.43392697
14263,0.43392697
14264,0.43392697
14265,0.43392697
14266,0.43392697
14267,0.43392697
14268,0.43392697
14269,0.43392697
14270,0.43392697
14271,0.43392697
14272,0.43392697
14273,0.43392697
14274,0.43392697
14275,0.43392697
14276,0.43392697
14277,0.43392697
14278,0.43392697
14279,0.43392697
14280,0.43392697
14281,0.43392697
14282,0.43392697
14283,0.43392697
14284,0.43392697
14285,0.43392697
14286,0.43392697
14287,0.43392697
14288,0.43392697
14289,0.43392697
14290,0.43392697
14291,0.43392697
14292,0.43392697
14293,0.43392697
14294,0.43392697
14295,0.43392697
14296,0.43392697
14297,0.43392697
14298,0.43392697
14299,0.43392697
14300,0.43392697
14301,0.43392697
14302,0.43392697
14303,0.43392697
14304,0.43392697
14305,0.43392697
14306,0.43392697
14307,0.43392697
14308,0.43392697
14309,0.43392697
14310,0.43392697
14311,0.43392697
14312,0.43392697
14313,0.43392697
14314,0.43392697
14315,0.43392697
14316,0.43392697
14317,0.43392697
14318,0.43392697
14319,0.43392697
14320,0.43392697
14321,0.43392697
14322,0.43392697
14323,0.43392697
14324,0.43392697
14325,0.43392697
14326,0.43392697
14327,0.43392697
14328,0.43392697
14329,0.43392697
14330,0.43392697
14331,0.43392697
14332,0.43392697
14333,0.43392697
14334,0.43392697
14335,0.43392697
14336,0.43392697
14337,0.43392697
14338,0.43392697
14339,0.43392697
14340,0.43392697
14341,0.43392697
14342,0.43392697
14343,0.43392697
14344,0.43392697
14345,0.43392697
14346,0.43392697
14347,0.43392697
14348,0.43392697
14349,0.43392697
14350,0.43392697
14351,0.43392697
14352,0.43392697
14353,0.43392697
14354,0.43392697
14355,0.43392697
14356,0.43392697
14357,0.43392697
14358,0.43392697
14359,0.43392697
14360,0.43392697
14361,0.43392697
14362,0.43392697
14363,0.43392697
14364,0.43392697
14365,0.43392697
14366,0.43392697
14367,0.43392697
14368,0.43392697
14369,0.43392697
14370,0.43392697
14371,0.43392697
14372,0.43392697
14373,0.43392697
14374,0.43392697
14375,0.43392697
14376,0.43392697
14377,0.43392697
14378,0.43392697
14379,0.43392697
14380,0.43392697
14381,0.43392697
14382,0.43392697
14383,0.43392697
14384,0.43392697
14385,0.43392697
14386,0.43392697
14387,0.43392697
14388,0.43392697
14389,0.43392697
14390,0.43392697
14391,0.43392697
14392,0.43392697
14393,0.43392697
14394,0.43392697
14395,0.43392697
14396,0.43392697
14397,0.43392697
14398,0.43392697
14399,0.43392697
14400,0.43392697
